order_id,customer_id,order_date,order_status
10001,934,2026-05-18,Delivered
10002,315,2026-01-08,Delivered
10003,331,2025-09-02,Processing
10004,304,2025-06-18,Delivered
10005,463,2026-02-22,Delivered
10006,45,2025-12-22,Delivered
10007,17,2026-04-23,Delivered
10008,29,2025-05-05,Delivered
10009,271,2026-06-21,Delivered
10010,136,2026-02-06,Delivered
10011,443,2026-06-01,Delivered
10012,989,2026-06-15,Delivered
10013,221,2025-09-11,Delivered
10014,384,2025-05-01,Delivered
10015,246,2025-02-01,Delivered
10016,775,2025-02-06,Delivered
10017,856,2025-12-08,Shipped
10018,820,2025-01-13,Processing
10019,963,2025-07-02,Delivered
10020,14,2025-09-22,Delivered
10021,764,2025-03-29,Delivered
10022,634,2026-04-07,Delivered
10023,113,2025-02-15,Delivered
10024,936,2026-01-27,Delivered
10025,73,2025-04-29,Shipped
10026,528,2026-06-15,Delivered
10027,111,2026-03-23,Delivered
10028,260,2025-02-15,Processing
10029,586,2026-05-23,Delivered
10030,375,2026-06-10,Delivered
10031,257,2025-01-03,Returned
10032,169,2025-01-28,Cancelled
10033,764,2026-01-16,Shipped
10034,71,2025-06-06,Delivered
10035,259,2026-05-26,Delivered
10036,859,2025-11-29,Cancelled
10037,773,2025-04-24,Delivered
10038,234,2026-01-24,Processing
10039,651,2026-05-02,Delivered
10040,740,2025-09-07,Delivered
10041,837,2025-11-11,Returned
10042,358,2025-08-27,Delivered
10043,101,2025-08-22,Delivered
10044,126,2025-10-30,Delivered
10045,146,2025-11-30,Delivered
10046,401,2025-04-23,Delivered
10047,17,2025-12-28,Delivered
10048,464,2025-04-07,Delivered
10049,202,2025-01-16,Shipped
10050,146,2026-01-11,Delivered
10051,823,2026-01-25,Returned
10052,285,2025-08-05,Delivered
10053,47,2026-02-03,Delivered
10054,745,2025-09-17,Delivered
10055,24,2025-11-16,Shipped
10056,597,2025-07-15,Returned
10057,667,2026-04-23,Processing
10058,192,2026-02-22,Delivered
10059,742,2026-04-20,Delivered
10060,333,2026-06-28,Processing
10061,288,2025-08-19,Cancelled
10062,23,2026-06-05,Returned
10063,143,2025-07-19,Delivered
10064,899,2025-01-21,Returned
10065,226,2025-11-07,Delivered
10066,360,2026-03-10,Delivered
10067,347,2026-01-06,Delivered
10068,398,2025-03-19,Delivered
10069,31,2026-06-26,Shipped
10070,200,2025-10-12,Processing
10071,592,2025-05-20,Shipped
10072,99,2025-10-09,Delivered
10073,101,2025-09-15,Delivered
10074,5,2025-12-26,Shipped
10075,265,2026-03-16,Delivered
10076,828,2025-09-27,Processing
10077,26,2025-05-14,Delivered
10078,94,2025-04-14,Shipped
10079,155,2025-04-05,Delivered
10080,605,2026-04-25,Cancelled
10081,470,2025-08-29,Delivered
10082,247,2025-01-13,Delivered
10083,645,2025-05-27,Shipped
10084,425,2025-04-05,Delivered
10085,847,2025-10-20,Cancelled
10086,732,2025-01-25,Delivered
10087,125,2025-09-29,Delivered
10088,134,2026-05-20,Cancelled
10089,62,2025-06-15,Delivered
10090,178,2025-03-28,Delivered
10091,1000,2026-05-06,Delivered
10092,238,2025-05-21,Delivered
10093,109,2025-04-13,Delivered
10094,650,2025-08-14,Delivered
10095,356,2025-10-21,Processing
10096,74,2025-11-02,Shipped
10097,216,2025-09-11,Delivered
10098,245,2025-06-29,Shipped
10099,637,2025-02-09,Delivered
10100,11,2026-06-04,Delivered
10101,133,2026-06-30,Delivered
10102,335,2025-08-24,Delivered
10103,133,2026-04-08,Shipped
10104,452,2025-08-16,Delivered
10105,304,2026-04-28,Delivered
10106,200,2026-03-06,Shipped
10107,926,2025-01-22,Shipped
10108,458,2025-12-09,Delivered
10109,64,2025-02-09,Shipped
10110,372,2025-06-22,Delivered
10111,677,2026-03-15,Cancelled
10112,571,2025-06-28,Delivered
10113,85,2025-05-13,Processing
10114,960,2025-12-17,Delivered
10115,275,2026-06-09,Delivered
10116,79,2026-06-24,Delivered
10117,89,2026-05-21,Delivered
10118,49,2025-03-25,Shipped
10119,711,2026-04-09,Delivered
10120,60,2025-12-09,Processing
10121,62,2025-10-07,Delivered
10122,780,2025-09-20,Shipped
10123,185,2025-06-15,Delivered
10124,16,2025-10-20,Returned
10125,26,2026-05-24,Processing
10126,70,2025-08-14,Shipped
10127,105,2025-06-19,Delivered
10128,507,2026-03-24,Delivered
10129,78,2026-05-17,Delivered
10130,59,2026-06-11,Delivered
10131,653,2026-01-14,Delivered
10132,515,2025-07-20,Delivered
10133,264,2025-09-07,Delivered
10134,362,2026-02-13,Delivered
10135,156,2025-05-05,Delivered
10136,304,2025-04-23,Processing
10137,325,2025-05-17,Delivered
10138,222,2026-05-11,Shipped
10139,863,2025-05-30,Delivered
10140,8,2025-12-09,Delivered
10141,679,2025-11-17,Delivered
10142,62,2026-06-16,Shipped
10143,702,2025-10-16,Delivered
10144,434,2026-05-04,Processing
10145,769,2026-05-07,Delivered
10146,48,2025-09-09,Delivered
10147,371,2025-03-18,Shipped
10148,321,2026-01-27,Delivered
10149,567,2026-02-16,Shipped
10150,349,2025-06-22,Delivered
10151,355,2025-07-20,Delivered
10152,259,2025-08-05,Shipped
10153,154,2026-01-11,Returned
10154,304,2025-01-11,Delivered
10155,59,2025-01-12,Processing
10156,944,2026-03-11,Delivered
10157,579,2026-01-08,Processing
10158,930,2025-09-30,Delivered
10159,112,2026-05-24,Delivered
10160,823,2025-05-12,Delivered
10161,718,2025-11-15,Delivered
10162,524,2025-06-17,Delivered
10163,447,2026-02-01,Delivered
10164,160,2025-06-29,Delivered
10165,730,2025-02-27,Returned
10166,321,2026-04-25,Delivered
10167,35,2026-04-05,Delivered
10168,157,2025-03-02,Delivered
10169,905,2026-01-04,Cancelled
10170,780,2025-05-01,Delivered
10171,974,2026-06-30,Delivered
10172,452,2025-01-17,Delivered
10173,122,2026-05-11,Delivered
10174,81,2026-05-12,Delivered
10175,92,2026-05-20,Delivered
10176,10,2026-06-16,Delivered
10177,225,2025-11-11,Delivered
10178,95,2025-03-10,Delivered
10179,243,2025-06-10,Delivered
10180,905,2025-05-25,Delivered
10181,259,2026-01-20,Cancelled
10182,821,2025-09-26,Cancelled
10183,419,2026-03-30,Delivered
10184,122,2026-06-02,Delivered
10185,195,2025-12-16,Delivered
10186,42,2025-04-20,Delivered
10187,175,2026-04-28,Delivered
10188,525,2026-02-11,Delivered
10189,36,2025-02-20,Cancelled
10190,101,2026-02-07,Processing
10191,217,2026-04-21,Delivered
10192,974,2025-03-28,Delivered
10193,683,2025-03-09,Cancelled
10194,607,2025-02-11,Cancelled
10195,58,2025-02-26,Returned
10196,677,2025-07-15,Delivered
10197,684,2025-03-03,Delivered
10198,412,2025-09-20,Delivered
10199,986,2025-04-22,Delivered
10200,168,2025-06-27,Delivered
10201,914,2025-01-26,Delivered
10202,875,2026-02-14,Cancelled
10203,6,2026-06-15,Processing
10204,276,2025-11-13,Delivered
10205,967,2026-06-16,Cancelled
10206,51,2025-04-16,Delivered
10207,361,2026-04-09,Processing
10208,969,2025-09-03,Delivered
10209,368,2025-03-22,Delivered
10210,94,2026-01-31,Delivered
10211,391,2026-06-06,Delivered
10212,101,2025-09-21,Delivered
10213,337,2025-10-01,Delivered
10214,37,2025-06-21,Returned
10215,419,2025-09-22,Delivered
10216,334,2025-01-26,Delivered
10217,617,2026-04-14,Delivered
10218,456,2026-04-21,Delivered
10219,363,2025-12-22,Delivered
10220,543,2025-01-26,Shipped
10221,71,2025-02-03,Delivered
10222,404,2025-09-21,Delivered
10223,85,2025-05-18,Shipped
10224,891,2026-04-07,Delivered
10225,34,2025-06-17,Delivered
10226,259,2025-03-22,Cancelled
10227,552,2026-02-11,Delivered
10228,283,2025-02-15,Delivered
10229,46,2025-02-22,Cancelled
10230,366,2026-04-21,Delivered
10231,472,2025-01-16,Delivered
10232,564,2025-12-26,Returned
10233,210,2026-05-02,Delivered
10234,375,2026-05-17,Delivered
10235,277,2025-05-21,Processing
10236,517,2026-03-23,Processing
10237,392,2025-10-17,Delivered
10238,342,2025-07-28,Delivered
10239,123,2026-04-20,Processing
10240,1,2026-02-17,Shipped
10241,86,2026-03-03,Delivered
10242,58,2026-01-06,Delivered
10243,275,2025-10-17,Delivered
10244,429,2026-03-08,Processing
10245,105,2025-09-25,Cancelled
10246,911,2025-05-31,Returned
10247,4,2025-09-12,Processing
10248,665,2025-12-19,Delivered
10249,448,2026-01-12,Delivered
10250,210,2025-12-24,Shipped
10251,25,2026-01-05,Shipped
10252,451,2025-08-15,Delivered
10253,220,2025-10-30,Delivered
10254,906,2026-01-24,Cancelled
10255,356,2026-01-12,Delivered
10256,911,2025-04-28,Delivered
10257,109,2025-01-05,Delivered
10258,596,2026-03-20,Delivered
10259,436,2025-12-18,Delivered
10260,616,2026-06-17,Processing
10261,106,2025-05-04,Delivered
10262,506,2025-10-04,Delivered
10263,318,2026-01-29,Delivered
10264,621,2025-12-26,Shipped
10265,170,2026-04-14,Returned
10266,838,2025-02-26,Processing
10267,42,2025-09-08,Cancelled
10268,716,2025-05-30,Delivered
10269,796,2026-03-28,Delivered
10270,731,2025-06-11,Delivered
10271,331,2025-04-30,Delivered
10272,266,2025-12-17,Processing
10273,995,2025-04-09,Delivered
10274,113,2025-06-16,Returned
10275,360,2026-05-29,Delivered
10276,515,2026-02-05,Delivered
10277,559,2025-12-31,Delivered
10278,101,2025-11-22,Delivered
10279,490,2025-09-04,Delivered
10280,733,2026-03-10,Delivered
10281,25,2025-04-03,Delivered
10282,870,2025-09-25,Delivered
10283,15,2025-11-17,Delivered
10284,195,2025-03-03,Delivered
10285,8,2025-10-27,Delivered
10286,38,2026-02-07,Delivered
10287,869,2025-10-30,Delivered
10288,194,2025-09-10,Delivered
10289,254,2026-04-23,Delivered
10290,106,2026-01-04,Delivered
10291,406,2025-06-09,Delivered
10292,403,2025-06-15,Shipped
10293,209,2025-07-24,Delivered
10294,175,2025-09-24,Processing
10295,831,2025-05-18,Delivered
10296,218,2026-01-03,Delivered
10297,314,2026-03-19,Processing
10298,140,2025-01-17,Delivered
10299,686,2025-03-09,Shipped
10300,231,2025-05-13,Delivered
10301,331,2026-03-06,Delivered
10302,125,2025-11-04,Shipped
10303,982,2025-06-23,Delivered
10304,144,2026-02-16,Delivered
10305,662,2025-04-07,Delivered
10306,257,2025-06-03,Delivered
10307,102,2025-08-30,Delivered
10308,705,2025-10-31,Delivered
10309,175,2025-10-12,Shipped
10310,802,2025-01-27,Shipped
10311,876,2026-02-06,Delivered
10312,794,2025-12-26,Returned
10313,18,2025-03-01,Delivered
10314,687,2025-07-21,Delivered
10315,243,2026-01-05,Processing
10316,814,2026-06-17,Shipped
10317,466,2025-06-01,Shipped
10318,755,2025-04-12,Delivered
10319,319,2026-03-22,Delivered
10320,350,2025-08-17,Processing
10321,71,2025-05-05,Delivered
10322,682,2025-08-24,Shipped
10323,250,2025-06-11,Delivered
10324,320,2025-12-19,Processing
10325,684,2025-03-09,Delivered
10326,409,2025-06-22,Delivered
10327,99,2025-09-18,Delivered
10328,398,2025-08-05,Shipped
10329,239,2025-05-04,Shipped
10330,293,2025-06-11,Delivered
10331,14,2025-07-20,Delivered
10332,104,2026-03-30,Delivered
10333,139,2026-02-06,Delivered
10334,577,2026-04-07,Delivered
10335,6,2025-10-02,Delivered
10336,240,2025-07-25,Delivered
10337,888,2025-02-09,Delivered
10338,56,2025-09-30,Shipped
10339,334,2025-04-03,Shipped
10340,686,2025-02-11,Delivered
10341,916,2026-04-10,Delivered
10342,627,2026-01-14,Cancelled
10343,588,2025-04-17,Shipped
10344,745,2025-11-24,Delivered
10345,273,2025-03-06,Processing
10346,714,2025-12-31,Delivered
10347,4,2026-04-29,Delivered
10348,889,2025-01-24,Delivered
10349,270,2026-06-24,Delivered
10350,366,2025-03-03,Cancelled
10351,126,2026-05-06,Delivered
10352,621,2025-09-30,Delivered
10353,38,2025-08-17,Cancelled
10354,813,2025-01-20,Cancelled
10355,747,2025-01-03,Shipped
10356,107,2026-02-25,Delivered
10357,719,2025-11-03,Delivered
10358,685,2026-03-08,Shipped
10359,458,2025-05-16,Delivered
10360,210,2026-05-30,Delivered
10361,134,2025-07-12,Delivered
10362,114,2026-02-19,Delivered
10363,162,2025-04-28,Delivered
10364,858,2025-07-28,Delivered
10365,39,2025-02-03,Delivered
10366,748,2025-11-14,Delivered
10367,189,2025-04-30,Delivered
10368,338,2026-06-09,Delivered
10369,697,2025-03-30,Shipped
10370,830,2026-05-27,Processing
10371,185,2025-02-16,Delivered
10372,287,2026-06-06,Delivered
10373,245,2025-10-11,Delivered
10374,7,2026-01-12,Delivered
10375,146,2025-05-14,Delivered
10376,284,2025-09-05,Delivered
10377,242,2025-11-14,Shipped
10378,590,2026-03-12,Delivered
10379,220,2025-06-25,Delivered
10380,310,2025-12-17,Delivered
10381,259,2025-05-23,Shipped
10382,618,2026-02-02,Delivered
10383,798,2026-01-04,Shipped
10384,347,2026-05-16,Delivered
10385,690,2026-01-05,Shipped
10386,146,2026-01-17,Cancelled
10387,356,2025-03-27,Cancelled
10388,185,2026-04-05,Delivered
10389,245,2025-11-21,Delivered
10390,606,2026-06-06,Delivered
10391,826,2026-05-04,Cancelled
10392,60,2026-02-01,Delivered
10393,462,2025-12-21,Delivered
10394,391,2025-10-15,Delivered
10395,59,2026-04-04,Delivered
10396,105,2026-06-20,Delivered
10397,156,2025-10-18,Delivered
10398,83,2025-06-17,Delivered
10399,120,2026-03-04,Delivered
10400,132,2026-05-05,Cancelled
10401,177,2025-12-21,Shipped
10402,631,2025-07-15,Processing
10403,382,2026-06-29,Delivered
10404,980,2025-01-11,Shipped
10405,246,2025-09-13,Delivered
10406,637,2026-01-31,Delivered
10407,811,2026-02-13,Delivered
10408,527,2025-12-28,Delivered
10409,243,2025-09-16,Delivered
10410,637,2025-01-03,Returned
10411,101,2025-03-25,Delivered
10412,170,2025-06-05,Delivered
10413,360,2025-06-25,Delivered
10414,385,2026-04-17,Delivered
10415,11,2026-02-28,Delivered
10416,920,2025-05-14,Delivered
10417,553,2026-01-15,Shipped
10418,316,2025-10-04,Delivered
10419,902,2025-08-24,Delivered
10420,267,2025-01-13,Shipped
10421,972,2025-12-08,Cancelled
10422,330,2025-02-04,Processing
10423,57,2025-08-02,Delivered
10424,654,2026-02-16,Delivered
10425,527,2026-02-09,Delivered
10426,666,2026-05-09,Shipped
10427,929,2025-06-08,Processing
10428,671,2025-04-20,Delivered
10429,427,2026-06-10,Delivered
10430,790,2025-12-13,Shipped
10431,519,2025-10-06,Delivered
10432,240,2026-04-24,Delivered
10433,832,2025-04-21,Delivered
10434,110,2026-03-07,Delivered
10435,580,2026-06-26,Returned
10436,826,2025-04-25,Delivered
10437,604,2025-03-31,Delivered
10438,554,2025-07-31,Delivered
10439,636,2026-06-23,Delivered
10440,289,2025-12-26,Delivered
10441,815,2026-05-01,Delivered
10442,101,2026-01-07,Delivered
10443,63,2025-08-03,Shipped
10444,141,2025-01-15,Shipped
10445,347,2025-09-16,Delivered
10446,329,2026-04-08,Delivered
10447,736,2025-04-30,Returned
10448,237,2025-05-08,Delivered
10449,306,2026-06-07,Shipped
10450,7,2025-11-21,Delivered
10451,241,2025-11-16,Shipped
10452,481,2026-05-21,Shipped
10453,8,2026-06-10,Delivered
10454,139,2025-02-19,Processing
10455,103,2025-03-10,Cancelled
10456,21,2026-01-26,Delivered
10457,302,2026-01-18,Delivered
10458,90,2025-01-16,Delivered
10459,622,2026-03-15,Shipped
10460,776,2025-05-12,Delivered
10461,359,2025-09-05,Delivered
10462,974,2025-09-30,Delivered
10463,277,2025-12-15,Shipped
10464,331,2026-04-29,Delivered
10465,985,2025-12-23,Delivered
10466,114,2025-11-14,Shipped
10467,916,2025-02-17,Delivered
10468,22,2025-01-10,Delivered
10469,273,2025-08-21,Delivered
10470,35,2025-02-05,Delivered
10471,601,2026-02-17,Delivered
10472,423,2026-04-07,Delivered
10473,568,2025-01-04,Delivered
10474,211,2025-02-13,Delivered
10475,206,2025-09-12,Delivered
10476,23,2025-04-24,Delivered
10477,189,2026-02-01,Returned
10478,896,2025-06-23,Delivered
10479,215,2025-09-12,Processing
10480,752,2026-04-11,Processing
10481,768,2025-10-04,Delivered
10482,210,2026-04-09,Shipped
10483,458,2026-05-17,Delivered
10484,47,2026-03-17,Shipped
10485,51,2025-03-10,Delivered
10486,24,2026-05-24,Processing
10487,390,2025-11-22,Delivered
10488,255,2025-03-08,Shipped
10489,361,2025-10-31,Delivered
10490,338,2026-04-29,Cancelled
10491,190,2026-02-21,Delivered
10492,525,2025-06-08,Delivered
10493,644,2025-05-29,Delivered
10494,8,2025-01-27,Delivered
10495,102,2025-09-05,Delivered
10496,578,2025-04-11,Cancelled
10497,221,2025-04-06,Delivered
10498,503,2026-01-19,Cancelled
10499,187,2025-10-09,Delivered
10500,225,2025-11-18,Processing
10501,79,2026-01-31,Delivered
10502,127,2025-10-05,Delivered
10503,418,2026-06-13,Processing
10504,262,2025-09-20,Delivered
10505,668,2025-10-20,Delivered
10506,783,2025-10-21,Delivered
10507,356,2026-01-30,Delivered
10508,644,2026-05-28,Delivered
10509,152,2025-06-29,Shipped
10510,246,2025-08-23,Delivered
10511,577,2025-12-03,Delivered
10512,221,2025-01-08,Delivered
10513,396,2026-03-19,Delivered
10514,92,2026-06-23,Delivered
10515,410,2025-04-01,Processing
10516,796,2025-09-29,Shipped
10517,807,2025-01-05,Delivered
10518,594,2025-08-07,Cancelled
10519,625,2025-04-28,Delivered
10520,370,2025-04-25,Shipped
10521,393,2025-09-20,Delivered
10522,66,2025-11-02,Delivered
10523,271,2026-02-26,Delivered
10524,277,2025-07-26,Delivered
10525,939,2025-10-30,Delivered
10526,260,2025-04-22,Delivered
10527,362,2026-02-21,Delivered
10528,348,2025-10-12,Delivered
10529,465,2025-07-04,Delivered
10530,629,2025-08-09,Shipped
10531,111,2026-03-20,Delivered
10532,345,2025-04-27,Delivered
10533,744,2025-03-11,Delivered
10534,288,2025-03-11,Cancelled
10535,137,2026-03-03,Cancelled
10536,491,2026-03-19,Delivered
10537,741,2025-05-17,Delivered
10538,32,2026-05-19,Delivered
10539,671,2025-05-11,Cancelled
10540,737,2025-08-06,Delivered
10541,286,2025-06-20,Delivered
10542,976,2026-04-20,Delivered
10543,686,2025-05-09,Delivered
10544,667,2025-02-26,Delivered
10545,629,2025-06-30,Delivered
10546,75,2025-09-03,Delivered
10547,107,2025-05-24,Delivered
10548,288,2025-02-20,Delivered
10549,130,2026-01-03,Delivered
10550,246,2026-04-04,Delivered
10551,836,2025-08-06,Processing
10552,741,2025-09-14,Delivered
10553,455,2025-06-05,Delivered
10554,791,2026-03-18,Delivered
10555,682,2025-01-25,Delivered
10556,258,2026-06-20,Delivered
10557,99,2025-03-01,Delivered
10558,332,2026-04-12,Delivered
10559,611,2026-03-10,Delivered
10560,264,2025-03-07,Delivered
10561,509,2025-04-16,Delivered
10562,47,2025-04-06,Delivered
10563,629,2025-06-17,Delivered
10564,724,2025-02-11,Delivered
10565,568,2025-04-14,Delivered
10566,952,2025-07-23,Delivered
10567,745,2026-06-04,Delivered
10568,858,2025-10-09,Delivered
10569,903,2025-02-12,Processing
10570,707,2025-04-20,Cancelled
10571,520,2025-07-29,Delivered
10572,3,2025-02-18,Delivered
10573,290,2025-04-25,Delivered
10574,381,2025-06-04,Delivered
10575,150,2026-05-18,Shipped
10576,162,2025-03-12,Shipped
10577,943,2026-06-03,Cancelled
10578,841,2025-12-02,Delivered
10579,778,2025-03-08,Delivered
10580,238,2026-05-08,Processing
10581,7,2025-08-01,Delivered
10582,40,2025-06-30,Cancelled
10583,157,2025-09-05,Delivered
10584,8,2025-08-02,Delivered
10585,9,2025-12-25,Delivered
10586,877,2025-09-06,Delivered
10587,567,2026-05-31,Delivered
10588,154,2025-03-29,Delivered
10589,66,2025-06-25,Delivered
10590,330,2026-03-02,Delivered
10591,3,2025-03-22,Delivered
10592,910,2025-05-18,Delivered
10593,246,2026-03-09,Processing
10594,235,2026-04-15,Delivered
10595,225,2025-12-16,Delivered
10596,35,2025-05-06,Returned
10597,467,2025-11-05,Cancelled
10598,607,2025-08-18,Delivered
10599,523,2026-04-05,Shipped
10600,69,2025-12-11,Delivered
10601,388,2025-11-06,Delivered
10602,380,2025-01-20,Delivered
10603,806,2026-06-25,Delivered
10604,215,2026-04-22,Processing
10605,208,2025-09-26,Shipped
10606,438,2025-01-03,Returned
10607,459,2025-01-16,Shipped
10608,293,2025-12-24,Delivered
10609,270,2025-05-13,Shipped
10610,315,2025-11-08,Returned
10611,796,2026-04-27,Shipped
10612,286,2026-06-28,Shipped
10613,912,2025-11-01,Cancelled
10614,323,2025-09-26,Delivered
10615,926,2026-02-18,Shipped
10616,754,2025-01-25,Processing
10617,200,2025-11-12,Returned
10618,799,2025-10-03,Delivered
10619,55,2026-01-24,Delivered
10620,890,2026-03-20,Shipped
10621,457,2026-03-03,Delivered
10622,27,2025-02-26,Delivered
10623,476,2026-01-03,Delivered
10624,963,2025-12-08,Delivered
10625,35,2025-10-31,Delivered
10626,367,2026-01-09,Delivered
10627,628,2025-04-22,Delivered
10628,721,2025-01-06,Delivered
10629,245,2025-10-06,Delivered
10630,101,2026-01-17,Delivered
10631,21,2025-01-13,Delivered
10632,389,2025-10-30,Delivered
10633,279,2025-06-09,Delivered
10634,925,2025-06-03,Shipped
10635,30,2025-06-30,Delivered
10636,536,2026-06-10,Delivered
10637,13,2025-06-29,Shipped
10638,85,2026-01-12,Delivered
10639,279,2025-06-17,Returned
10640,280,2025-08-02,Shipped
10641,537,2025-05-30,Delivered
10642,868,2025-01-16,Delivered
10643,468,2025-04-01,Delivered
10644,932,2025-04-30,Delivered
10645,826,2025-09-10,Delivered
10646,393,2025-03-01,Delivered
10647,755,2025-09-23,Shipped
10648,473,2026-02-13,Delivered
10649,39,2025-01-31,Delivered
10650,618,2025-01-21,Delivered
10651,47,2025-10-16,Delivered
10652,402,2026-06-27,Delivered
10653,562,2026-05-13,Delivered
10654,33,2026-04-19,Delivered
10655,114,2026-02-09,Returned
10656,876,2025-05-12,Delivered
10657,435,2025-11-20,Delivered
10658,122,2025-05-12,Delivered
10659,544,2026-06-05,Delivered
10660,406,2025-01-30,Delivered
10661,321,2025-10-28,Processing
10662,965,2025-01-04,Cancelled
10663,534,2025-11-21,Delivered
10664,212,2026-05-24,Delivered
10665,706,2025-08-25,Delivered
10666,830,2026-06-19,Delivered
10667,62,2025-01-16,Delivered
10668,99,2026-06-18,Delivered
10669,107,2026-03-22,Delivered
10670,545,2026-05-18,Delivered
10671,415,2025-08-18,Shipped
10672,439,2025-04-17,Shipped
10673,913,2026-01-24,Delivered
10674,670,2025-09-20,Delivered
10675,63,2025-03-06,Cancelled
10676,187,2025-09-22,Delivered
10677,264,2025-12-04,Processing
10678,229,2025-10-28,Delivered
10679,513,2026-01-13,Delivered
10680,841,2025-06-24,Delivered
10681,151,2025-06-01,Processing
10682,365,2026-04-21,Delivered
10683,690,2025-09-23,Delivered
10684,247,2025-11-25,Delivered
10685,83,2025-06-12,Processing
10686,298,2026-03-14,Cancelled
10687,28,2025-12-09,Returned
10688,916,2026-01-02,Returned
10689,37,2026-04-10,Delivered
10690,266,2025-07-18,Delivered
10691,346,2026-05-15,Delivered
10692,979,2025-01-16,Delivered
10693,82,2025-10-23,Processing
10694,57,2026-05-26,Cancelled
10695,5,2025-08-27,Delivered
10696,77,2025-10-28,Delivered
10697,102,2025-01-06,Cancelled
10698,456,2025-08-08,Delivered
10699,109,2026-03-29,Delivered
10700,11,2026-03-09,Delivered
10701,745,2026-01-21,Delivered
10702,203,2025-10-22,Delivered
10703,193,2025-04-28,Delivered
10704,149,2026-02-09,Delivered
10705,964,2025-01-12,Returned
10706,84,2025-07-28,Delivered
10707,850,2025-06-14,Delivered
10708,671,2025-10-21,Returned
10709,38,2026-06-03,Delivered
10710,981,2025-03-19,Delivered
10711,134,2026-03-10,Processing
10712,49,2025-03-18,Delivered
10713,749,2025-02-17,Shipped
10714,568,2025-03-23,Delivered
10715,436,2025-07-28,Delivered
10716,77,2026-03-21,Delivered
10717,301,2026-06-06,Delivered
10718,677,2025-01-29,Shipped
10719,150,2025-10-31,Delivered
10720,156,2026-04-10,Cancelled
10721,2,2026-05-17,Shipped
10722,86,2026-03-22,Delivered
10723,817,2026-05-05,Processing
10724,269,2026-03-04,Delivered
10725,977,2025-12-25,Delivered
10726,229,2025-04-01,Processing
10727,580,2025-02-22,Delivered
10728,139,2025-07-23,Delivered
10729,201,2025-06-05,Delivered
10730,94,2025-01-02,Delivered
10731,187,2025-12-23,Delivered
10732,361,2025-02-27,Delivered
10733,988,2025-09-11,Delivered
10734,505,2025-06-29,Delivered
10735,98,2026-05-08,Delivered
10736,23,2025-02-04,Delivered
10737,63,2025-03-16,Delivered
10738,374,2025-10-16,Shipped
10739,654,2026-01-06,Delivered
10740,913,2025-11-25,Delivered
10741,8,2025-10-31,Delivered
10742,339,2025-08-09,Delivered
10743,294,2025-06-13,Delivered
10744,493,2026-04-25,Returned
10745,371,2026-03-31,Cancelled
10746,539,2026-01-10,Processing
10747,496,2025-08-08,Cancelled
10748,58,2025-09-11,Delivered
10749,705,2025-07-07,Delivered
10750,61,2025-07-10,Shipped
10751,556,2026-01-24,Shipped
10752,247,2025-08-03,Cancelled
10753,332,2026-01-10,Shipped
10754,858,2025-03-27,Returned
10755,838,2026-04-19,Delivered
10756,732,2026-06-15,Processing
10757,328,2025-02-16,Shipped
10758,611,2025-03-06,Shipped
10759,331,2026-04-20,Delivered
10760,808,2025-05-26,Shipped
10761,235,2026-01-17,Cancelled
10762,957,2025-03-07,Delivered
10763,901,2026-06-01,Delivered
10764,619,2025-04-03,Delivered
10765,138,2026-03-02,Returned
10766,65,2026-04-13,Delivered
10767,786,2025-04-04,Delivered
10768,82,2025-05-13,Delivered
10769,786,2026-03-10,Delivered
10770,312,2025-12-07,Delivered
10771,239,2025-11-10,Delivered
10772,858,2025-07-31,Cancelled
10773,416,2026-06-04,Processing
10774,386,2025-06-08,Delivered
10775,371,2025-09-25,Returned
10776,208,2026-04-19,Shipped
10777,684,2026-02-14,Delivered
10778,125,2026-04-19,Delivered
10779,910,2025-12-22,Delivered
10780,844,2025-07-12,Processing
10781,179,2025-09-28,Delivered
10782,601,2025-04-24,Delivered
10783,383,2026-06-07,Shipped
10784,179,2025-02-24,Delivered
10785,984,2025-03-06,Shipped
10786,13,2025-09-29,Shipped
10787,125,2026-05-17,Delivered
10788,337,2025-12-28,Cancelled
10789,339,2025-05-26,Delivered
10790,397,2025-07-28,Delivered
10791,634,2025-10-13,Delivered
10792,445,2025-01-10,Delivered
10793,411,2025-07-05,Returned
10794,27,2026-04-09,Delivered
10795,212,2025-05-14,Delivered
10796,115,2025-06-20,Cancelled
10797,131,2025-08-01,Delivered
10798,367,2026-06-14,Shipped
10799,99,2026-05-17,Delivered
10800,145,2025-01-27,Processing
10801,117,2025-03-09,Delivered
10802,925,2026-02-12,Delivered
10803,919,2025-04-19,Delivered
10804,425,2025-03-15,Delivered
10805,889,2025-09-19,Shipped
10806,685,2026-01-03,Delivered
10807,398,2025-08-25,Delivered
10808,4,2026-01-01,Delivered
10809,665,2025-10-13,Shipped
10810,562,2026-01-13,Processing
10811,433,2026-01-11,Delivered
10812,647,2025-03-17,Delivered
10813,331,2025-01-09,Delivered
10814,564,2025-07-15,Delivered
10815,905,2025-10-17,Delivered
10816,212,2025-03-02,Delivered
10817,570,2026-01-24,Delivered
10818,299,2025-01-08,Cancelled
10819,520,2026-01-04,Delivered
10820,651,2025-02-14,Shipped
10821,23,2025-12-10,Delivered
10822,479,2026-01-10,Cancelled
10823,112,2025-01-27,Delivered
10824,514,2025-07-12,Delivered
10825,292,2025-12-23,Cancelled
10826,666,2025-03-03,Delivered
10827,61,2025-03-03,Delivered
10828,449,2026-02-26,Delivered
10829,137,2026-01-15,Processing
10830,784,2025-10-04,Delivered
10831,895,2026-03-07,Processing
10832,995,2025-04-25,Delivered
10833,700,2025-05-01,Delivered
10834,637,2026-06-09,Delivered
10835,106,2026-02-20,Delivered
10836,177,2025-06-12,Delivered
10837,290,2025-12-03,Delivered
10838,666,2026-01-14,Delivered
10839,875,2025-11-20,Delivered
10840,93,2025-06-22,Delivered
10841,886,2025-03-05,Processing
10842,552,2025-04-11,Shipped
10843,426,2025-11-18,Processing
10844,99,2025-03-07,Delivered
10845,28,2026-04-03,Cancelled
10846,379,2026-03-29,Delivered
10847,486,2025-09-16,Delivered
10848,104,2026-03-02,Processing
10849,369,2025-06-27,Cancelled
10850,789,2025-10-07,Delivered
10851,757,2025-12-10,Delivered
10852,893,2025-01-17,Delivered
10853,203,2025-10-23,Delivered
10854,162,2025-07-21,Cancelled
10855,631,2025-07-13,Delivered
10856,260,2025-05-29,Processing
10857,44,2026-01-10,Delivered
10858,140,2025-02-04,Processing
10859,249,2026-01-04,Cancelled
10860,144,2025-01-29,Delivered
10861,174,2025-08-09,Delivered
10862,145,2025-02-22,Processing
10863,21,2025-12-19,Delivered
10864,465,2026-01-27,Shipped
10865,407,2025-03-17,Delivered
10866,489,2026-05-09,Delivered
10867,95,2026-06-06,Processing
10868,146,2025-04-27,Delivered
10869,439,2025-10-07,Cancelled
10870,410,2025-06-24,Delivered
10871,325,2025-10-22,Shipped
10872,190,2026-03-27,Delivered
10873,872,2026-06-02,Delivered
10874,181,2025-01-21,Delivered
10875,281,2025-03-14,Shipped
10876,526,2025-02-05,Delivered
10877,357,2026-05-22,Cancelled
10878,187,2025-08-21,Delivered
10879,264,2026-05-12,Shipped
10880,697,2025-07-25,Shipped
10881,137,2026-03-02,Delivered
10882,70,2025-02-13,Delivered
10883,158,2025-04-01,Delivered
10884,779,2026-04-15,Delivered
10885,44,2026-04-12,Delivered
10886,988,2026-03-30,Shipped
10887,355,2025-11-29,Delivered
10888,978,2026-05-22,Shipped
10889,911,2026-04-15,Cancelled
10890,279,2025-01-21,Delivered
10891,98,2025-08-16,Delivered
10892,82,2026-01-11,Delivered
10893,118,2025-05-10,Processing
10894,573,2026-02-18,Delivered
10895,135,2025-03-12,Delivered
10896,182,2026-02-08,Returned
10897,275,2026-02-01,Delivered
10898,873,2025-12-03,Shipped
10899,94,2026-05-20,Delivered
10900,3,2025-10-03,Delivered
10901,30,2025-01-13,Shipped
10902,860,2025-01-03,Delivered
10903,481,2025-08-12,Shipped
10904,135,2025-06-24,Delivered
10905,88,2026-01-20,Processing
10906,145,2025-08-29,Delivered
10907,57,2025-01-14,Delivered
10908,914,2025-07-14,Delivered
10909,682,2026-02-01,Delivered
10910,287,2026-03-07,Delivered
10911,801,2025-11-02,Delivered
10912,123,2025-11-30,Delivered
10913,583,2026-02-14,Delivered
10914,788,2025-01-03,Delivered
10915,195,2026-03-28,Delivered
10916,643,2026-05-10,Delivered
10917,146,2026-02-21,Returned
10918,147,2026-01-26,Delivered
10919,53,2026-01-08,Delivered
10920,268,2025-02-21,Delivered
10921,602,2026-01-11,Processing
10922,912,2026-01-30,Delivered
10923,416,2025-05-22,Delivered
10924,799,2025-03-27,Delivered
10925,739,2026-04-09,Delivered
10926,86,2025-02-15,Processing
10927,307,2025-08-26,Delivered
10928,58,2025-01-10,Delivered
10929,532,2026-06-14,Processing
10930,927,2025-06-27,Delivered
10931,68,2025-01-06,Cancelled
10932,608,2025-11-03,Delivered
10933,458,2025-11-23,Shipped
10934,392,2025-12-22,Processing
10935,224,2026-01-30,Delivered
10936,194,2025-10-27,Shipped
10937,23,2026-06-10,Delivered
10938,108,2025-10-12,Delivered
10939,8,2025-11-26,Delivered
10940,390,2025-02-19,Delivered
10941,53,2026-01-13,Shipped
10942,813,2026-06-22,Delivered
10943,340,2025-05-24,Returned
10944,558,2025-03-01,Delivered
10945,242,2025-03-16,Delivered
10946,372,2025-01-03,Delivered
10947,916,2026-03-24,Delivered
10948,41,2025-10-02,Shipped
10949,125,2026-06-14,Shipped
10950,676,2025-08-03,Processing
10951,49,2026-04-30,Processing
10952,38,2025-11-25,Delivered
10953,199,2025-09-12,Delivered
10954,46,2026-01-22,Shipped
10955,393,2025-05-06,Delivered
10956,112,2025-11-20,Delivered
10957,847,2025-07-23,Delivered
10958,681,2025-06-21,Delivered
10959,558,2025-08-05,Delivered
10960,435,2025-09-02,Processing
10961,799,2025-12-02,Delivered
10962,110,2025-10-25,Delivered
10963,813,2025-07-01,Delivered
10964,690,2025-11-30,Processing
10965,629,2026-05-26,Returned
10966,373,2026-01-18,Shipped
10967,122,2025-07-18,Delivered
10968,253,2025-11-28,Cancelled
10969,696,2025-06-14,Delivered
10970,16,2025-08-30,Processing
10971,679,2025-08-15,Shipped
10972,119,2026-03-27,Delivered
10973,71,2025-07-15,Delivered
10974,57,2025-07-23,Delivered
10975,14,2026-04-03,Delivered
10976,340,2025-09-14,Shipped
10977,108,2026-06-13,Cancelled
10978,985,2025-09-29,Shipped
10979,384,2025-01-09,Delivered
10980,68,2025-07-20,Delivered
10981,541,2025-02-28,Delivered
10982,850,2026-01-28,Delivered
10983,625,2025-04-29,Delivered
10984,38,2026-02-03,Delivered
10985,847,2025-11-27,Delivered
10986,697,2025-09-24,Returned
10987,78,2026-06-04,Delivered
10988,26,2026-04-25,Processing
10989,369,2025-05-14,Delivered
10990,77,2025-12-21,Delivered
10991,757,2026-05-13,Shipped
10992,197,2025-04-17,Shipped
10993,872,2025-10-17,Delivered
10994,377,2025-05-27,Delivered
10995,90,2025-11-23,Delivered
10996,69,2026-02-19,Delivered
10997,386,2025-07-29,Cancelled
10998,649,2025-10-23,Delivered
10999,678,2026-02-02,Delivered
11000,136,2025-04-13,Cancelled
11001,101,2026-05-23,Delivered
11002,9,2025-07-28,Delivered
11003,527,2026-03-04,Delivered
11004,38,2026-01-28,Delivered
11005,251,2025-04-19,Delivered
11006,413,2025-12-14,Delivered
11007,908,2025-02-19,Delivered
11008,156,2025-04-15,Shipped
11009,123,2026-02-24,Shipped
11010,490,2026-01-08,Delivered
11011,439,2025-01-27,Delivered
11012,174,2025-09-30,Delivered
11013,894,2025-12-06,Delivered
11014,772,2025-10-28,Processing
11015,111,2026-04-25,Delivered
11016,118,2026-06-28,Delivered
11017,330,2025-09-22,Delivered
11018,667,2026-06-26,Delivered
11019,22,2025-06-15,Delivered
11020,548,2025-11-12,Processing
11021,482,2025-01-01,Cancelled
11022,114,2025-09-18,Cancelled
11023,530,2025-03-04,Cancelled
11024,912,2026-04-28,Cancelled
11025,24,2025-11-17,Delivered
11026,163,2025-07-20,Delivered
11027,266,2025-08-10,Shipped
11028,852,2025-06-01,Delivered
11029,945,2026-04-07,Delivered
11030,271,2025-08-05,Delivered
11031,632,2025-07-15,Delivered
11032,347,2025-07-21,Delivered
11033,352,2025-08-22,Delivered
11034,137,2025-05-21,Delivered
11035,107,2026-05-13,Processing
11036,142,2025-02-26,Delivered
11037,368,2026-05-19,Processing
11038,15,2025-05-22,Delivered
11039,864,2026-06-23,Delivered
11040,77,2025-04-16,Delivered
11041,109,2025-06-14,Delivered
11042,335,2025-08-03,Delivered
11043,573,2025-03-12,Shipped
11044,48,2025-03-31,Shipped
11045,161,2025-08-16,Cancelled
11046,954,2025-03-20,Delivered
11047,129,2025-12-15,Delivered
11048,157,2025-09-03,Delivered
11049,759,2025-09-29,Delivered
11050,25,2026-02-07,Delivered
11051,289,2025-04-26,Delivered
11052,215,2026-03-11,Delivered
11053,160,2026-06-14,Delivered
11054,141,2026-03-18,Delivered
11055,45,2025-06-21,Delivered
11056,159,2025-01-16,Delivered
11057,22,2025-02-25,Shipped
11058,677,2025-04-13,Delivered
11059,231,2025-10-11,Delivered
11060,271,2026-06-01,Delivered
11061,844,2025-10-05,Delivered
11062,496,2025-09-26,Processing
11063,4,2026-02-04,Shipped
11064,917,2026-05-18,Delivered
11065,117,2025-03-27,Delivered
11066,53,2025-11-16,Returned
11067,658,2025-02-01,Delivered
11068,320,2025-12-02,Processing
11069,262,2025-02-20,Delivered
11070,123,2025-03-20,Delivered
11071,361,2025-06-23,Shipped
11072,135,2026-05-16,Shipped
11073,855,2025-03-17,Shipped
11074,106,2025-11-12,Delivered
11075,830,2026-01-08,Delivered
11076,371,2025-03-22,Shipped
11077,748,2025-03-12,Delivered
11078,577,2025-03-12,Delivered
11079,553,2025-02-15,Processing
11080,167,2025-02-16,Delivered
11081,115,2026-02-26,Delivered
11082,104,2025-05-29,Shipped
11083,790,2025-05-10,Returned
11084,736,2026-04-01,Delivered
11085,268,2026-05-20,Delivered
11086,66,2025-09-01,Processing
11087,217,2026-04-19,Processing
11088,439,2026-01-17,Shipped
11089,280,2025-04-13,Delivered
11090,676,2026-05-04,Delivered
11091,997,2025-02-06,Delivered
11092,94,2026-06-04,Processing
11093,285,2025-11-29,Cancelled
11094,260,2026-02-01,Delivered
11095,150,2025-10-23,Delivered
11096,98,2025-04-17,Delivered
11097,33,2026-06-14,Returned
11098,834,2025-03-24,Delivered
11099,250,2025-10-15,Delivered
11100,317,2026-04-06,Delivered
11101,878,2025-08-03,Delivered
11102,671,2025-10-08,Delivered
11103,65,2026-04-04,Processing
11104,376,2025-12-10,Shipped
11105,270,2025-07-13,Delivered
11106,701,2025-06-07,Delivered
11107,594,2026-04-10,Cancelled
11108,544,2025-04-14,Delivered
11109,181,2025-02-03,Delivered
11110,713,2025-04-12,Cancelled
11111,26,2025-11-21,Processing
11112,79,2025-05-21,Processing
11113,177,2026-04-19,Delivered
11114,38,2025-01-31,Delivered
11115,116,2025-03-04,Delivered
11116,750,2025-03-28,Delivered
11117,924,2025-10-31,Shipped
11118,150,2025-03-02,Delivered
11119,131,2026-01-31,Shipped
11120,138,2025-11-30,Delivered
11121,137,2026-02-15,Delivered
11122,18,2025-10-11,Returned
11123,893,2026-04-11,Delivered
11124,106,2025-03-21,Delivered
11125,250,2025-03-18,Delivered
11126,5,2026-06-24,Delivered
11127,791,2025-12-27,Delivered
11128,604,2025-03-18,Delivered
11129,922,2026-05-24,Shipped
11130,678,2025-06-13,Processing
11131,158,2025-01-09,Delivered
11132,122,2025-06-24,Delivered
11133,555,2026-04-07,Delivered
11134,202,2025-11-03,Delivered
11135,377,2025-09-02,Delivered
11136,4,2025-05-02,Shipped
11137,31,2025-07-04,Delivered
11138,350,2025-02-01,Processing
11139,377,2025-11-06,Cancelled
11140,634,2026-01-07,Processing
11141,65,2025-02-25,Delivered
11142,331,2025-09-30,Delivered
11143,96,2026-04-09,Cancelled
11144,46,2026-04-01,Delivered
11145,242,2025-09-06,Processing
11146,81,2025-03-19,Delivered
11147,110,2026-06-18,Delivered
11148,161,2025-04-18,Shipped
11149,128,2025-09-30,Shipped
11150,44,2025-01-15,Shipped
11151,45,2026-01-05,Cancelled
11152,96,2025-10-31,Delivered
11153,25,2025-07-24,Delivered
11154,450,2025-04-23,Cancelled
11155,142,2025-09-10,Delivered
11156,138,2026-03-17,Shipped
11157,174,2025-07-05,Delivered
11158,503,2025-08-15,Delivered
11159,810,2026-06-12,Delivered
11160,645,2025-12-20,Delivered
11161,599,2025-01-01,Processing
11162,306,2026-02-24,Shipped
11163,549,2025-06-10,Delivered
11164,365,2025-06-10,Delivered
11165,107,2025-05-08,Delivered
11166,103,2025-05-31,Delivered
11167,146,2026-03-20,Delivered
11168,869,2026-04-16,Delivered
11169,361,2026-04-08,Delivered
11170,608,2025-01-30,Delivered
11171,186,2026-04-18,Delivered
11172,240,2025-03-21,Delivered
11173,62,2025-02-08,Delivered
11174,85,2025-08-28,Delivered
11175,746,2025-12-03,Delivered
11176,393,2025-10-07,Cancelled
11177,179,2025-04-26,Delivered
11178,710,2025-09-26,Processing
11179,122,2025-12-01,Delivered
11180,965,2025-11-08,Cancelled
11181,185,2025-02-22,Delivered
11182,178,2025-03-09,Shipped
11183,156,2025-02-03,Delivered
11184,61,2026-01-21,Shipped
11185,55,2025-09-06,Delivered
11186,481,2025-04-21,Delivered
11187,816,2025-04-04,Shipped
11188,692,2026-02-14,Delivered
11189,70,2025-06-28,Cancelled
11190,359,2025-02-16,Delivered
11191,52,2026-01-11,Delivered
11192,23,2025-07-21,Shipped
11193,494,2026-03-21,Delivered
11194,350,2025-10-24,Delivered
11195,41,2025-11-04,Shipped
11196,18,2026-05-08,Shipped
11197,985,2025-12-04,Cancelled
11198,15,2025-03-07,Delivered
11199,271,2026-02-26,Delivered
11200,324,2026-06-24,Delivered
11201,58,2026-05-08,Delivered
11202,84,2025-11-13,Shipped
11203,191,2025-03-16,Delivered
11204,649,2025-02-28,Delivered
11205,326,2026-01-21,Delivered
11206,466,2025-01-15,Shipped
11207,979,2025-08-19,Cancelled
11208,658,2025-07-18,Delivered
11209,263,2025-12-20,Delivered
11210,273,2025-02-04,Shipped
11211,438,2025-06-11,Delivered
11212,507,2026-04-16,Delivered
11213,320,2026-06-15,Delivered
11214,477,2026-02-27,Delivered
11215,12,2025-12-14,Delivered
11216,259,2025-05-27,Processing
11217,138,2026-01-09,Delivered
11218,64,2026-02-20,Delivered
11219,49,2026-05-09,Cancelled
11220,415,2025-09-13,Processing
11221,340,2025-04-13,Delivered
11222,125,2025-05-01,Delivered
11223,294,2026-02-23,Delivered
11224,313,2025-12-16,Delivered
11225,96,2025-02-11,Delivered
11226,487,2026-01-02,Delivered
11227,677,2025-01-29,Delivered
11228,693,2025-01-14,Delivered
11229,414,2026-04-30,Delivered
11230,330,2025-07-08,Delivered
11231,30,2025-10-22,Delivered
11232,142,2025-07-02,Delivered
11233,46,2025-02-06,Delivered
11234,947,2025-01-14,Delivered
11235,67,2025-06-08,Delivered
11236,75,2026-05-09,Delivered
11237,838,2025-11-25,Delivered
11238,918,2025-03-24,Cancelled
11239,655,2025-01-22,Returned
11240,3,2025-05-12,Delivered
11241,1,2026-04-10,Cancelled
11242,214,2026-04-01,Delivered
11243,71,2025-10-29,Delivered
11244,10,2025-09-24,Returned
11245,288,2026-01-30,Delivered
11246,917,2025-04-30,Shipped
11247,167,2025-09-03,Delivered
11248,501,2025-02-07,Delivered
11249,488,2025-09-02,Delivered
11250,124,2025-01-21,Delivered
11251,485,2025-04-20,Delivered
11252,105,2026-01-29,Delivered
11253,60,2026-02-14,Delivered
11254,560,2025-01-08,Returned
11255,56,2026-03-20,Shipped
11256,996,2025-11-24,Delivered
11257,91,2025-10-17,Delivered
11258,402,2026-05-26,Processing
11259,243,2025-12-27,Delivered
11260,63,2025-08-07,Delivered
11261,14,2026-02-10,Delivered
11262,444,2025-08-08,Cancelled
11263,715,2025-04-17,Delivered
11264,767,2025-10-13,Delivered
11265,305,2025-01-08,Delivered
11266,672,2025-07-08,Delivered
11267,518,2025-03-22,Delivered
11268,594,2025-04-18,Delivered
11269,313,2025-11-17,Delivered
11270,460,2025-12-12,Delivered
11271,714,2025-11-24,Delivered
11272,231,2025-10-29,Processing
11273,714,2025-07-19,Cancelled
11274,399,2026-02-23,Delivered
11275,82,2025-02-08,Delivered
11276,13,2025-11-03,Delivered
11277,201,2025-01-04,Delivered
11278,360,2025-03-18,Shipped
11279,764,2026-04-13,Delivered
11280,63,2025-06-28,Delivered
11281,706,2025-10-03,Shipped
11282,798,2025-06-01,Cancelled
11283,75,2025-06-13,Delivered
11284,782,2025-10-17,Delivered
11285,988,2026-01-13,Delivered
11286,598,2025-11-06,Processing
11287,683,2026-01-24,Shipped
11288,992,2025-07-02,Delivered
11289,419,2025-11-02,Delivered
11290,153,2025-03-13,Delivered
11291,761,2025-08-07,Delivered
11292,432,2025-06-22,Delivered
11293,390,2025-09-29,Delivered
11294,125,2026-04-13,Delivered
11295,641,2025-09-26,Shipped
11296,41,2025-01-20,Delivered
11297,889,2026-05-18,Delivered
11298,168,2025-05-27,Delivered
11299,63,2026-03-05,Processing
11300,270,2025-06-14,Delivered
11301,21,2025-11-06,Cancelled
11302,535,2026-06-02,Delivered
11303,857,2025-01-14,Cancelled
11304,760,2025-05-12,Cancelled
11305,63,2026-03-15,Delivered
11306,63,2025-09-20,Cancelled
11307,725,2025-08-13,Delivered
11308,889,2025-09-15,Delivered
11309,285,2025-08-22,Delivered
11310,319,2025-12-02,Delivered
11311,162,2026-02-13,Shipped
11312,845,2025-01-24,Shipped
11313,477,2025-09-28,Delivered
11314,142,2025-04-05,Delivered
11315,147,2025-05-22,Delivered
11316,840,2025-03-22,Delivered
11317,7,2025-10-01,Delivered
11318,166,2025-10-03,Cancelled
11319,367,2026-04-10,Delivered
11320,73,2025-07-27,Delivered
11321,46,2025-10-23,Processing
11322,728,2025-02-08,Delivered
11323,845,2025-10-15,Delivered
11324,740,2025-05-04,Delivered
11325,851,2025-10-10,Delivered
11326,366,2025-06-29,Returned
11327,724,2025-04-07,Delivered
11328,219,2025-07-10,Delivered
11329,508,2025-03-15,Delivered
11330,984,2026-03-23,Delivered
11331,111,2026-05-12,Shipped
11332,224,2026-04-29,Cancelled
11333,302,2025-04-26,Processing
11334,68,2026-06-19,Delivered
11335,40,2025-04-08,Delivered
11336,749,2025-11-24,Delivered
11337,966,2026-02-11,Delivered
11338,237,2025-11-09,Delivered
11339,44,2025-05-28,Delivered
11340,33,2025-12-08,Cancelled
11341,840,2026-05-10,Delivered
11342,288,2025-01-23,Delivered
11343,163,2025-04-15,Delivered
11344,299,2025-08-10,Delivered
11345,162,2025-01-15,Delivered
11346,310,2025-03-19,Delivered
11347,793,2025-11-18,Delivered
11348,400,2025-08-29,Delivered
11349,550,2025-01-18,Shipped
11350,202,2026-03-30,Delivered
11351,615,2026-03-19,Shipped
11352,509,2025-10-04,Delivered
11353,59,2026-02-28,Delivered
11354,383,2026-04-21,Cancelled
11355,127,2025-01-27,Delivered
11356,712,2026-05-29,Delivered
11357,255,2026-04-09,Processing
11358,993,2025-12-29,Delivered
11359,46,2026-01-18,Delivered
11360,677,2026-06-09,Delivered
11361,519,2026-01-17,Shipped
11362,658,2025-07-03,Cancelled
11363,153,2025-07-13,Delivered
11364,313,2026-04-07,Delivered
11365,700,2025-02-25,Delivered
11366,115,2025-08-18,Delivered
11367,112,2026-05-04,Delivered
11368,364,2025-01-28,Delivered
11369,340,2025-07-03,Delivered
11370,139,2026-03-01,Delivered
11371,147,2026-01-10,Cancelled
11372,137,2025-02-10,Delivered
11373,663,2026-04-29,Delivered
11374,487,2025-09-17,Delivered
11375,753,2026-03-17,Cancelled
11376,964,2025-03-25,Shipped
11377,297,2025-02-15,Shipped
11378,33,2026-03-16,Delivered
11379,24,2026-06-03,Processing
11380,146,2026-03-14,Delivered
11381,901,2025-05-16,Delivered
11382,340,2025-07-02,Delivered
11383,134,2025-06-21,Processing
11384,232,2026-06-23,Shipped
11385,408,2025-04-30,Cancelled
11386,489,2025-10-08,Cancelled
11387,76,2025-11-04,Delivered
11388,967,2025-10-04,Delivered
11389,358,2026-06-14,Delivered
11390,67,2025-10-22,Processing
11391,844,2025-02-22,Delivered
11392,37,2026-03-08,Processing
11393,864,2025-02-21,Delivered
11394,995,2025-03-13,Delivered
11395,559,2025-01-28,Delivered
11396,662,2026-04-14,Delivered
11397,178,2026-02-05,Cancelled
11398,914,2025-07-20,Delivered
11399,345,2026-04-11,Delivered
11400,606,2026-01-14,Delivered
11401,889,2025-06-26,Delivered
11402,964,2025-02-21,Delivered
11403,754,2025-03-20,Delivered
11404,149,2026-01-20,Processing
11405,951,2025-01-08,Delivered
11406,452,2025-08-02,Delivered
11407,898,2025-01-25,Delivered
11408,523,2026-03-26,Delivered
11409,152,2026-04-02,Delivered
11410,207,2026-04-06,Delivered
11411,363,2025-07-17,Delivered
11412,691,2025-04-04,Delivered
11413,162,2026-03-13,Delivered
11414,389,2026-06-11,Shipped
11415,186,2026-01-13,Cancelled
11416,729,2025-04-14,Delivered
11417,291,2025-02-08,Delivered
11418,38,2026-04-03,Delivered
11419,82,2025-12-30,Delivered
11420,31,2025-05-15,Processing
11421,319,2026-01-09,Shipped
11422,53,2025-08-20,Delivered
11423,57,2025-02-08,Delivered
11424,914,2025-02-16,Delivered
11425,813,2025-02-05,Delivered
11426,278,2025-04-05,Shipped
11427,980,2025-12-27,Delivered
11428,1,2026-06-09,Delivered
11429,431,2025-05-26,Delivered
11430,435,2026-01-03,Delivered
11431,283,2025-03-06,Delivered
11432,230,2025-08-16,Delivered
11433,281,2026-06-04,Delivered
11434,246,2025-06-30,Shipped
11435,603,2026-05-16,Cancelled
11436,67,2025-06-04,Delivered
11437,98,2026-06-19,Cancelled
11438,89,2026-03-11,Delivered
11439,130,2025-04-09,Shipped
11440,342,2026-01-07,Processing
11441,55,2025-12-28,Delivered
11442,806,2025-04-22,Processing
11443,147,2026-03-29,Delivered
11444,80,2025-06-18,Delivered
11445,522,2025-05-19,Delivered
11446,19,2025-08-19,Processing
11447,440,2025-08-27,Cancelled
11448,555,2025-09-10,Delivered
11449,106,2026-03-12,Delivered
11450,21,2026-02-26,Delivered
11451,201,2025-10-30,Returned
11452,49,2025-03-13,Delivered
11453,58,2025-09-20,Shipped
11454,126,2025-08-10,Delivered
11455,146,2025-03-18,Delivered
11456,346,2025-03-03,Delivered
11457,526,2026-04-16,Returned
11458,400,2025-06-06,Delivered
11459,73,2025-05-05,Cancelled
11460,85,2025-06-10,Delivered
11461,822,2026-06-25,Delivered
11462,370,2026-06-19,Shipped
11463,809,2025-04-16,Shipped
11464,208,2025-05-11,Cancelled
11465,432,2025-12-23,Delivered
11466,340,2025-01-02,Delivered
11467,163,2025-08-21,Delivered
11468,294,2026-01-04,Delivered
11469,322,2025-09-08,Returned
11470,99,2025-04-18,Delivered
11471,159,2025-10-03,Delivered
11472,693,2025-06-29,Delivered
11473,876,2025-10-20,Delivered
11474,198,2025-06-24,Delivered
11475,152,2025-05-03,Delivered
11476,96,2025-08-15,Delivered
11477,526,2026-03-20,Delivered
11478,166,2026-03-04,Returned
11479,982,2025-03-24,Delivered
11480,168,2025-03-06,Delivered
11481,228,2025-10-08,Returned
11482,415,2026-01-26,Shipped
11483,708,2026-03-04,Returned
11484,293,2025-04-17,Returned
11485,253,2025-09-19,Delivered
11486,994,2025-06-08,Shipped
11487,6,2025-09-22,Delivered
11488,846,2026-04-13,Delivered
11489,74,2025-07-21,Processing
11490,685,2025-06-04,Delivered
11491,437,2025-01-13,Shipped
11492,182,2025-10-24,Shipped
11493,814,2026-05-13,Delivered
11494,7,2025-09-02,Processing
11495,112,2025-10-27,Delivered
11496,378,2025-12-28,Delivered
11497,191,2025-12-20,Processing
11498,426,2026-06-05,Delivered
11499,12,2026-01-21,Shipped
11500,58,2025-11-08,Delivered
11501,63,2026-02-18,Delivered
11502,94,2025-10-05,Processing
11503,284,2025-12-22,Delivered
11504,635,2026-06-09,Delivered
11505,861,2025-01-16,Delivered
11506,758,2025-02-14,Cancelled
11507,97,2025-11-17,Delivered
11508,269,2025-11-22,Processing
11509,99,2025-05-28,Delivered
11510,131,2025-12-21,Delivered
11511,323,2025-08-24,Cancelled
11512,34,2025-04-15,Delivered
11513,108,2026-04-19,Delivered
11514,905,2026-01-31,Shipped
11515,290,2026-03-22,Shipped
11516,272,2025-08-08,Delivered
11517,8,2026-03-18,Delivered
11518,122,2025-01-28,Shipped
11519,803,2026-04-20,Processing
11520,81,2025-11-01,Shipped
11521,246,2026-02-09,Delivered
11522,8,2026-05-28,Returned
11523,301,2026-05-17,Delivered
11524,11,2025-12-14,Delivered
11525,734,2025-08-28,Delivered
11526,742,2025-12-03,Delivered
11527,687,2025-01-26,Delivered
11528,140,2026-02-13,Delivered
11529,760,2025-03-18,Delivered
11530,357,2025-08-05,Shipped
11531,210,2025-11-24,Delivered
11532,448,2025-01-23,Delivered
11533,7,2025-11-06,Delivered
11534,71,2025-09-24,Delivered
11535,620,2026-02-19,Delivered
11536,121,2025-09-24,Delivered
11537,408,2025-11-29,Returned
11538,220,2026-03-26,Processing
11539,786,2025-09-04,Processing
11540,930,2025-02-05,Delivered
11541,829,2026-02-05,Delivered
11542,134,2025-01-28,Delivered
11543,96,2025-08-08,Shipped
11544,297,2026-02-10,Delivered
11545,4,2025-09-28,Delivered
11546,13,2026-05-26,Delivered
11547,366,2025-10-13,Delivered
11548,337,2026-03-30,Returned
11549,993,2025-11-13,Shipped
11550,100,2025-10-24,Processing
11551,127,2025-12-04,Delivered
11552,56,2025-11-03,Processing
11553,879,2026-03-04,Delivered
11554,673,2025-12-17,Cancelled
11555,738,2026-05-26,Delivered
11556,857,2026-06-09,Delivered
11557,341,2026-05-07,Shipped
11558,277,2025-01-09,Delivered
11559,172,2026-05-12,Processing
11560,397,2026-03-16,Returned
11561,280,2025-04-18,Delivered
11562,278,2025-09-02,Delivered
11563,907,2025-09-12,Delivered
11564,977,2025-02-02,Processing
11565,700,2025-01-23,Delivered
11566,642,2025-02-18,Delivered
11567,529,2026-04-07,Delivered
11568,82,2025-12-02,Delivered
11569,30,2025-12-24,Shipped
11570,544,2025-05-02,Delivered
11571,600,2026-03-20,Delivered
11572,24,2025-12-25,Shipped
11573,894,2025-12-12,Delivered
11574,45,2025-07-12,Delivered
11575,141,2026-02-20,Delivered
11576,517,2026-01-12,Delivered
11577,84,2026-04-08,Delivered
11578,28,2025-05-26,Returned
11579,173,2026-04-23,Processing
11580,655,2026-02-12,Cancelled
11581,245,2025-10-13,Cancelled
11582,489,2025-04-21,Delivered
11583,389,2025-02-19,Delivered
11584,11,2025-01-14,Delivered
11585,984,2025-05-14,Processing
11586,21,2025-12-09,Delivered
11587,953,2025-10-13,Delivered
11588,363,2025-11-10,Delivered
11589,946,2025-10-24,Delivered
11590,57,2025-06-13,Delivered
11591,311,2026-05-12,Cancelled
11592,84,2025-01-16,Delivered
11593,26,2025-12-10,Cancelled
11594,436,2025-03-19,Delivered
11595,103,2025-12-12,Shipped
11596,396,2025-03-13,Cancelled
11597,56,2025-09-27,Cancelled
11598,174,2025-10-14,Delivered
11599,678,2025-03-07,Delivered
11600,265,2025-03-09,Delivered
11601,451,2025-07-12,Delivered
11602,481,2025-02-24,Delivered
11603,770,2026-01-14,Cancelled
11604,168,2025-06-17,Delivered
11605,539,2026-02-13,Delivered
11606,944,2026-05-23,Delivered
11607,603,2026-06-21,Cancelled
11608,311,2025-04-12,Returned
11609,456,2026-02-26,Delivered
11610,617,2026-04-23,Delivered
11611,429,2025-04-30,Shipped
11612,9,2025-10-18,Shipped
11613,96,2026-05-03,Delivered
11614,721,2025-06-10,Cancelled
11615,135,2025-03-19,Returned
11616,605,2025-02-07,Delivered
11617,209,2026-01-29,Delivered
11618,339,2026-03-17,Delivered
11619,34,2026-06-24,Delivered
11620,90,2026-04-07,Delivered
11621,937,2025-10-21,Delivered
11622,838,2026-02-04,Delivered
11623,488,2025-04-02,Delivered
11624,285,2025-01-06,Delivered
11625,522,2025-09-28,Delivered
11626,438,2025-04-09,Delivered
11627,379,2026-06-10,Delivered
11628,30,2025-07-13,Delivered
11629,459,2025-06-06,Delivered
11630,660,2025-04-25,Processing
11631,992,2026-01-31,Delivered
11632,6,2026-06-06,Returned
11633,603,2025-08-02,Delivered
11634,382,2026-06-17,Delivered
11635,262,2025-01-15,Delivered
11636,63,2026-02-23,Delivered
11637,241,2026-01-03,Processing
11638,193,2025-08-01,Cancelled
11639,149,2025-01-05,Returned
11640,604,2025-08-19,Delivered
11641,559,2025-07-20,Delivered
11642,397,2026-02-06,Delivered
11643,910,2025-05-29,Delivered
11644,189,2026-05-07,Delivered
11645,120,2025-08-14,Processing
11646,493,2025-06-18,Cancelled
11647,98,2025-06-01,Delivered
11648,159,2025-08-12,Delivered
11649,111,2026-05-19,Delivered
11650,35,2025-02-13,Shipped
11651,746,2026-05-19,Delivered
11652,126,2025-08-29,Cancelled
11653,296,2025-12-17,Delivered
11654,22,2025-01-23,Delivered
11655,557,2025-02-12,Delivered
11656,173,2026-04-11,Delivered
11657,624,2025-02-09,Cancelled
11658,244,2025-10-30,Delivered
11659,97,2025-06-24,Returned
11660,331,2026-06-16,Delivered
11661,65,2026-04-06,Shipped
11662,268,2025-07-12,Delivered
11663,161,2025-09-01,Delivered
11664,871,2025-10-07,Shipped
11665,30,2025-02-05,Shipped
11666,549,2026-06-24,Shipped
11667,90,2025-06-03,Delivered
11668,163,2025-01-23,Returned
11669,246,2025-04-01,Returned
11670,865,2026-01-25,Delivered
11671,120,2025-12-25,Cancelled
11672,45,2025-08-16,Delivered
11673,162,2025-07-21,Shipped
11674,52,2025-12-16,Delivered
11675,64,2025-02-07,Returned
11676,384,2026-05-15,Delivered
11677,30,2025-02-12,Delivered
11678,16,2026-06-01,Delivered
11679,579,2025-03-09,Delivered
11680,200,2025-05-03,Delivered
11681,62,2025-12-02,Delivered
11682,125,2025-06-02,Shipped
11683,473,2025-06-11,Returned
11684,136,2025-08-02,Processing
11685,315,2026-01-11,Processing
11686,60,2026-03-19,Delivered
11687,396,2026-02-27,Delivered
11688,160,2026-06-22,Delivered
11689,450,2025-08-18,Delivered
11690,718,2025-02-28,Cancelled
11691,428,2025-04-06,Delivered
11692,146,2025-09-19,Cancelled
11693,126,2025-12-20,Delivered
11694,170,2025-11-08,Processing
11695,81,2025-05-16,Delivered
11696,90,2026-04-18,Delivered
11697,692,2026-03-06,Shipped
11698,220,2026-06-21,Delivered
11699,264,2025-05-26,Shipped
11700,402,2026-06-08,Delivered
11701,397,2025-03-28,Delivered
11702,34,2025-04-19,Cancelled
11703,752,2026-02-27,Delivered
11704,88,2025-12-11,Shipped
11705,592,2025-09-23,Delivered
11706,665,2026-05-09,Delivered
11707,580,2025-11-29,Delivered
11708,388,2026-02-17,Delivered
11709,8,2025-07-10,Delivered
11710,198,2025-05-22,Delivered
11711,418,2025-03-14,Delivered
11712,222,2025-06-16,Delivered
11713,799,2025-06-17,Shipped
11714,154,2025-09-16,Delivered
11715,145,2026-03-15,Delivered
11716,131,2025-04-21,Delivered
11717,175,2026-06-15,Delivered
11718,369,2025-10-17,Delivered
11719,568,2026-05-25,Delivered
11720,503,2025-06-24,Returned
11721,717,2025-10-29,Shipped
11722,832,2025-07-04,Delivered
11723,729,2025-12-05,Delivered
11724,10,2026-05-25,Shipped
11725,611,2025-11-06,Delivered
11726,103,2026-05-22,Shipped
11727,66,2025-12-12,Cancelled
11728,467,2025-03-22,Delivered
11729,163,2026-01-09,Delivered
11730,29,2025-06-05,Shipped
11731,68,2026-03-08,Returned
11732,1,2026-05-15,Delivered
11733,858,2025-05-27,Shipped
11734,13,2026-04-26,Delivered
11735,103,2026-03-11,Delivered
11736,247,2026-06-03,Shipped
11737,195,2025-03-10,Cancelled
11738,870,2025-07-05,Delivered
11739,20,2025-07-23,Shipped
11740,330,2025-01-13,Delivered
11741,529,2025-10-01,Delivered
11742,900,2025-10-25,Delivered
11743,441,2025-02-20,Delivered
11744,711,2026-05-15,Delivered
11745,42,2026-01-04,Delivered
11746,221,2025-12-23,Shipped
11747,210,2025-01-03,Processing
11748,833,2025-09-11,Delivered
11749,75,2026-04-20,Delivered
11750,75,2026-05-21,Delivered
11751,171,2025-09-13,Returned
11752,27,2025-05-30,Delivered
11753,90,2026-05-03,Delivered
11754,949,2025-10-06,Delivered
11755,257,2025-02-28,Delivered
11756,458,2026-03-22,Delivered
11757,597,2025-04-23,Processing
11758,204,2026-05-04,Processing
11759,73,2026-02-11,Delivered
11760,102,2026-01-02,Delivered
11761,158,2025-03-01,Delivered
11762,464,2025-11-25,Cancelled
11763,231,2026-04-14,Delivered
11764,4,2025-03-04,Delivered
11765,340,2025-07-03,Delivered
11766,885,2025-11-07,Delivered
11767,723,2026-06-22,Delivered
11768,743,2025-06-26,Delivered
11769,698,2026-03-05,Delivered
11770,167,2025-03-14,Delivered
11771,654,2025-06-16,Delivered
11772,71,2025-08-13,Delivered
11773,496,2025-01-09,Delivered
11774,472,2025-08-24,Delivered
11775,13,2025-01-28,Delivered
11776,688,2025-01-27,Cancelled
11777,858,2025-07-15,Delivered
11778,132,2025-07-22,Delivered
11779,724,2025-03-26,Delivered
11780,41,2025-01-30,Delivered
11781,410,2026-04-11,Delivered
11782,307,2025-04-09,Shipped
11783,359,2025-07-09,Delivered
11784,892,2025-01-12,Delivered
11785,811,2025-01-30,Cancelled
11786,683,2025-02-07,Cancelled
11787,135,2025-10-21,Returned
11788,870,2025-12-26,Shipped
11789,48,2025-06-29,Cancelled
11790,784,2025-04-22,Delivered
11791,171,2026-03-20,Delivered
11792,27,2025-01-21,Delivered
11793,513,2025-05-25,Shipped
11794,114,2026-05-14,Cancelled
11795,120,2025-05-26,Delivered
11796,151,2026-03-17,Delivered
11797,32,2026-02-25,Shipped
11798,88,2025-11-12,Cancelled
11799,3,2025-06-15,Delivered
11800,272,2025-07-22,Returned
11801,42,2026-05-11,Delivered
11802,532,2026-04-13,Delivered
11803,116,2026-01-20,Delivered
11804,917,2025-11-10,Delivered
11805,811,2025-09-12,Delivered
11806,143,2025-01-23,Shipped
11807,681,2025-12-05,Shipped
11808,710,2026-05-08,Shipped
11809,981,2026-05-26,Delivered
11810,407,2026-01-01,Delivered
11811,41,2026-01-07,Delivered
11812,480,2025-08-07,Delivered
11813,447,2026-04-20,Delivered
11814,467,2026-02-27,Delivered
11815,152,2025-12-22,Delivered
11816,794,2026-04-05,Shipped
11817,941,2026-05-18,Delivered
11818,108,2025-01-27,Returned
11819,44,2025-08-11,Delivered
11820,96,2025-05-28,Returned
11821,736,2026-02-28,Delivered
11822,524,2025-12-17,Delivered
11823,464,2025-07-05,Delivered
11824,234,2026-02-19,Processing
11825,387,2026-03-05,Delivered
11826,153,2025-02-10,Delivered
11827,300,2026-01-28,Processing
11828,695,2025-03-20,Delivered
11829,973,2026-06-28,Delivered
11830,901,2026-03-26,Delivered
11831,903,2026-04-19,Delivered
11832,235,2025-05-22,Delivered
11833,293,2025-09-08,Delivered
11834,566,2025-10-21,Delivered
11835,886,2025-05-16,Delivered
11836,70,2026-04-29,Shipped
11837,150,2025-11-08,Delivered
11838,69,2025-02-15,Delivered
11839,428,2025-08-24,Delivered
11840,152,2025-02-17,Delivered
11841,169,2025-07-17,Delivered
11842,35,2025-03-25,Delivered
11843,189,2026-06-27,Delivered
11844,798,2025-06-10,Cancelled
11845,115,2026-03-04,Delivered
11846,551,2025-03-12,Delivered
11847,454,2026-06-04,Delivered
11848,799,2025-02-21,Delivered
11849,66,2025-02-14,Processing
11850,967,2025-10-20,Delivered
11851,391,2026-04-10,Delivered
11852,994,2026-01-15,Delivered
11853,870,2026-04-23,Delivered
11854,109,2025-09-19,Delivered
11855,28,2025-06-28,Delivered
11856,126,2025-12-23,Delivered
11857,344,2026-02-23,Delivered
11858,85,2025-07-20,Delivered
11859,83,2025-01-13,Delivered
11860,287,2026-03-19,Delivered
11861,17,2025-10-13,Delivered
11862,60,2025-09-15,Returned
11863,247,2026-05-05,Delivered
11864,32,2026-05-13,Returned
11865,230,2025-11-29,Delivered
11866,297,2025-02-01,Shipped
11867,277,2025-02-12,Delivered
11868,808,2025-12-17,Delivered
11869,346,2025-11-30,Processing
11870,292,2025-09-27,Cancelled
11871,242,2026-02-17,Delivered
11872,731,2025-01-19,Delivered
11873,846,2025-12-13,Delivered
11874,784,2025-02-06,Cancelled
11875,519,2025-04-02,Delivered
11876,68,2025-07-04,Delivered
11877,137,2025-01-28,Shipped
11878,23,2026-01-07,Shipped
11879,898,2026-06-14,Delivered
11880,500,2025-12-11,Delivered
11881,626,2026-02-23,Returned
11882,156,2025-07-15,Delivered
11883,773,2025-03-19,Shipped
11884,128,2025-06-16,Delivered
11885,1,2025-03-31,Delivered
11886,212,2025-09-21,Delivered
11887,381,2026-04-17,Delivered
11888,301,2025-07-27,Shipped
11889,797,2025-09-28,Delivered
11890,52,2025-09-20,Shipped
11891,366,2026-05-21,Delivered
11892,331,2026-05-27,Delivered
11893,139,2026-06-08,Delivered
11894,738,2025-11-08,Delivered
11895,636,2025-06-23,Delivered
11896,606,2026-03-07,Shipped
11897,818,2026-04-08,Processing
11898,592,2025-04-11,Delivered
11899,114,2025-01-16,Delivered
11900,566,2025-09-15,Delivered
11901,153,2025-09-01,Shipped
11902,120,2025-12-14,Shipped
11903,36,2025-09-06,Shipped
11904,623,2025-04-15,Delivered
11905,574,2025-10-14,Delivered
11906,116,2025-06-18,Delivered
11907,631,2026-02-24,Delivered
11908,879,2025-02-16,Shipped
11909,54,2025-02-12,Delivered
11910,115,2025-11-17,Cancelled
11911,632,2025-08-09,Processing
11912,135,2026-05-28,Processing
11913,447,2026-03-17,Cancelled
11914,40,2025-05-24,Delivered
11915,278,2025-01-28,Processing
11916,616,2025-06-16,Delivered
11917,538,2025-09-06,Delivered
11918,728,2025-12-23,Shipped
11919,820,2025-04-21,Delivered
11920,666,2025-08-22,Returned
11921,516,2025-01-24,Delivered
11922,16,2025-01-26,Shipped
11923,350,2026-01-16,Delivered
11924,19,2025-12-12,Delivered
11925,717,2026-01-13,Delivered
11926,164,2026-06-06,Processing
11927,374,2025-01-17,Delivered
11928,138,2025-09-02,Shipped
11929,680,2026-06-23,Delivered
11930,833,2025-07-21,Delivered
11931,232,2025-09-05,Delivered
11932,798,2025-04-28,Delivered
11933,132,2025-01-09,Shipped
11934,350,2025-01-23,Delivered
11935,792,2025-08-28,Delivered
11936,169,2025-01-27,Delivered
11937,933,2025-03-22,Delivered
11938,60,2025-07-18,Delivered
11939,9,2025-04-02,Processing
11940,859,2025-03-25,Delivered
11941,34,2025-10-27,Delivered
11942,989,2025-10-23,Delivered
11943,929,2026-03-30,Delivered
11944,68,2025-10-08,Delivered
11945,352,2025-02-28,Delivered
11946,91,2025-12-08,Shipped
11947,257,2026-04-10,Delivered
11948,31,2025-12-08,Delivered
11949,111,2025-03-03,Delivered
11950,201,2026-03-05,Delivered
11951,266,2025-09-13,Returned
11952,967,2025-12-13,Delivered
11953,717,2026-06-10,Returned
11954,613,2025-10-31,Delivered
11955,352,2025-09-02,Delivered
11956,764,2026-02-16,Delivered
11957,180,2025-08-05,Delivered
11958,571,2026-05-31,Delivered
11959,991,2026-04-19,Delivered
11960,159,2025-02-05,Delivered
11961,520,2025-06-27,Delivered
11962,771,2026-01-22,Delivered
11963,876,2025-01-17,Delivered
11964,584,2025-02-17,Cancelled
11965,140,2025-03-03,Delivered
11966,169,2025-03-10,Shipped
11967,11,2026-01-01,Delivered
11968,648,2025-06-11,Delivered
11969,22,2026-05-03,Delivered
11970,801,2026-03-07,Delivered
11971,59,2026-05-04,Delivered
11972,85,2025-08-18,Delivered
11973,299,2026-01-05,Delivered
11974,614,2025-06-27,Delivered
11975,69,2026-02-14,Processing
11976,268,2025-09-27,Delivered
11977,305,2025-07-25,Delivered
11978,105,2025-03-23,Delivered
11979,57,2025-07-12,Processing
11980,759,2025-07-08,Delivered
11981,322,2025-10-03,Delivered
11982,8,2025-03-15,Cancelled
11983,710,2025-01-10,Shipped
11984,972,2025-08-04,Delivered
11985,419,2025-10-17,Delivered
11986,323,2026-03-21,Shipped
11987,821,2025-07-12,Processing
11988,930,2025-10-16,Delivered
11989,638,2025-05-24,Delivered
11990,272,2026-01-24,Delivered
11991,400,2026-02-11,Delivered
11992,559,2026-01-05,Shipped
11993,96,2026-03-17,Delivered
11994,274,2026-06-13,Returned
11995,749,2025-01-13,Shipped
11996,491,2025-12-06,Delivered
11997,243,2025-11-08,Delivered
11998,504,2025-04-14,Delivered
11999,59,2025-12-05,Delivered
12000,234,2025-07-17,Delivered
12001,695,2025-10-27,Delivered
12002,109,2026-03-20,Delivered
12003,92,2025-12-25,Delivered
12004,928,2026-01-03,Processing
12005,104,2025-06-18,Delivered
12006,129,2025-05-29,Delivered
12007,956,2025-02-11,Shipped
12008,609,2025-07-21,Delivered
12009,557,2025-09-01,Delivered
12010,784,2026-04-09,Delivered
12011,57,2026-03-25,Returned
12012,567,2026-03-13,Delivered
12013,323,2026-06-15,Delivered
12014,748,2025-09-30,Delivered
12015,327,2026-03-06,Delivered
12016,440,2025-08-01,Delivered
12017,300,2025-04-14,Delivered
12018,301,2025-07-11,Returned
12019,658,2026-01-15,Cancelled
12020,453,2025-03-22,Delivered
12021,460,2026-01-12,Delivered
12022,276,2025-06-03,Delivered
12023,347,2025-08-28,Processing
12024,625,2026-01-09,Delivered
12025,744,2025-07-23,Delivered
12026,553,2025-12-16,Shipped
12027,889,2025-05-23,Shipped
12028,735,2025-07-08,Delivered
12029,373,2025-09-29,Cancelled
12030,516,2026-06-16,Cancelled
12031,892,2025-10-27,Delivered
12032,439,2026-03-02,Delivered
12033,742,2025-02-15,Returned
12034,541,2025-04-05,Delivered
12035,365,2025-03-05,Delivered
12036,119,2026-02-17,Delivered
12037,255,2025-01-09,Cancelled
12038,953,2026-04-04,Shipped
12039,496,2026-02-13,Delivered
12040,375,2026-04-15,Returned
12041,902,2026-05-21,Shipped
12042,395,2025-03-14,Processing
12043,342,2025-03-25,Delivered
12044,645,2025-02-28,Delivered
12045,577,2025-01-21,Shipped
12046,95,2026-04-03,Delivered
12047,295,2025-06-06,Delivered
12048,296,2025-11-25,Processing
12049,214,2025-07-22,Delivered
12050,335,2025-04-16,Processing
12051,244,2025-05-02,Delivered
12052,99,2025-11-14,Delivered
12053,244,2025-07-01,Delivered
12054,36,2025-11-12,Delivered
12055,385,2026-02-10,Delivered
12056,785,2025-03-11,Processing
12057,595,2025-06-09,Delivered
12058,198,2025-08-28,Delivered
12059,43,2026-06-07,Delivered
12060,100,2025-05-18,Delivered
12061,359,2026-05-10,Delivered
12062,102,2025-09-04,Delivered
12063,358,2026-06-27,Delivered
12064,114,2026-06-08,Shipped
12065,778,2025-08-31,Delivered
12066,230,2025-12-02,Shipped
12067,121,2026-02-26,Shipped
12068,724,2025-07-13,Returned
12069,183,2025-11-04,Delivered
12070,55,2026-05-21,Delivered
12071,381,2025-10-08,Delivered
12072,390,2026-03-15,Returned
12073,580,2026-04-28,Delivered
12074,119,2025-08-11,Delivered
12075,271,2025-04-27,Delivered
12076,139,2025-07-11,Delivered
12077,40,2026-05-31,Delivered
12078,819,2026-06-14,Delivered
12079,601,2025-11-03,Delivered
12080,149,2026-06-16,Delivered
12081,410,2025-05-02,Delivered
12082,99,2025-06-03,Delivered
12083,839,2026-06-21,Delivered
12084,57,2026-03-28,Returned
12085,2,2025-06-18,Delivered
12086,321,2025-02-28,Processing
12087,392,2025-10-28,Delivered
12088,388,2025-04-27,Cancelled
12089,27,2025-05-07,Delivered
12090,158,2026-02-09,Delivered
12091,319,2026-02-03,Delivered
12092,107,2026-05-30,Shipped
12093,813,2026-05-13,Delivered
12094,43,2026-06-12,Delivered
12095,309,2026-02-02,Delivered
12096,545,2025-09-22,Delivered
12097,129,2025-09-20,Delivered
12098,446,2026-02-02,Delivered
12099,749,2026-06-11,Delivered
12100,94,2026-03-12,Delivered
12101,878,2025-12-26,Processing
12102,366,2025-05-09,Delivered
12103,148,2025-08-29,Delivered
12104,260,2025-08-10,Processing
12105,157,2025-08-02,Delivered
12106,595,2025-05-15,Delivered
12107,700,2026-01-21,Processing
12108,754,2025-10-30,Delivered
12109,980,2025-10-14,Delivered
12110,693,2025-07-08,Returned
12111,413,2025-10-24,Cancelled
12112,180,2026-06-10,Delivered
12113,358,2026-01-24,Delivered
12114,21,2026-04-04,Delivered
12115,624,2025-09-18,Delivered
12116,273,2025-04-23,Delivered
12117,10,2025-02-05,Delivered
12118,31,2025-03-20,Cancelled
12119,222,2025-10-02,Processing
12120,392,2025-10-05,Delivered
12121,289,2025-11-08,Delivered
12122,439,2026-06-13,Delivered
12123,303,2025-07-23,Delivered
12124,502,2025-01-17,Delivered
12125,108,2026-04-21,Shipped
12126,56,2026-05-26,Delivered
12127,405,2025-07-29,Processing
12128,306,2026-05-14,Delivered
12129,14,2026-02-06,Delivered
12130,216,2026-03-05,Delivered
12131,53,2025-03-19,Delivered
12132,347,2025-03-21,Cancelled
12133,229,2025-11-02,Shipped
12134,430,2025-02-27,Delivered
12135,714,2026-06-14,Delivered
12136,148,2025-07-27,Delivered
12137,945,2026-05-26,Returned
12138,351,2025-05-15,Shipped
12139,437,2026-06-06,Delivered
12140,529,2025-03-24,Delivered
12141,509,2025-02-13,Delivered
12142,329,2026-04-28,Delivered
12143,258,2026-05-08,Delivered
12144,27,2026-05-14,Delivered
12145,11,2025-01-18,Cancelled
12146,196,2025-10-21,Delivered
12147,175,2025-05-28,Delivered
12148,222,2026-04-17,Cancelled
12149,69,2025-06-21,Delivered
12150,614,2026-06-15,Delivered
12151,790,2025-04-30,Delivered
12152,910,2025-03-07,Delivered
12153,313,2025-05-21,Delivered
12154,559,2026-03-22,Delivered
12155,787,2026-05-21,Shipped
12156,249,2025-07-08,Delivered
12157,154,2025-06-07,Shipped
12158,907,2025-09-03,Delivered
12159,333,2025-02-02,Shipped
12160,317,2025-12-27,Delivered
12161,88,2025-11-26,Shipped
12162,54,2026-05-27,Delivered
12163,768,2025-03-12,Delivered
12164,431,2025-11-09,Delivered
12165,168,2025-03-20,Processing
12166,95,2025-06-18,Delivered
12167,368,2025-06-29,Delivered
12168,392,2025-09-17,Delivered
12169,102,2026-05-01,Shipped
12170,781,2025-01-05,Delivered
12171,42,2025-10-24,Cancelled
12172,195,2025-12-26,Returned
12173,529,2025-04-27,Delivered
12174,135,2025-12-23,Delivered
12175,746,2026-03-15,Shipped
12176,617,2025-11-27,Delivered
12177,689,2026-06-09,Delivered
12178,59,2025-07-07,Cancelled
12179,70,2025-10-08,Returned
12180,141,2026-05-26,Cancelled
12181,335,2026-04-11,Delivered
12182,629,2025-04-25,Delivered
12183,759,2025-08-24,Delivered
12184,564,2025-12-04,Delivered
12185,895,2026-06-06,Delivered
12186,615,2025-07-18,Delivered
12187,152,2025-02-19,Delivered
12188,131,2025-05-22,Shipped
12189,552,2026-06-12,Shipped
12190,95,2026-05-29,Processing
12191,46,2025-01-30,Delivered
12192,348,2025-03-23,Delivered
12193,737,2025-01-31,Shipped
12194,50,2025-11-29,Delivered
12195,694,2025-06-26,Delivered
12196,723,2026-01-05,Delivered
12197,304,2026-06-19,Delivered
12198,29,2025-04-16,Delivered
12199,86,2025-04-07,Processing
12200,569,2025-08-18,Cancelled
12201,575,2025-08-15,Delivered
12202,851,2026-01-06,Delivered
12203,391,2025-04-10,Processing
12204,62,2026-03-21,Delivered
12205,60,2026-04-13,Delivered
12206,589,2025-02-24,Cancelled
12207,91,2025-07-14,Shipped
12208,171,2026-06-04,Cancelled
12209,309,2026-02-28,Delivered
12210,13,2025-11-11,Delivered
12211,123,2025-05-08,Processing
12212,240,2025-02-01,Delivered
12213,138,2025-04-03,Shipped
12214,68,2026-06-03,Delivered
12215,599,2025-09-15,Processing
12216,725,2025-08-08,Delivered
12217,127,2025-04-16,Delivered
12218,668,2026-02-20,Delivered
12219,220,2025-11-05,Shipped
12220,325,2026-01-01,Delivered
12221,788,2026-06-05,Delivered
12222,632,2026-04-04,Cancelled
12223,713,2026-01-05,Delivered
12224,68,2025-11-27,Delivered
12225,35,2025-01-11,Delivered
12226,843,2026-05-22,Cancelled
12227,222,2026-02-23,Delivered
12228,142,2025-05-02,Delivered
12229,594,2025-08-23,Processing
12230,759,2025-11-27,Delivered
12231,798,2026-06-27,Delivered
12232,160,2025-12-14,Delivered
12233,783,2026-02-16,Shipped
12234,21,2025-08-12,Delivered
12235,25,2025-06-02,Processing
12236,445,2025-07-31,Cancelled
12237,32,2025-04-02,Delivered
12238,167,2025-11-27,Shipped
12239,518,2026-04-12,Delivered
12240,178,2025-08-16,Delivered
12241,89,2025-07-13,Delivered
12242,139,2026-06-14,Cancelled
12243,283,2025-08-31,Delivered
12244,298,2026-01-24,Delivered
12245,680,2025-10-03,Delivered
12246,632,2026-03-26,Delivered
12247,282,2026-04-23,Delivered
12248,773,2026-04-25,Delivered
12249,57,2025-10-15,Delivered
12250,126,2026-06-24,Delivered
12251,747,2025-11-26,Delivered
12252,214,2026-04-15,Delivered
12253,973,2026-06-18,Processing
12254,290,2026-04-12,Returned
12255,694,2026-02-24,Delivered
12256,235,2025-05-02,Delivered
12257,255,2025-11-04,Returned
12258,218,2025-11-30,Shipped
12259,586,2026-02-24,Delivered
12260,361,2025-11-22,Delivered
12261,918,2025-09-07,Delivered
12262,124,2025-04-05,Delivered
12263,50,2025-10-23,Delivered
12264,227,2025-07-03,Cancelled
12265,435,2025-09-17,Delivered
12266,795,2025-07-05,Shipped
12267,186,2026-02-13,Processing
12268,490,2025-03-10,Shipped
12269,190,2025-01-08,Cancelled
12270,436,2025-09-22,Returned
12271,831,2026-04-29,Delivered
12272,114,2026-01-06,Returned
12273,237,2025-03-24,Shipped
12274,991,2025-07-30,Delivered
12275,807,2025-11-09,Shipped
12276,376,2025-12-03,Shipped
12277,334,2026-05-05,Cancelled
12278,140,2026-02-07,Delivered
12279,335,2025-07-10,Delivered
12280,777,2025-12-01,Delivered
12281,536,2026-06-06,Delivered
12282,143,2025-03-28,Delivered
12283,100,2025-03-03,Delivered
12284,131,2026-01-22,Processing
12285,84,2025-05-26,Delivered
12286,48,2025-06-02,Delivered
12287,249,2025-12-15,Delivered
12288,56,2025-06-27,Delivered
12289,85,2026-05-02,Delivered
12290,361,2025-09-04,Delivered
12291,81,2025-09-11,Delivered
12292,32,2026-05-15,Delivered
12293,161,2026-06-25,Delivered
12294,109,2025-12-18,Delivered
12295,333,2026-05-27,Delivered
12296,51,2025-01-13,Delivered
12297,634,2025-05-31,Delivered
12298,862,2025-02-19,Processing
12299,622,2025-08-03,Shipped
12300,348,2026-01-07,Delivered
12301,795,2025-04-23,Delivered
12302,551,2025-09-09,Delivered
12303,6,2025-12-07,Delivered
12304,228,2025-02-22,Processing
12305,781,2025-05-10,Cancelled
12306,186,2025-07-12,Processing
12307,18,2025-02-26,Processing
12308,626,2025-04-07,Shipped
12309,709,2025-07-17,Delivered
12310,79,2025-05-27,Delivered
12311,352,2025-10-22,Processing
12312,95,2025-01-12,Delivered
12313,586,2025-11-29,Delivered
12314,134,2025-08-08,Delivered
12315,160,2026-02-02,Cancelled
12316,772,2025-12-08,Delivered
12317,299,2026-05-27,Shipped
12318,513,2025-06-21,Returned
12319,235,2026-04-13,Shipped
12320,147,2025-06-15,Returned
12321,448,2025-06-19,Shipped
12322,77,2026-05-27,Delivered
12323,209,2025-07-08,Processing
12324,103,2025-04-30,Delivered
12325,552,2025-04-15,Delivered
12326,918,2025-02-10,Delivered
12327,994,2025-11-17,Delivered
12328,276,2025-12-01,Delivered
12329,125,2025-06-09,Delivered
12330,270,2025-09-21,Delivered
12331,775,2026-06-14,Processing
12332,102,2026-04-22,Delivered
12333,930,2025-12-18,Delivered
12334,182,2026-06-29,Delivered
12335,980,2025-07-29,Delivered
12336,762,2026-05-11,Cancelled
12337,718,2026-01-17,Delivered
12338,162,2026-04-26,Processing
12339,5,2025-01-05,Delivered
12340,217,2025-02-03,Delivered
12341,149,2025-05-25,Delivered
12342,19,2025-12-17,Delivered
12343,324,2026-04-10,Delivered
12344,235,2025-12-14,Delivered
12345,461,2025-05-05,Delivered
12346,442,2025-09-28,Processing
12347,60,2025-12-23,Shipped
12348,967,2026-06-11,Delivered
12349,92,2026-05-13,Delivered
12350,272,2025-06-02,Delivered
12351,309,2025-02-22,Returned
12352,725,2025-05-29,Delivered
12353,49,2026-05-18,Delivered
12354,258,2026-03-26,Delivered
12355,453,2025-08-07,Delivered
12356,106,2025-10-04,Delivered
12357,451,2026-03-28,Delivered
12358,888,2026-03-04,Processing
12359,997,2025-03-24,Shipped
12360,16,2025-08-06,Delivered
12361,116,2026-06-11,Delivered
12362,155,2026-02-08,Delivered
12363,232,2025-10-17,Cancelled
12364,120,2026-02-24,Processing
12365,101,2025-12-05,Delivered
12366,933,2026-02-23,Delivered
12367,880,2025-07-26,Delivered
12368,24,2025-09-22,Delivered
12369,180,2025-02-05,Shipped
12370,237,2026-01-08,Returned
12371,118,2026-05-03,Delivered
12372,453,2025-09-16,Delivered
12373,470,2026-06-15,Cancelled
12374,780,2025-01-23,Delivered
12375,618,2025-04-14,Returned
12376,357,2025-08-29,Delivered
12377,490,2025-09-10,Cancelled
12378,135,2025-05-22,Delivered
12379,400,2026-03-27,Delivered
12380,310,2025-11-03,Delivered
12381,66,2026-05-15,Delivered
12382,120,2025-01-08,Delivered
12383,144,2025-03-10,Returned
12384,889,2025-03-09,Processing
12385,114,2026-02-12,Delivered
12386,143,2026-06-02,Delivered
12387,206,2025-04-29,Shipped
12388,505,2025-01-31,Shipped
12389,59,2026-06-02,Delivered
12390,933,2026-04-28,Cancelled
12391,802,2025-07-26,Delivered
12392,387,2026-01-22,Delivered
12393,520,2026-02-16,Delivered
12394,9,2026-01-05,Shipped
12395,180,2025-12-19,Delivered
12396,699,2025-12-02,Delivered
12397,39,2025-10-16,Delivered
12398,139,2025-05-20,Delivered
12399,394,2025-10-27,Delivered
12400,127,2025-01-13,Delivered
12401,903,2026-03-04,Delivered
12402,65,2026-02-04,Delivered
12403,702,2025-04-19,Processing
12404,327,2026-04-30,Delivered
12405,632,2025-12-22,Shipped
12406,155,2025-05-29,Delivered
12407,332,2025-11-03,Delivered
12408,789,2026-06-17,Delivered
12409,291,2025-03-01,Delivered
12410,198,2026-03-11,Delivered
12411,351,2025-01-21,Processing
12412,584,2026-01-17,Cancelled
12413,271,2025-09-02,Delivered
12414,910,2025-03-14,Delivered
12415,146,2026-03-25,Returned
12416,298,2025-03-17,Delivered
12417,642,2026-01-25,Delivered
12418,542,2025-12-08,Returned
12419,799,2025-10-17,Returned
12420,996,2025-11-27,Delivered
12421,256,2025-09-16,Delivered
12422,55,2026-03-02,Delivered
12423,15,2025-01-06,Cancelled
12424,598,2025-01-06,Cancelled
12425,815,2025-07-10,Delivered
12426,109,2025-05-28,Shipped
12427,78,2026-02-09,Shipped
12428,31,2025-09-15,Delivered
12429,739,2026-04-24,Processing
12430,156,2025-03-31,Shipped
12431,234,2025-01-10,Delivered
12432,322,2025-03-28,Delivered
12433,764,2025-05-31,Shipped
12434,485,2025-01-30,Delivered
12435,433,2025-05-08,Delivered
12436,87,2025-03-19,Processing
12437,331,2026-02-25,Shipped
12438,581,2025-02-24,Cancelled
12439,961,2026-04-25,Delivered
12440,100,2025-11-01,Delivered
12441,5,2026-06-30,Delivered
12442,38,2025-04-15,Cancelled
12443,212,2025-06-21,Delivered
12444,736,2026-05-14,Delivered
12445,4,2025-01-22,Shipped
12446,282,2025-10-14,Delivered
12447,171,2026-01-26,Returned
12448,26,2025-05-29,Processing
12449,276,2025-09-29,Delivered
12450,126,2025-10-26,Delivered
12451,191,2025-06-21,Delivered
12452,566,2025-02-16,Delivered
12453,338,2025-07-26,Cancelled
12454,62,2026-03-29,Returned
12455,944,2026-01-30,Delivered
12456,463,2025-10-28,Delivered
12457,655,2025-06-25,Delivered
12458,39,2025-04-20,Delivered
12459,24,2025-07-21,Delivered
12460,10,2025-06-17,Delivered
12461,93,2025-03-27,Delivered
12462,245,2025-02-20,Delivered
12463,906,2025-04-22,Shipped
12464,282,2026-04-08,Delivered
12465,143,2026-03-18,Processing
12466,373,2025-09-28,Delivered
12467,56,2025-12-10,Cancelled
12468,425,2025-07-02,Delivered
12469,379,2026-05-18,Cancelled
12470,694,2025-01-10,Processing
12471,981,2026-05-09,Delivered
12472,124,2025-08-22,Delivered
12473,328,2025-10-25,Cancelled
12474,866,2025-09-01,Shipped
12475,684,2026-05-24,Cancelled
12476,309,2025-12-17,Shipped
12477,920,2025-09-24,Delivered
12478,29,2025-07-20,Delivered
12479,899,2025-08-27,Delivered
12480,25,2025-11-30,Returned
12481,361,2026-02-19,Delivered
12482,839,2026-04-29,Delivered
12483,130,2026-03-13,Shipped
12484,296,2025-09-03,Shipped
12485,167,2025-01-08,Delivered
12486,930,2025-06-01,Delivered
12487,740,2026-01-27,Delivered
12488,571,2025-07-30,Delivered
12489,396,2026-01-02,Shipped
12490,736,2025-03-27,Delivered
12491,226,2025-02-24,Processing
12492,274,2026-03-22,Processing
12493,602,2025-10-31,Delivered
12494,196,2025-05-12,Delivered
12495,32,2026-02-25,Delivered
12496,37,2026-01-20,Delivered
12497,57,2025-07-17,Delivered
12498,808,2025-02-16,Processing
12499,296,2025-07-22,Delivered
12500,577,2025-09-18,Processing
12501,227,2025-01-24,Delivered
12502,128,2025-12-06,Delivered
12503,187,2026-02-16,Returned
12504,697,2025-09-18,Delivered
12505,448,2025-10-13,Delivered
12506,909,2026-05-28,Delivered
12507,528,2025-03-27,Delivered
12508,381,2026-03-06,Shipped
12509,426,2025-01-31,Delivered
12510,915,2026-03-16,Delivered
12511,688,2025-12-15,Delivered
12512,12,2026-02-16,Cancelled
12513,349,2026-06-12,Delivered
12514,541,2025-11-06,Delivered
12515,630,2026-01-31,Delivered
12516,105,2025-12-04,Delivered
12517,805,2026-03-13,Delivered
12518,935,2025-12-31,Delivered
12519,117,2025-04-23,Delivered
12520,827,2025-06-25,Delivered
12521,48,2025-05-29,Delivered
12522,28,2025-06-27,Cancelled
12523,64,2026-01-17,Shipped
12524,29,2025-08-11,Delivered
12525,772,2025-09-16,Delivered
12526,30,2025-07-08,Delivered
12527,134,2025-11-02,Cancelled
12528,52,2026-01-13,Delivered
12529,146,2025-12-09,Processing
12530,45,2025-06-05,Delivered
12531,511,2025-02-24,Delivered
12532,66,2026-03-18,Returned
12533,782,2025-07-19,Shipped
12534,731,2026-02-07,Processing
12535,7,2025-06-26,Delivered
12536,847,2026-03-25,Delivered
12537,15,2026-06-25,Delivered
12538,118,2025-10-28,Delivered
12539,16,2025-11-03,Delivered
12540,177,2025-09-24,Delivered
12541,332,2025-08-02,Delivered
12542,701,2026-04-28,Delivered
12543,179,2025-09-19,Shipped
12544,566,2025-03-08,Cancelled
12545,93,2025-05-13,Delivered
12546,633,2026-06-24,Delivered
12547,117,2026-05-27,Delivered
12548,71,2025-07-30,Cancelled
12549,92,2025-09-10,Delivered
12550,90,2025-02-07,Shipped
12551,331,2025-02-12,Shipped
12552,772,2026-02-09,Delivered
12553,40,2025-02-15,Delivered
12554,568,2026-03-30,Returned
12555,491,2025-11-01,Delivered
12556,812,2025-08-21,Shipped
12557,121,2025-09-02,Returned
12558,276,2025-10-22,Delivered
12559,891,2026-01-18,Processing
12560,499,2025-06-07,Cancelled
12561,223,2026-02-09,Shipped
12562,65,2025-01-01,Delivered
12563,130,2025-08-05,Delivered
12564,390,2026-05-22,Delivered
12565,585,2025-01-30,Processing
12566,62,2026-06-04,Processing
12567,410,2025-10-02,Delivered
12568,363,2026-05-07,Delivered
12569,332,2025-02-05,Delivered
12570,543,2025-11-07,Shipped
12571,761,2025-02-13,Shipped
12572,166,2025-06-04,Cancelled
12573,837,2025-03-18,Shipped
12574,79,2026-03-14,Processing
12575,86,2026-03-08,Shipped
12576,132,2026-06-26,Delivered
12577,59,2025-02-08,Delivered
12578,114,2025-08-27,Cancelled
12579,53,2025-01-13,Delivered
12580,738,2025-05-02,Delivered
12581,69,2025-05-24,Delivered
12582,628,2026-03-31,Delivered
12583,24,2026-01-03,Delivered
12584,925,2025-09-04,Delivered
12585,574,2025-02-14,Delivered
12586,4,2026-01-10,Delivered
12587,652,2025-10-18,Delivered
12588,332,2025-07-26,Processing
12589,675,2026-06-03,Delivered
12590,339,2025-08-30,Delivered
12591,471,2025-04-24,Delivered
12592,685,2025-10-29,Delivered
12593,237,2025-10-03,Delivered
12594,2,2025-04-06,Processing
12595,779,2025-10-21,Shipped
12596,216,2025-12-26,Delivered
12597,316,2025-10-15,Delivered
12598,4,2025-06-03,Delivered
12599,313,2026-02-27,Returned
12600,981,2025-02-19,Returned
12601,137,2025-07-26,Delivered
12602,229,2025-08-01,Shipped
12603,539,2025-03-07,Processing
12604,727,2025-08-20,Shipped
12605,248,2025-11-16,Shipped
12606,154,2025-05-17,Returned
12607,909,2025-03-06,Delivered
12608,524,2026-05-29,Delivered
12609,59,2025-05-12,Processing
12610,34,2025-11-30,Delivered
12611,305,2025-02-01,Shipped
12612,109,2026-05-13,Delivered
12613,125,2025-08-31,Delivered
12614,820,2025-07-11,Delivered
12615,45,2025-05-22,Delivered
12616,581,2025-07-10,Delivered
12617,134,2025-05-29,Returned
12618,647,2026-02-20,Delivered
12619,591,2026-06-04,Shipped
12620,4,2025-01-16,Delivered
12621,328,2025-04-16,Processing
12622,69,2025-10-10,Delivered
12623,803,2025-04-14,Shipped
12624,811,2025-12-27,Delivered
12625,249,2025-02-04,Delivered
12626,271,2025-04-23,Delivered
12627,150,2025-11-04,Delivered
12628,582,2025-02-22,Cancelled
12629,197,2025-03-22,Cancelled
12630,132,2026-01-04,Returned
12631,261,2025-08-30,Delivered
12632,45,2025-01-31,Returned
12633,627,2025-12-27,Processing
12634,7,2025-08-21,Delivered
12635,476,2025-02-03,Delivered
12636,90,2025-08-31,Delivered
12637,115,2025-02-28,Delivered
12638,463,2026-06-13,Delivered
12639,990,2025-03-19,Delivered
12640,673,2025-10-29,Shipped
12641,112,2025-04-22,Delivered
12642,87,2026-02-17,Delivered
12643,803,2025-11-13,Shipped
12644,271,2025-05-25,Processing
12645,68,2025-01-18,Returned
12646,797,2025-12-17,Delivered
12647,729,2025-06-04,Delivered
12648,977,2026-05-21,Delivered
12649,867,2025-12-26,Delivered
12650,782,2025-11-28,Delivered
12651,26,2026-06-12,Delivered
12652,52,2025-01-12,Returned
12653,379,2025-03-16,Delivered
12654,347,2025-07-31,Delivered
12655,283,2025-10-10,Delivered
12656,230,2025-07-14,Shipped
12657,260,2025-01-30,Delivered
12658,380,2025-01-09,Delivered
12659,2,2025-11-05,Delivered
12660,129,2026-03-21,Delivered
12661,335,2025-11-06,Delivered
12662,591,2026-03-02,Delivered
12663,86,2025-04-01,Delivered
12664,360,2026-04-01,Shipped
12665,579,2026-03-20,Delivered
12666,272,2025-03-20,Shipped
12667,14,2026-04-20,Delivered
12668,276,2025-04-13,Delivered
12669,146,2026-04-01,Delivered
12670,897,2025-11-10,Delivered
12671,62,2025-09-04,Delivered
12672,488,2025-08-22,Delivered
12673,26,2025-08-23,Shipped
12674,273,2026-01-22,Processing
12675,366,2025-02-07,Shipped
12676,147,2025-06-10,Delivered
12677,281,2026-04-07,Delivered
12678,81,2026-03-25,Delivered
12679,150,2025-04-27,Shipped
12680,442,2025-08-29,Delivered
12681,149,2025-01-26,Delivered
12682,853,2025-10-25,Processing
12683,452,2025-06-03,Delivered
12684,266,2026-04-13,Delivered
12685,20,2025-02-18,Delivered
12686,319,2025-02-15,Delivered
12687,654,2025-10-12,Cancelled
12688,131,2025-03-23,Delivered
12689,715,2025-02-13,Returned
12690,124,2025-09-30,Delivered
12691,741,2026-01-29,Delivered
12692,42,2025-02-27,Shipped
12693,803,2025-01-01,Delivered
12694,319,2025-08-04,Delivered
12695,146,2025-11-13,Delivered
12696,131,2025-08-16,Delivered
12697,261,2026-04-18,Shipped
12698,999,2026-04-29,Shipped
12699,109,2025-10-14,Shipped
12700,51,2026-05-26,Delivered
12701,393,2026-04-03,Delivered
12702,310,2025-04-05,Delivered
12703,341,2026-05-08,Shipped
12704,509,2025-05-30,Returned
12705,132,2025-01-23,Delivered
12706,869,2025-08-03,Delivered
12707,264,2026-02-03,Delivered
12708,64,2026-02-14,Delivered
12709,620,2025-05-11,Delivered
12710,474,2025-05-28,Delivered
12711,160,2026-01-16,Delivered
12712,442,2025-04-19,Shipped
12713,109,2025-05-01,Processing
12714,272,2025-10-22,Returned
12715,852,2025-04-30,Delivered
12716,66,2026-04-01,Delivered
12717,221,2026-06-14,Delivered
12718,737,2025-06-18,Delivered
12719,955,2025-05-23,Delivered
12720,280,2025-02-06,Shipped
12721,326,2025-09-18,Delivered
12722,382,2025-08-19,Returned
12723,901,2025-09-11,Processing
12724,791,2025-11-25,Shipped
12725,84,2025-10-24,Shipped
12726,265,2025-01-10,Delivered
12727,288,2026-03-22,Shipped
12728,689,2025-08-18,Delivered
12729,415,2026-06-20,Cancelled
12730,490,2025-03-19,Delivered
12731,998,2026-03-01,Delivered
12732,37,2025-07-12,Delivered
12733,110,2026-02-05,Delivered
12734,240,2025-04-19,Delivered
12735,188,2025-09-20,Delivered
12736,11,2025-11-25,Processing
12737,46,2025-12-29,Delivered
12738,530,2026-01-13,Delivered
12739,823,2025-12-07,Delivered
12740,332,2025-09-16,Delivered
12741,354,2025-12-01,Delivered
12742,126,2025-03-26,Shipped
12743,658,2026-06-06,Delivered
12744,634,2025-11-04,Delivered
12745,396,2025-09-19,Delivered
12746,105,2026-03-28,Delivered
12747,48,2025-09-08,Delivered
12748,32,2025-11-20,Shipped
12749,400,2025-08-17,Delivered
12750,742,2025-10-24,Delivered
12751,792,2025-08-25,Delivered
12752,288,2025-08-05,Delivered
12753,682,2025-09-03,Shipped
12754,922,2026-03-24,Delivered
12755,136,2025-11-15,Delivered
12756,231,2026-03-08,Processing
12757,899,2026-02-08,Delivered
12758,179,2025-02-06,Cancelled
12759,873,2025-12-08,Delivered
12760,973,2026-01-24,Delivered
12761,502,2025-02-03,Processing
12762,730,2025-02-08,Processing
12763,631,2025-07-28,Delivered
12764,557,2025-06-01,Shipped
12765,152,2025-12-31,Delivered
12766,29,2025-07-18,Delivered
12767,183,2025-03-20,Delivered
12768,509,2026-04-22,Delivered
12769,51,2026-03-10,Processing
12770,6,2025-02-01,Delivered
12771,69,2025-03-28,Delivered
12772,581,2026-01-28,Shipped
12773,960,2025-09-01,Delivered
12774,976,2025-08-20,Delivered
12775,314,2025-07-11,Delivered
12776,808,2026-06-24,Delivered
12777,612,2025-09-27,Shipped
12778,321,2025-03-18,Delivered
12779,383,2025-06-16,Delivered
12780,68,2025-10-11,Shipped
12781,909,2025-03-30,Delivered
12782,191,2026-06-28,Delivered
12783,273,2025-06-05,Cancelled
12784,516,2025-09-07,Delivered
12785,176,2025-04-05,Delivered
12786,126,2025-01-17,Delivered
12787,456,2025-04-27,Delivered
12788,13,2025-11-29,Delivered
12789,589,2026-06-06,Delivered
12790,332,2025-03-21,Processing
12791,419,2026-03-08,Delivered
12792,458,2025-07-22,Delivered
12793,343,2025-04-26,Shipped
12794,391,2025-08-08,Delivered
12795,534,2025-09-10,Shipped
12796,636,2025-06-18,Delivered
12797,598,2025-11-12,Delivered
12798,808,2026-01-07,Cancelled
12799,94,2025-06-05,Delivered
12800,234,2025-01-13,Returned
12801,923,2026-05-23,Delivered
12802,230,2026-04-10,Delivered
12803,62,2025-08-08,Delivered
12804,342,2025-01-15,Delivered
12805,54,2025-04-27,Shipped
12806,100,2025-11-27,Shipped
12807,998,2025-02-25,Shipped
12808,356,2025-12-17,Delivered
12809,140,2025-05-12,Delivered
12810,993,2025-08-14,Delivered
12811,951,2025-11-04,Delivered
12812,268,2026-04-20,Shipped
12813,129,2025-08-10,Delivered
12814,762,2025-06-22,Delivered
12815,581,2025-12-06,Shipped
12816,539,2026-05-21,Shipped
12817,843,2025-06-06,Delivered
12818,542,2025-05-31,Delivered
12819,140,2025-06-27,Delivered
12820,549,2026-06-17,Delivered
12821,151,2025-04-22,Delivered
12822,645,2025-05-18,Delivered
12823,440,2025-08-21,Processing
12824,39,2025-11-28,Delivered
12825,331,2026-06-26,Delivered
12826,184,2025-11-03,Delivered
12827,171,2025-06-10,Cancelled
12828,414,2026-02-06,Delivered
12829,165,2025-10-05,Shipped
12830,671,2025-11-16,Returned
12831,35,2026-06-17,Shipped
12832,500,2026-05-12,Returned
12833,719,2025-12-29,Delivered
12834,518,2026-01-07,Delivered
12835,317,2025-02-05,Delivered
12836,927,2025-10-30,Delivered
12837,148,2026-03-14,Delivered
12838,10,2025-02-01,Shipped
12839,261,2025-07-05,Delivered
12840,17,2025-06-23,Processing
12841,933,2025-09-07,Delivered
12842,104,2025-10-06,Delivered
12843,689,2025-01-02,Returned
12844,668,2025-07-13,Delivered
12845,108,2025-06-15,Shipped
12846,442,2025-04-20,Shipped
12847,24,2026-01-15,Delivered
12848,305,2025-10-12,Delivered
12849,8,2026-02-25,Delivered
12850,884,2025-04-23,Shipped
12851,965,2025-08-16,Delivered
12852,110,2026-04-16,Delivered
12853,103,2026-06-12,Shipped
12854,637,2026-05-11,Delivered
12855,125,2025-01-31,Shipped
12856,846,2025-06-11,Processing
12857,384,2026-01-13,Processing
12858,190,2026-03-22,Shipped
12859,754,2026-03-03,Delivered
12860,314,2026-05-19,Returned
12861,870,2026-06-11,Delivered
12862,894,2026-06-16,Delivered
12863,82,2026-06-04,Delivered
12864,2,2025-02-03,Returned
12865,977,2026-05-05,Shipped
12866,862,2026-02-27,Shipped
12867,28,2026-04-13,Delivered
12868,754,2025-01-24,Shipped
12869,283,2025-08-04,Shipped
12870,128,2025-02-24,Delivered
12871,822,2025-01-26,Delivered
12872,97,2025-10-08,Delivered
12873,923,2025-11-23,Delivered
12874,102,2025-07-05,Delivered
12875,431,2026-05-10,Delivered
12876,110,2025-01-12,Delivered
12877,359,2026-03-10,Delivered
12878,534,2025-07-27,Delivered
12879,94,2025-05-13,Delivered
12880,338,2025-12-05,Cancelled
12881,293,2025-07-15,Delivered
12882,35,2025-09-19,Delivered
12883,733,2025-10-09,Delivered
12884,177,2026-01-04,Delivered
12885,384,2025-04-13,Cancelled
12886,332,2025-07-02,Delivered
12887,331,2026-02-27,Delivered
12888,53,2025-01-09,Returned
12889,253,2025-09-01,Delivered
12890,278,2026-01-28,Delivered
12891,608,2026-06-11,Delivered
12892,765,2025-02-06,Delivered
12893,359,2025-06-27,Returned
12894,43,2025-03-13,Delivered
12895,117,2025-12-18,Cancelled
12896,82,2025-05-29,Returned
12897,62,2025-04-15,Delivered
12898,203,2025-08-09,Delivered
12899,113,2026-01-09,Delivered
12900,108,2026-06-02,Delivered
12901,27,2025-09-17,Delivered
12902,9,2025-10-26,Delivered
12903,51,2025-02-11,Delivered
12904,85,2026-05-07,Cancelled
12905,260,2026-03-15,Delivered
12906,329,2025-02-16,Shipped
12907,70,2025-03-26,Cancelled
12908,254,2025-02-27,Delivered
12909,182,2025-07-28,Delivered
12910,91,2025-09-05,Delivered
12911,4,2025-07-30,Delivered
12912,291,2025-02-08,Delivered
12913,537,2025-09-09,Delivered
12914,112,2026-02-17,Delivered
12915,65,2026-03-22,Returned
12916,834,2025-02-21,Delivered
12917,136,2026-01-09,Delivered
12918,110,2026-06-10,Delivered
12919,790,2025-06-05,Delivered
12920,731,2026-06-26,Delivered
12921,275,2025-03-31,Cancelled
12922,310,2025-12-17,Delivered
12923,108,2025-03-10,Delivered
12924,39,2025-06-12,Delivered
12925,383,2025-08-30,Delivered
12926,49,2026-05-10,Delivered
12927,276,2026-01-18,Delivered
12928,913,2025-02-21,Delivered
12929,931,2025-03-04,Delivered
12930,118,2026-05-24,Delivered
12931,446,2025-10-19,Delivered
12932,297,2025-04-01,Delivered
12933,817,2026-02-28,Returned
12934,134,2025-12-31,Delivered
12935,2,2025-05-30,Shipped
12936,80,2025-09-28,Delivered
12937,189,2025-04-26,Delivered
12938,160,2026-05-31,Delivered
12939,693,2025-08-29,Delivered
12940,529,2025-01-30,Delivered
12941,148,2025-05-23,Delivered
12942,283,2025-11-22,Cancelled
12943,47,2025-01-16,Shipped
12944,850,2025-04-21,Delivered
12945,905,2025-04-17,Delivered
12946,971,2026-01-14,Cancelled
12947,807,2025-06-11,Shipped
12948,86,2025-10-10,Delivered
12949,23,2025-09-26,Processing
12950,389,2026-04-29,Delivered
12951,872,2025-03-14,Delivered
12952,88,2025-07-16,Delivered
12953,4,2025-08-31,Processing
12954,714,2025-09-16,Cancelled
12955,38,2025-05-29,Cancelled
12956,245,2026-01-25,Delivered
12957,527,2026-02-20,Cancelled
12958,117,2026-03-02,Delivered
12959,42,2025-08-05,Delivered
12960,661,2025-03-27,Delivered
12961,455,2025-08-04,Delivered
12962,984,2026-02-27,Delivered
12963,185,2025-11-16,Delivered
12964,31,2025-04-28,Cancelled
12965,609,2026-02-19,Delivered
12966,338,2025-02-09,Delivered
12967,105,2025-06-10,Cancelled
12968,679,2026-06-21,Delivered
12969,101,2026-02-24,Delivered
12970,129,2025-04-05,Shipped
12971,46,2026-03-18,Delivered
12972,232,2026-04-11,Shipped
12973,249,2025-10-15,Delivered
12974,332,2026-02-16,Processing
12975,571,2026-02-04,Delivered
12976,862,2026-06-12,Delivered
12977,68,2025-01-18,Delivered
12978,27,2025-05-16,Delivered
12979,10,2026-04-09,Delivered
12980,71,2025-09-05,Cancelled
12981,496,2025-01-01,Shipped
12982,599,2026-01-16,Delivered
12983,686,2026-05-24,Cancelled
12984,120,2026-04-05,Delivered
12985,151,2026-05-20,Delivered
12986,305,2026-04-21,Delivered
12987,32,2025-02-01,Delivered
12988,427,2025-04-28,Processing
12989,977,2025-07-03,Delivered
12990,199,2025-07-10,Delivered
12991,636,2025-03-15,Shipped
12992,320,2025-04-13,Cancelled
12993,63,2026-02-24,Cancelled
12994,391,2026-04-18,Delivered
12995,148,2025-04-24,Delivered
12996,17,2026-01-14,Delivered
12997,462,2025-11-09,Delivered
12998,792,2025-11-26,Cancelled
12999,185,2025-12-05,Cancelled
13000,224,2025-08-26,Cancelled
13001,840,2025-06-22,Delivered
13002,726,2025-03-20,Processing
13003,580,2026-04-09,Cancelled
13004,123,2026-05-16,Delivered
13005,868,2025-10-12,Delivered
13006,76,2025-08-11,Shipped
13007,450,2025-09-23,Delivered
13008,15,2026-01-08,Returned
13009,475,2025-08-21,Delivered
13010,137,2025-08-24,Shipped
13011,276,2025-11-10,Shipped
13012,185,2026-01-15,Delivered
13013,85,2026-02-24,Processing
13014,443,2025-02-21,Delivered
13015,826,2026-05-24,Delivered
13016,940,2025-07-24,Delivered
13017,95,2025-09-14,Delivered
13018,584,2025-07-04,Shipped
13019,505,2025-05-25,Cancelled
13020,184,2025-01-14,Delivered
13021,10,2025-09-03,Delivered
13022,543,2025-07-06,Delivered
13023,920,2025-12-03,Shipped
13024,458,2025-09-16,Returned
13025,263,2025-02-09,Delivered
13026,341,2026-02-22,Delivered
13027,99,2025-12-17,Delivered
13028,633,2025-01-09,Delivered
13029,626,2025-12-16,Shipped
13030,72,2025-03-25,Delivered
13031,821,2026-06-17,Delivered
13032,133,2025-12-24,Cancelled
13033,974,2026-01-13,Shipped
13034,218,2025-06-21,Shipped
13035,88,2025-01-25,Cancelled
13036,191,2026-01-28,Returned
13037,268,2025-04-13,Delivered
13038,35,2025-08-24,Delivered
13039,387,2026-02-14,Delivered
13040,407,2025-11-28,Shipped
13041,615,2026-06-16,Delivered
13042,15,2025-01-29,Delivered
13043,355,2026-06-27,Delivered
13044,27,2025-01-19,Shipped
13045,560,2025-05-28,Delivered
13046,28,2026-04-16,Delivered
13047,870,2026-05-06,Delivered
13048,561,2025-10-10,Shipped
13049,326,2025-04-23,Delivered
13050,269,2026-03-31,Delivered
13051,65,2025-11-26,Delivered
13052,144,2025-09-12,Delivered
13053,807,2026-02-03,Delivered
13054,860,2026-05-23,Delivered
13055,1,2026-04-11,Delivered
13056,402,2026-02-11,Shipped
13057,586,2025-04-08,Delivered
13058,438,2025-10-17,Delivered
13059,41,2025-06-05,Shipped
13060,108,2025-06-11,Shipped
13061,124,2025-04-07,Delivered
13062,752,2026-01-12,Delivered
13063,288,2026-03-26,Processing
13064,308,2025-04-27,Shipped
13065,904,2026-05-21,Delivered
13066,465,2025-07-08,Delivered
13067,851,2026-04-21,Delivered
13068,282,2025-11-19,Delivered
13069,74,2025-06-29,Delivered
13070,897,2025-06-30,Delivered
13071,284,2025-10-14,Delivered
13072,90,2026-04-20,Delivered
13073,149,2025-09-19,Delivered
13074,25,2026-06-07,Delivered
13075,292,2025-06-11,Delivered
13076,784,2026-05-02,Delivered
13077,903,2025-06-30,Shipped
13078,901,2026-04-14,Delivered
13079,62,2025-01-21,Shipped
13080,217,2025-10-02,Delivered
13081,14,2025-09-17,Delivered
13082,787,2025-11-29,Delivered
13083,197,2026-04-11,Returned
13084,456,2025-04-26,Delivered
13085,580,2026-02-17,Delivered
13086,259,2026-06-21,Delivered
13087,152,2025-09-14,Cancelled
13088,945,2025-06-17,Returned
13089,948,2026-06-17,Delivered
13090,143,2025-01-15,Delivered
13091,302,2025-02-19,Delivered
13092,960,2025-10-31,Delivered
13093,3,2026-05-02,Delivered
13094,244,2026-02-20,Processing
13095,50,2025-11-01,Shipped
13096,328,2025-07-15,Delivered
13097,13,2026-01-23,Delivered
13098,239,2026-03-31,Delivered
13099,109,2025-11-06,Delivered
13100,349,2025-05-07,Delivered
13101,995,2025-06-24,Delivered
13102,706,2025-05-14,Delivered
13103,773,2025-03-07,Delivered
13104,463,2026-01-28,Processing
13105,21,2025-12-31,Delivered
13106,102,2025-10-06,Delivered
13107,890,2025-12-29,Delivered
13108,203,2025-06-20,Delivered
13109,51,2025-02-20,Returned
13110,562,2025-11-24,Processing
13111,148,2025-05-25,Delivered
13112,133,2025-10-01,Shipped
13113,998,2025-06-04,Delivered
13114,791,2026-05-23,Returned
13115,240,2025-12-29,Delivered
13116,971,2025-11-21,Delivered
13117,484,2025-10-25,Delivered
13118,620,2026-05-09,Processing
13119,16,2026-06-30,Delivered
13120,60,2025-10-31,Shipped
13121,459,2026-04-12,Delivered
13122,852,2025-08-27,Cancelled
13123,446,2026-06-01,Delivered
13124,66,2025-06-25,Cancelled
13125,57,2026-02-14,Delivered
13126,771,2025-12-30,Delivered
13127,69,2025-01-23,Returned
13128,337,2025-11-14,Returned
13129,19,2026-06-09,Delivered
13130,40,2025-10-03,Delivered
13131,517,2025-08-17,Delivered
13132,542,2025-04-18,Delivered
13133,182,2025-06-25,Delivered
13134,107,2025-11-16,Delivered
13135,726,2025-10-13,Delivered
13136,107,2025-11-25,Shipped
13137,356,2025-12-22,Shipped
13138,954,2025-01-14,Delivered
13139,73,2025-10-02,Delivered
13140,913,2025-03-12,Delivered
13141,90,2025-07-14,Shipped
13142,378,2026-06-07,Delivered
13143,213,2025-04-16,Delivered
13144,949,2025-07-15,Delivered
13145,135,2025-05-25,Delivered
13146,233,2025-12-16,Shipped
13147,975,2026-02-28,Shipped
13148,351,2026-04-16,Delivered
13149,322,2025-08-04,Delivered
13150,127,2025-04-03,Returned
13151,560,2025-09-17,Delivered
13152,8,2026-06-25,Processing
13153,25,2025-10-12,Shipped
13154,410,2026-04-29,Shipped
13155,182,2026-01-07,Delivered
13156,932,2025-03-11,Delivered
13157,858,2026-01-14,Cancelled
13158,578,2025-10-06,Delivered
13159,732,2025-10-29,Delivered
13160,510,2025-09-12,Delivered
13161,62,2025-09-21,Delivered
13162,655,2026-02-28,Shipped
13163,104,2025-08-01,Delivered
13164,166,2025-04-10,Processing
13165,734,2025-04-22,Shipped
13166,351,2025-11-04,Delivered
13167,794,2026-04-20,Delivered
13168,105,2025-04-22,Shipped
13169,422,2025-03-28,Delivered
13170,42,2025-07-02,Returned
13171,474,2025-06-14,Shipped
13172,650,2025-03-31,Delivered
13173,393,2026-03-31,Processing
13174,131,2025-08-26,Delivered
13175,16,2026-06-18,Delivered
13176,59,2025-02-27,Shipped
13177,443,2026-06-26,Processing
13178,904,2026-02-06,Delivered
13179,102,2026-06-03,Delivered
13180,610,2025-07-16,Delivered
13181,804,2025-02-15,Delivered
13182,338,2026-06-14,Delivered
13183,513,2026-02-01,Delivered
13184,728,2025-03-15,Delivered
13185,129,2026-02-20,Cancelled
13186,146,2025-12-01,Delivered
13187,1,2025-10-23,Delivered
13188,946,2025-03-25,Processing
13189,879,2025-01-15,Shipped
13190,653,2025-05-14,Cancelled
13191,39,2026-04-23,Delivered
13192,274,2025-11-15,Delivered
13193,51,2026-01-27,Delivered
13194,8,2026-04-24,Delivered
13195,434,2026-01-03,Delivered
13196,943,2026-01-02,Delivered
13197,857,2025-10-15,Delivered
13198,553,2026-01-13,Delivered
13199,48,2026-04-08,Delivered
13200,135,2025-01-13,Delivered
13201,163,2026-06-20,Delivered
13202,651,2025-06-17,Delivered
13203,709,2025-09-27,Delivered
13204,220,2025-03-11,Delivered
13205,248,2025-11-14,Delivered
13206,22,2026-01-11,Delivered
13207,143,2025-03-30,Delivered
13208,277,2025-09-14,Processing
13209,58,2025-08-05,Delivered
13210,279,2026-03-26,Delivered
13211,784,2026-06-28,Returned
13212,390,2025-05-21,Delivered
13213,39,2025-06-10,Delivered
13214,95,2025-02-01,Delivered
13215,298,2025-06-01,Shipped
13216,199,2025-09-17,Delivered
13217,197,2025-10-06,Delivered
13218,345,2025-10-12,Delivered
13219,393,2026-06-26,Delivered
13220,701,2025-05-28,Delivered
13221,182,2025-03-08,Shipped
13222,714,2025-10-06,Delivered
13223,180,2026-03-19,Delivered
13224,28,2026-02-03,Delivered
13225,367,2025-05-08,Delivered
13226,396,2025-12-03,Processing
13227,904,2026-04-27,Delivered
13228,596,2025-07-05,Delivered
13229,879,2025-06-18,Delivered
13230,865,2025-09-17,Delivered
13231,417,2026-05-22,Delivered
13232,344,2026-06-05,Shipped
13233,369,2026-04-16,Delivered
13234,969,2025-06-10,Processing
13235,666,2025-10-16,Shipped
13236,53,2025-12-06,Processing
13237,674,2026-05-17,Delivered
13238,84,2025-04-16,Delivered
13239,274,2026-04-20,Returned
13240,104,2026-04-08,Shipped
13241,543,2026-04-28,Processing
13242,820,2025-06-02,Delivered
13243,143,2025-05-29,Delivered
13244,41,2025-07-07,Shipped
13245,147,2025-05-11,Delivered
13246,517,2026-03-28,Delivered
13247,171,2026-05-31,Delivered
13248,137,2026-05-06,Delivered
13249,91,2026-04-21,Delivered
13250,317,2025-09-20,Delivered
13251,136,2026-06-22,Delivered
13252,604,2026-04-04,Delivered
13253,38,2026-06-20,Delivered
13254,505,2025-10-22,Delivered
13255,117,2026-03-11,Cancelled
13256,310,2025-10-02,Delivered
13257,141,2025-11-04,Delivered
13258,592,2026-01-11,Shipped
13259,920,2025-06-07,Cancelled
13260,878,2025-07-23,Delivered
13261,392,2025-03-16,Delivered
13262,287,2026-01-15,Delivered
13263,732,2025-10-31,Delivered
13264,533,2025-03-03,Shipped
13265,91,2025-04-18,Returned
13266,736,2025-07-06,Cancelled
13267,258,2025-08-17,Delivered
13268,93,2025-02-17,Delivered
13269,139,2025-09-25,Returned
13270,132,2025-09-11,Delivered
13271,336,2025-03-28,Delivered
13272,116,2025-06-30,Shipped
13273,61,2025-01-25,Delivered
13274,61,2026-01-23,Delivered
13275,392,2025-08-10,Processing
13276,609,2026-02-01,Delivered
13277,165,2026-05-26,Delivered
13278,18,2026-03-16,Delivered
13279,63,2025-06-24,Delivered
13280,875,2025-11-07,Delivered
13281,314,2025-10-01,Delivered
13282,279,2025-02-04,Delivered
13283,19,2025-08-05,Processing
13284,600,2026-02-12,Delivered
13285,344,2026-06-03,Processing
13286,100,2025-09-26,Delivered
13287,55,2026-04-20,Delivered
13288,218,2025-11-21,Delivered
13289,760,2025-12-22,Delivered
13290,802,2025-03-31,Shipped
13291,415,2025-02-11,Delivered
13292,599,2025-12-31,Delivered
13293,57,2025-07-21,Delivered
13294,396,2026-01-01,Delivered
13295,509,2025-10-15,Delivered
13296,99,2026-04-26,Delivered
13297,824,2026-05-16,Delivered
13298,96,2025-02-21,Delivered
13299,158,2025-04-13,Delivered
13300,441,2025-12-27,Delivered
13301,467,2026-02-28,Delivered
13302,557,2025-07-24,Delivered
13303,56,2025-01-14,Shipped
13304,778,2026-04-15,Shipped
13305,348,2026-04-11,Processing
13306,295,2025-10-31,Delivered
13307,973,2026-03-03,Returned
13308,618,2025-04-20,Delivered
13309,59,2026-05-30,Returned
13310,641,2025-03-09,Delivered
13311,47,2025-09-03,Delivered
13312,14,2026-01-24,Delivered
13313,236,2025-11-04,Delivered
13314,991,2025-12-18,Processing
13315,86,2025-03-07,Shipped
13316,518,2026-04-05,Returned
13317,86,2025-12-13,Delivered
13318,595,2025-11-21,Delivered
13319,324,2025-02-02,Delivered
13320,528,2025-03-09,Returned
13321,100,2025-07-06,Delivered
13322,625,2025-07-11,Shipped
13323,994,2025-08-01,Delivered
13324,507,2026-03-04,Delivered
13325,314,2025-12-17,Cancelled
13326,887,2025-04-18,Delivered
13327,8,2025-08-28,Delivered
13328,602,2025-08-04,Delivered
13329,836,2025-06-26,Shipped
13330,31,2025-11-26,Delivered
13331,276,2026-03-26,Delivered
13332,101,2026-03-23,Delivered
13333,377,2026-06-21,Delivered
13334,484,2025-06-28,Delivered
13335,149,2026-01-30,Delivered
13336,285,2025-05-25,Returned
13337,138,2025-07-17,Returned
13338,206,2025-03-25,Delivered
13339,79,2025-03-26,Shipped
13340,832,2026-04-02,Delivered
13341,5,2026-04-21,Delivered
13342,827,2025-09-10,Delivered
13343,382,2025-03-13,Delivered
13344,174,2025-08-11,Delivered
13345,592,2025-10-03,Delivered
13346,326,2025-09-03,Processing
13347,319,2025-12-07,Delivered
13348,55,2026-04-16,Delivered
13349,224,2026-03-30,Delivered
13350,119,2025-01-07,Delivered
13351,8,2025-07-07,Delivered
13352,198,2025-01-04,Delivered
13353,45,2025-05-05,Shipped
13354,127,2025-01-15,Shipped
13355,46,2026-06-09,Delivered
13356,50,2025-08-28,Shipped
13357,98,2025-12-26,Cancelled
13358,1000,2026-06-02,Delivered
13359,2,2025-11-16,Delivered
13360,468,2025-08-19,Delivered
13361,70,2025-01-30,Delivered
13362,883,2026-06-18,Processing
13363,47,2025-06-05,Delivered
13364,934,2026-02-03,Delivered
13365,427,2025-12-12,Delivered
13366,1,2025-07-14,Delivered
13367,844,2025-06-17,Cancelled
13368,338,2026-01-12,Delivered
13369,130,2026-05-04,Delivered
13370,657,2025-12-28,Cancelled
13371,892,2026-04-27,Delivered
13372,305,2025-09-01,Delivered
13373,160,2025-06-20,Delivered
13374,689,2026-05-28,Delivered
13375,531,2026-02-10,Delivered
13376,836,2025-07-26,Delivered
13377,547,2025-06-03,Delivered
13378,120,2025-02-17,Cancelled
13379,900,2025-01-01,Delivered
13380,52,2026-02-11,Delivered
13381,132,2025-04-17,Delivered
13382,337,2025-06-22,Processing
13383,377,2026-05-21,Delivered
13384,8,2025-05-10,Cancelled
13385,677,2026-02-02,Delivered
13386,200,2025-10-21,Cancelled
13387,238,2026-03-23,Delivered
13388,719,2025-01-16,Delivered
13389,215,2025-12-15,Delivered
13390,24,2025-07-22,Shipped
13391,87,2025-05-14,Delivered
13392,935,2026-06-10,Delivered
13393,35,2026-05-23,Delivered
13394,194,2025-03-07,Processing
13395,322,2026-04-25,Shipped
13396,314,2026-04-04,Delivered
13397,2,2025-12-08,Delivered
13398,321,2025-06-08,Delivered
13399,219,2025-06-10,Processing
13400,959,2025-09-11,Shipped
13401,79,2026-06-11,Delivered
13402,193,2025-06-04,Delivered
13403,250,2026-05-01,Returned
13404,225,2026-03-08,Processing
13405,508,2025-01-27,Delivered
13406,106,2025-01-12,Delivered
13407,109,2025-03-08,Delivered
13408,601,2026-06-26,Delivered
13409,320,2025-04-06,Delivered
13410,246,2025-08-03,Delivered
13411,84,2025-07-13,Delivered
13412,93,2025-10-17,Delivered
13413,6,2026-06-28,Delivered
13414,45,2025-02-08,Delivered
13415,369,2025-07-25,Shipped
13416,841,2026-04-29,Delivered
13417,142,2025-12-03,Delivered
13418,170,2026-05-11,Delivered
13419,57,2025-09-06,Cancelled
13420,223,2025-03-15,Shipped
13421,19,2026-01-08,Delivered
13422,879,2025-05-18,Cancelled
13423,518,2026-04-02,Delivered
13424,987,2026-03-20,Returned
13425,828,2025-12-19,Delivered
13426,296,2026-02-15,Delivered
13427,337,2026-06-22,Delivered
13428,94,2026-03-29,Delivered
13429,287,2026-02-23,Delivered
13430,857,2026-03-26,Shipped
13431,26,2025-04-25,Processing
13432,799,2025-02-20,Delivered
13433,182,2026-01-04,Delivered
13434,852,2026-05-30,Delivered
13435,913,2025-07-29,Delivered
13436,515,2026-03-11,Delivered
13437,506,2025-08-15,Delivered
13438,279,2025-09-25,Shipped
13439,758,2025-04-26,Delivered
13440,944,2025-12-26,Delivered
13441,669,2025-11-25,Delivered
13442,443,2025-02-09,Delivered
13443,421,2025-07-01,Delivered
13444,778,2026-05-05,Shipped
13445,355,2025-07-28,Delivered
13446,711,2025-09-30,Delivered
13447,327,2025-04-29,Shipped
13448,31,2026-01-17,Delivered
13449,219,2026-06-20,Shipped
13450,271,2025-09-15,Delivered
13451,70,2026-04-28,Delivered
13452,51,2026-05-24,Processing
13453,350,2025-04-02,Shipped
13454,42,2025-06-10,Delivered
13455,149,2025-05-29,Delivered
13456,624,2025-04-27,Processing
13457,948,2026-04-03,Delivered
13458,584,2025-02-14,Delivered
13459,990,2025-08-22,Shipped
13460,556,2026-01-10,Delivered
13461,145,2025-07-16,Shipped
13462,517,2025-01-25,Shipped
13463,561,2026-01-30,Shipped
13464,208,2025-02-05,Processing
13465,9,2026-04-19,Delivered
13466,563,2025-08-11,Delivered
13467,11,2026-06-14,Delivered
13468,457,2025-07-07,Shipped
13469,81,2026-02-06,Processing
13470,377,2025-09-14,Delivered
13471,323,2025-05-16,Delivered
13472,7,2026-03-20,Cancelled
13473,201,2026-02-22,Delivered
13474,412,2025-10-19,Delivered
13475,777,2025-05-09,Delivered
13476,836,2025-12-07,Returned
13477,306,2025-09-14,Processing
13478,600,2025-04-10,Shipped
13479,160,2025-02-08,Delivered
13480,183,2025-09-20,Processing
13481,96,2025-05-30,Delivered
13482,373,2025-11-26,Cancelled
13483,159,2025-04-30,Delivered
13484,42,2025-08-07,Delivered
13485,536,2025-05-03,Delivered
13486,569,2025-09-01,Delivered
13487,198,2026-06-02,Shipped
13488,38,2025-01-21,Returned
13489,256,2025-07-09,Shipped
13490,270,2025-08-13,Cancelled
13491,512,2026-04-11,Delivered
13492,159,2025-04-09,Shipped
13493,532,2025-12-29,Processing
13494,811,2025-03-24,Shipped
13495,117,2025-02-25,Delivered
13496,969,2025-01-22,Delivered
13497,221,2025-07-04,Shipped
13498,132,2026-06-06,Delivered
13499,252,2025-09-21,Processing
13500,47,2025-08-13,Returned
13501,62,2025-02-07,Delivered
13502,245,2025-05-03,Shipped
13503,650,2025-06-05,Shipped
13504,853,2025-10-28,Delivered
13505,506,2025-03-08,Delivered
13506,52,2026-01-29,Cancelled
13507,517,2026-02-09,Delivered
13508,463,2026-03-25,Delivered
13509,714,2025-05-11,Processing
13510,743,2025-03-10,Delivered
13511,806,2025-12-11,Processing
13512,245,2025-11-16,Delivered
13513,555,2025-06-26,Delivered
13514,132,2026-06-13,Cancelled
13515,1000,2025-06-09,Delivered
13516,87,2026-06-17,Processing
13517,5,2025-05-15,Processing
13518,74,2025-04-21,Shipped
13519,670,2025-10-10,Delivered
13520,273,2026-06-04,Delivered
13521,274,2025-07-13,Cancelled
13522,934,2025-02-16,Delivered
13523,882,2025-12-08,Delivered
13524,156,2025-08-30,Delivered
13525,103,2026-06-06,Delivered
13526,777,2026-01-05,Cancelled
13527,862,2025-05-11,Processing
13528,356,2025-09-27,Returned
13529,454,2025-03-02,Delivered
13530,127,2025-06-13,Shipped
13531,707,2026-06-09,Delivered
13532,458,2025-09-29,Delivered
13533,323,2025-05-13,Delivered
13534,30,2025-09-01,Cancelled
13535,877,2026-03-10,Processing
13536,433,2025-02-07,Cancelled
13537,95,2025-11-15,Processing
13538,420,2026-05-25,Processing
13539,525,2026-01-11,Delivered
13540,342,2026-04-19,Processing
13541,585,2025-02-28,Delivered
13542,390,2026-05-14,Delivered
13543,923,2025-08-06,Delivered
13544,27,2025-05-09,Delivered
13545,53,2026-01-18,Delivered
13546,86,2026-01-23,Delivered
13547,544,2025-03-26,Shipped
13548,478,2026-05-25,Cancelled
13549,841,2026-03-13,Processing
13550,606,2025-10-20,Delivered
13551,327,2025-02-18,Delivered
13552,988,2025-03-08,Delivered
13553,131,2025-05-09,Delivered
13554,754,2025-01-29,Delivered
13555,256,2025-12-09,Returned
13556,482,2026-06-29,Delivered
13557,598,2025-04-29,Delivered
13558,460,2025-05-13,Delivered
13559,70,2025-11-23,Delivered
13560,270,2025-07-04,Delivered
13561,373,2026-05-21,Delivered
13562,778,2026-06-18,Returned
13563,271,2025-08-29,Delivered
13564,881,2026-05-31,Delivered
13565,268,2025-06-14,Delivered
13566,362,2025-08-06,Delivered
13567,700,2025-01-05,Delivered
13568,392,2025-03-22,Delivered
13569,942,2025-09-04,Delivered
13570,499,2026-05-08,Delivered
13571,339,2026-01-21,Delivered
13572,12,2025-11-03,Delivered
13573,245,2026-06-27,Delivered
13574,148,2025-01-07,Delivered
13575,629,2026-05-30,Delivered
13576,103,2025-03-14,Delivered
13577,101,2025-01-10,Delivered
13578,94,2025-05-02,Delivered
13579,62,2026-05-28,Delivered
13580,156,2026-03-17,Delivered
13581,832,2025-02-07,Delivered
13582,669,2025-12-11,Cancelled
13583,610,2025-12-04,Shipped
13584,702,2025-07-03,Processing
13585,133,2025-03-08,Processing
13586,834,2025-01-17,Returned
13587,68,2026-01-18,Shipped
13588,178,2026-01-03,Delivered
13589,395,2025-11-12,Delivered
13590,51,2026-05-12,Delivered
13591,602,2025-12-11,Shipped
13592,222,2026-04-18,Returned
13593,682,2025-04-25,Delivered
13594,313,2025-04-10,Shipped
13595,89,2026-03-14,Delivered
13596,609,2025-12-11,Delivered
13597,124,2025-12-15,Delivered
13598,312,2025-05-19,Delivered
13599,38,2025-11-20,Delivered
13600,437,2025-10-29,Shipped
13601,508,2025-10-21,Processing
13602,214,2026-06-13,Cancelled
13603,933,2025-10-19,Delivered
13604,815,2025-03-15,Cancelled
13605,570,2026-04-29,Delivered
13606,578,2025-01-16,Delivered
13607,125,2026-06-10,Shipped
13608,494,2025-12-02,Delivered
13609,98,2026-05-31,Delivered
13610,71,2025-05-07,Delivered
13611,1000,2026-06-02,Shipped
13612,444,2025-05-09,Delivered
13613,260,2026-05-26,Delivered
13614,142,2026-02-27,Delivered
13615,416,2026-01-20,Shipped
13616,25,2025-08-20,Cancelled
13617,47,2025-07-14,Delivered
13618,17,2025-03-06,Delivered
13619,319,2025-10-04,Delivered
13620,411,2025-08-12,Delivered
13621,31,2025-10-05,Shipped
13622,589,2026-01-01,Delivered
13623,114,2026-05-31,Delivered
13624,536,2025-08-03,Shipped
13625,974,2026-03-15,Delivered
13626,545,2026-03-04,Shipped
13627,828,2026-01-31,Processing
13628,924,2025-07-28,Shipped
13629,308,2026-05-16,Shipped
13630,561,2026-04-08,Delivered
13631,782,2025-08-15,Returned
13632,195,2026-01-10,Delivered
13633,129,2026-05-15,Delivered
13634,922,2025-04-03,Delivered
13635,597,2026-04-05,Shipped
13636,109,2025-11-17,Cancelled
13637,275,2025-01-10,Delivered
13638,700,2025-10-30,Delivered
13639,360,2025-11-18,Cancelled
13640,484,2026-04-01,Cancelled
13641,637,2025-10-05,Delivered
13642,443,2026-06-22,Delivered
13643,354,2026-01-28,Delivered
13644,631,2025-04-05,Delivered
13645,599,2025-04-17,Processing
13646,455,2026-01-25,Delivered
13647,198,2026-06-10,Delivered
13648,238,2025-03-12,Delivered
13649,957,2026-01-11,Delivered
13650,56,2026-01-03,Delivered
13651,133,2025-02-20,Delivered
13652,313,2025-05-23,Shipped
13653,760,2026-02-23,Delivered
13654,81,2026-05-15,Cancelled
13655,137,2025-06-16,Delivered
13656,33,2025-09-17,Delivered
13657,567,2025-07-11,Delivered
13658,118,2025-07-21,Delivered
13659,223,2025-07-04,Delivered
13660,271,2025-06-07,Delivered
13661,840,2025-04-09,Shipped
13662,243,2025-08-29,Shipped
13663,72,2026-05-06,Delivered
13664,341,2025-07-21,Delivered
13665,946,2026-05-24,Cancelled
13666,422,2025-04-06,Delivered
13667,976,2026-05-05,Returned
13668,766,2025-08-06,Processing
13669,18,2026-06-11,Delivered
13670,497,2025-09-30,Delivered
13671,141,2025-08-07,Delivered
13672,371,2025-11-28,Shipped
13673,138,2026-03-29,Delivered
13674,188,2025-06-01,Shipped
13675,887,2025-12-13,Delivered
13676,102,2026-02-18,Delivered
13677,815,2026-06-11,Delivered
13678,15,2026-03-07,Delivered
13679,45,2026-01-14,Shipped
13680,786,2026-03-04,Delivered
13681,456,2025-03-25,Delivered
13682,628,2025-07-11,Delivered
13683,103,2025-02-10,Delivered
13684,352,2025-11-05,Shipped
13685,613,2026-01-13,Delivered
13686,451,2025-05-16,Delivered
13687,295,2025-04-16,Processing
13688,941,2026-06-03,Processing
13689,523,2026-06-26,Delivered
13690,864,2025-05-06,Delivered
13691,602,2025-12-23,Shipped
13692,610,2026-02-04,Shipped
13693,40,2025-03-20,Shipped
13694,198,2026-01-24,Delivered
13695,792,2026-06-19,Delivered
13696,115,2025-03-15,Delivered
13697,57,2025-01-05,Shipped
13698,169,2026-04-08,Delivered
13699,109,2025-03-23,Delivered
13700,890,2026-06-21,Shipped
13701,806,2026-02-09,Delivered
13702,319,2026-05-29,Delivered
13703,31,2025-10-05,Delivered
13704,579,2025-08-12,Delivered
13705,445,2025-03-09,Delivered
13706,957,2025-11-16,Delivered
13707,371,2025-01-19,Delivered
13708,178,2025-12-09,Delivered
13709,336,2025-12-09,Delivered
13710,970,2025-04-07,Delivered
13711,553,2025-02-21,Delivered
13712,517,2025-06-24,Delivered
13713,119,2025-12-04,Delivered
13714,622,2025-12-19,Delivered
13715,632,2026-01-26,Delivered
13716,161,2025-04-25,Delivered
13717,305,2025-12-14,Delivered
13718,145,2025-01-01,Delivered
13719,128,2025-03-04,Processing
13720,13,2025-08-14,Delivered
13721,141,2026-02-27,Delivered
13722,366,2025-01-19,Delivered
13723,1,2025-01-31,Shipped
13724,140,2025-01-24,Delivered
13725,826,2025-07-30,Delivered
13726,401,2025-06-10,Delivered
13727,422,2025-09-12,Delivered
13728,236,2025-04-24,Cancelled
13729,523,2026-05-19,Delivered
13730,94,2025-08-08,Shipped
13731,733,2025-12-23,Delivered
13732,58,2025-06-18,Delivered
13733,493,2026-06-08,Delivered
13734,182,2025-08-30,Delivered
13735,628,2026-01-10,Delivered
13736,363,2025-05-19,Delivered
13737,278,2025-04-07,Delivered
13738,84,2025-05-27,Shipped
13739,465,2025-07-01,Shipped
13740,963,2025-02-26,Delivered
13741,743,2025-02-11,Delivered
13742,30,2026-06-27,Delivered
13743,212,2025-01-02,Delivered
13744,891,2025-10-15,Shipped
13745,322,2025-05-18,Returned
13746,502,2026-05-27,Delivered
13747,872,2025-08-10,Delivered
13748,814,2025-11-27,Delivered
13749,321,2026-02-08,Processing
13750,266,2026-05-23,Delivered
13751,181,2025-05-07,Delivered
13752,586,2025-09-22,Returned
13753,142,2025-01-15,Processing
13754,123,2025-08-14,Delivered
13755,195,2025-04-15,Cancelled
13756,88,2026-05-08,Delivered
13757,551,2025-11-15,Delivered
13758,434,2025-08-07,Delivered
13759,305,2025-10-04,Processing
13760,224,2025-12-07,Delivered
13761,866,2026-03-28,Delivered
13762,15,2026-01-04,Returned
13763,660,2026-04-19,Delivered
13764,856,2025-07-09,Shipped
13765,273,2026-02-23,Delivered
13766,364,2026-05-10,Delivered
13767,919,2025-02-08,Delivered
13768,105,2025-06-11,Processing
13769,337,2025-05-01,Delivered
13770,298,2026-02-03,Delivered
13771,128,2025-09-19,Delivered
13772,733,2025-05-09,Shipped
13773,852,2026-06-24,Delivered
13774,679,2025-12-22,Delivered
13775,97,2026-03-08,Delivered
13776,43,2025-03-06,Processing
13777,419,2025-08-06,Delivered
13778,29,2026-03-03,Delivered
13779,518,2025-03-15,Cancelled
13780,346,2026-04-05,Shipped
13781,503,2026-03-01,Delivered
13782,398,2025-07-11,Returned
13783,253,2025-07-08,Shipped
13784,99,2025-01-12,Delivered
13785,151,2025-08-27,Delivered
13786,341,2026-03-29,Shipped
13787,487,2026-01-18,Shipped
13788,675,2025-02-17,Delivered
13789,657,2025-11-13,Delivered
13790,960,2025-07-28,Delivered
13791,141,2025-04-29,Delivered
13792,35,2025-11-11,Delivered
13793,186,2025-02-05,Delivered
13794,622,2026-04-08,Delivered
13795,266,2026-02-07,Shipped
13796,732,2025-04-17,Delivered
13797,362,2025-02-08,Delivered
13798,897,2025-06-29,Delivered
13799,924,2025-01-12,Delivered
13800,35,2025-12-05,Returned
13801,282,2025-05-06,Shipped
13802,425,2025-03-04,Delivered
13803,126,2025-03-23,Delivered
13804,239,2025-10-26,Delivered
13805,525,2025-02-03,Delivered
13806,112,2025-02-18,Delivered
13807,413,2025-02-26,Processing
13808,554,2025-04-19,Shipped
13809,45,2026-06-01,Delivered
13810,317,2025-01-24,Processing
13811,130,2025-08-09,Shipped
13812,594,2025-11-11,Shipped
13813,94,2025-10-21,Returned
13814,842,2025-01-10,Delivered
13815,260,2026-04-26,Delivered
13816,98,2025-09-24,Cancelled
13817,266,2025-03-29,Shipped
13818,240,2026-03-31,Cancelled
13819,258,2026-06-17,Delivered
13820,394,2025-05-28,Delivered
13821,338,2026-03-07,Delivered
13822,74,2025-08-30,Delivered
13823,33,2025-03-07,Delivered
13824,601,2026-01-13,Delivered
13825,371,2026-01-23,Delivered
13826,197,2025-07-28,Delivered
13827,718,2026-02-19,Delivered
13828,222,2025-01-16,Delivered
13829,700,2025-10-24,Delivered
13830,151,2025-08-08,Delivered
13831,36,2026-01-02,Cancelled
13832,901,2025-08-17,Delivered
13833,228,2026-03-16,Delivered
13834,695,2026-06-16,Processing
13835,138,2026-03-26,Delivered
13836,479,2025-02-05,Shipped
13837,814,2026-02-26,Delivered
13838,21,2025-07-08,Cancelled
13839,751,2025-06-27,Delivered
13840,382,2025-11-11,Returned
13841,422,2025-01-20,Processing
13842,340,2026-01-17,Delivered
13843,815,2025-05-23,Delivered
13844,22,2025-03-03,Delivered
13845,129,2025-08-30,Delivered
13846,817,2025-08-26,Delivered
13847,635,2025-05-11,Returned
13848,9,2025-05-03,Delivered
13849,334,2026-03-16,Delivered
13850,345,2025-12-08,Shipped
13851,234,2026-02-23,Delivered
13852,147,2026-03-31,Delivered
13853,531,2025-07-17,Shipped
13854,103,2025-10-09,Shipped
13855,704,2025-01-01,Delivered
13856,710,2025-11-28,Returned
13857,246,2025-07-31,Delivered
13858,140,2025-03-28,Delivered
13859,140,2025-03-02,Delivered
13860,304,2025-04-05,Delivered
13861,587,2025-05-27,Delivered
13862,197,2025-09-03,Delivered
13863,425,2025-10-24,Processing
13864,218,2025-05-03,Delivered
13865,150,2026-04-01,Shipped
13866,13,2026-02-03,Delivered
13867,2,2025-08-19,Returned
13868,112,2026-06-18,Delivered
13869,238,2026-02-06,Delivered
13870,781,2025-05-10,Delivered
13871,703,2025-10-19,Cancelled
13872,132,2025-10-03,Processing
13873,121,2026-01-11,Delivered
13874,112,2025-02-24,Delivered
13875,180,2025-01-26,Delivered
13876,318,2026-03-17,Returned
13877,266,2025-07-16,Cancelled
13878,108,2025-08-31,Returned
13879,65,2025-07-09,Processing
13880,7,2025-10-03,Cancelled
13881,76,2026-02-13,Delivered
13882,566,2025-12-06,Processing
13883,120,2025-06-02,Shipped
13884,292,2026-02-02,Returned
13885,399,2026-03-20,Delivered
13886,834,2026-03-03,Delivered
13887,837,2026-05-02,Delivered
13888,625,2025-07-23,Shipped
13889,18,2025-04-22,Delivered
13890,385,2025-11-21,Delivered
13891,686,2025-09-15,Delivered
13892,9,2026-06-12,Delivered
13893,363,2025-12-16,Delivered
13894,791,2026-03-11,Delivered
13895,297,2026-03-02,Cancelled
13896,3,2025-10-07,Shipped
13897,6,2026-01-06,Delivered
13898,247,2025-09-06,Shipped
13899,77,2025-06-30,Shipped
13900,506,2025-03-19,Delivered
13901,571,2025-12-02,Delivered
13902,88,2025-02-19,Delivered
13903,836,2025-03-26,Delivered
13904,269,2025-01-04,Shipped
13905,71,2025-11-13,Delivered
13906,653,2025-04-21,Delivered
13907,691,2025-11-30,Returned
13908,468,2025-05-13,Delivered
13909,784,2025-04-29,Shipped
13910,613,2025-12-16,Delivered
13911,827,2026-06-26,Delivered
13912,262,2025-02-24,Delivered
13913,628,2025-12-27,Delivered
13914,1000,2026-03-29,Delivered
13915,595,2025-11-26,Delivered
13916,57,2025-08-07,Delivered
13917,336,2025-07-27,Delivered
13918,395,2025-03-26,Delivered
13919,86,2025-09-02,Processing
13920,946,2025-12-01,Delivered
13921,87,2025-07-31,Delivered
13922,88,2025-07-02,Delivered
13923,875,2025-05-13,Delivered
13924,289,2025-12-16,Delivered
13925,32,2025-10-09,Delivered
13926,408,2025-10-20,Processing
13927,413,2025-09-26,Delivered
13928,32,2025-07-16,Delivered
13929,960,2026-06-21,Delivered
13930,358,2025-01-20,Processing
13931,371,2026-02-09,Delivered
13932,337,2025-04-25,Delivered
13933,426,2025-01-26,Delivered
13934,130,2026-01-30,Delivered
13935,142,2026-01-16,Delivered
13936,329,2026-06-07,Processing
13937,715,2026-06-23,Delivered
13938,25,2025-03-24,Delivered
13939,416,2026-03-21,Cancelled
13940,715,2025-03-28,Delivered
13941,78,2026-01-22,Delivered
13942,8,2026-02-02,Delivered
13943,157,2025-10-13,Delivered
13944,396,2026-01-04,Delivered
13945,68,2026-02-26,Delivered
13946,256,2026-03-19,Returned
13947,365,2026-06-04,Cancelled
13948,409,2025-10-15,Shipped
13949,135,2025-04-05,Delivered
13950,233,2025-02-10,Delivered
13951,674,2025-11-27,Delivered
13952,914,2025-06-04,Delivered
13953,797,2026-05-19,Shipped
13954,375,2025-10-02,Delivered
13955,242,2025-06-28,Cancelled
13956,175,2025-05-17,Delivered
13957,62,2025-06-29,Delivered
13958,53,2025-07-01,Delivered
13959,541,2025-09-16,Delivered
13960,128,2025-08-31,Cancelled
13961,126,2025-04-06,Returned
13962,998,2025-07-16,Delivered
13963,93,2026-06-10,Delivered
13964,73,2026-01-22,Delivered
13965,49,2026-02-12,Shipped
13966,389,2025-09-26,Delivered
13967,452,2025-06-20,Shipped
13968,203,2025-06-19,Delivered
13969,350,2025-06-08,Delivered
13970,688,2026-05-24,Shipped
13971,732,2026-03-23,Delivered
13972,938,2025-03-23,Delivered
13973,741,2025-02-26,Delivered
13974,376,2026-06-03,Delivered
13975,89,2025-04-22,Delivered
13976,50,2025-02-17,Delivered
13977,27,2026-01-11,Cancelled
13978,509,2025-02-02,Cancelled
13979,717,2026-05-19,Processing
13980,327,2025-01-03,Delivered
13981,27,2026-05-01,Shipped
13982,350,2026-05-31,Delivered
13983,906,2025-02-11,Delivered
13984,407,2025-01-09,Delivered
13985,719,2025-05-22,Delivered
13986,706,2026-03-12,Delivered
13987,900,2025-01-27,Delivered
13988,662,2025-02-12,Returned
13989,628,2025-05-11,Delivered
13990,116,2025-08-04,Cancelled
13991,30,2026-06-04,Delivered
13992,335,2025-12-11,Delivered
13993,62,2026-05-23,Delivered
13994,945,2026-02-17,Delivered
13995,143,2025-09-03,Delivered
13996,784,2026-03-25,Delivered
13997,222,2025-01-21,Delivered
13998,166,2026-02-12,Delivered
13999,905,2026-04-02,Shipped
14000,201,2026-03-20,Delivered
14001,224,2025-09-22,Delivered
14002,53,2025-07-03,Cancelled
14003,514,2025-08-15,Delivered
14004,143,2025-09-03,Shipped
14005,394,2025-03-14,Shipped
14006,399,2025-05-30,Returned
14007,586,2026-05-28,Delivered
14008,625,2025-03-10,Delivered
14009,332,2025-08-18,Delivered
14010,173,2025-03-13,Delivered
14011,761,2026-02-01,Delivered
14012,155,2025-03-25,Delivered
14013,326,2025-10-26,Processing
14014,234,2025-10-20,Delivered
14015,787,2025-08-11,Cancelled
14016,261,2025-08-04,Processing
14017,221,2025-08-19,Delivered
14018,543,2026-02-09,Delivered
14019,414,2025-06-18,Delivered
14020,53,2025-11-25,Returned
14021,327,2026-03-02,Delivered
14022,610,2025-07-15,Delivered
14023,989,2026-06-10,Shipped
14024,453,2025-03-18,Cancelled
14025,207,2025-10-04,Shipped
14026,112,2026-04-11,Delivered
14027,813,2026-03-24,Delivered
14028,727,2025-11-16,Delivered
14029,116,2025-06-09,Delivered
14030,99,2026-05-07,Cancelled
14031,580,2025-11-09,Shipped
14032,159,2025-06-10,Shipped
14033,152,2025-11-04,Delivered
14034,75,2025-05-26,Delivered
14035,130,2026-01-31,Delivered
14036,257,2025-03-30,Delivered
14037,606,2025-11-04,Delivered
14038,178,2026-06-30,Shipped
14039,171,2026-01-06,Delivered
14040,141,2026-03-27,Shipped
14041,301,2025-06-16,Shipped
14042,89,2026-01-27,Delivered
14043,307,2026-05-06,Delivered
14044,564,2025-05-30,Delivered
14045,15,2026-04-13,Delivered
14046,5,2025-02-12,Shipped
14047,37,2025-01-29,Delivered
14048,351,2025-01-31,Processing
14049,786,2025-05-08,Shipped
14050,3,2025-10-21,Delivered
14051,907,2026-03-17,Shipped
14052,53,2026-01-23,Delivered
14053,767,2026-06-08,Shipped
14054,305,2025-04-20,Delivered
14055,498,2025-11-24,Delivered
14056,329,2026-02-09,Delivered
14057,300,2025-09-02,Delivered
14058,757,2025-06-12,Shipped
14059,640,2026-02-03,Shipped
14060,305,2026-02-03,Cancelled
14061,55,2026-05-08,Delivered
14062,57,2025-08-27,Delivered
14063,708,2026-04-10,Shipped
14064,345,2025-02-01,Delivered
14065,304,2025-05-03,Delivered
14066,529,2026-06-18,Delivered
14067,792,2025-04-20,Delivered
14068,453,2025-09-28,Delivered
14069,651,2026-01-15,Delivered
14070,654,2025-10-27,Delivered
14071,195,2025-09-06,Processing
14072,135,2026-06-05,Delivered
14073,707,2025-02-03,Cancelled
14074,213,2025-08-16,Delivered
14075,858,2026-02-03,Cancelled
14076,35,2025-08-08,Delivered
14077,29,2026-01-06,Delivered
14078,893,2026-06-12,Delivered
14079,482,2025-03-16,Shipped
14080,215,2025-05-16,Delivered
14081,639,2025-03-15,Delivered
14082,517,2025-09-11,Cancelled
14083,347,2025-01-18,Delivered
14084,49,2025-02-12,Delivered
14085,723,2025-02-19,Delivered
14086,803,2026-05-30,Delivered
14087,85,2025-10-30,Delivered
14088,780,2025-05-22,Delivered
14089,820,2025-07-21,Returned
14090,363,2025-07-26,Shipped
14091,493,2026-02-19,Delivered
14092,217,2025-08-09,Delivered
14093,139,2025-12-28,Returned
14094,590,2025-03-22,Shipped
14095,797,2025-10-12,Cancelled
14096,490,2026-01-04,Delivered
14097,330,2026-05-07,Shipped
14098,79,2025-12-12,Shipped
14099,27,2025-07-23,Delivered
14100,272,2025-01-25,Delivered
14101,25,2025-03-10,Delivered
14102,380,2026-05-31,Delivered
14103,218,2026-05-07,Processing
14104,642,2025-08-28,Processing
14105,151,2025-12-27,Processing
14106,400,2026-03-17,Processing
14107,352,2025-01-31,Delivered
14108,3,2025-11-18,Delivered
14109,36,2025-12-10,Processing
14110,143,2026-06-20,Delivered
14111,827,2025-12-21,Delivered
14112,73,2026-04-16,Delivered
14113,574,2025-04-15,Delivered
14114,961,2025-11-18,Shipped
14115,692,2026-06-11,Delivered
14116,120,2026-05-19,Delivered
14117,865,2025-03-26,Returned
14118,46,2025-08-23,Shipped
14119,292,2025-09-20,Shipped
14120,835,2025-01-06,Delivered
14121,471,2026-05-09,Processing
14122,245,2025-10-16,Shipped
14123,144,2025-12-16,Delivered
14124,211,2025-07-19,Returned
14125,327,2025-12-01,Delivered
14126,163,2025-08-05,Cancelled
14127,955,2025-12-19,Delivered
14128,902,2025-11-21,Delivered
14129,810,2025-08-16,Delivered
14130,252,2025-05-25,Delivered
14131,545,2025-11-04,Delivered
14132,857,2025-10-12,Returned
14133,780,2026-01-27,Returned
14134,245,2025-12-26,Returned
14135,56,2025-06-14,Delivered
14136,38,2025-08-12,Returned
14137,386,2025-05-04,Delivered
14138,473,2025-12-10,Processing
14139,779,2026-06-08,Delivered
14140,144,2025-02-21,Delivered
14141,83,2025-05-09,Returned
14142,215,2025-05-15,Cancelled
14143,193,2025-05-07,Shipped
14144,66,2025-03-12,Shipped
14145,517,2025-09-30,Delivered
14146,327,2025-07-06,Shipped
14147,589,2025-01-03,Delivered
14148,192,2025-10-12,Delivered
14149,168,2025-01-22,Delivered
14150,296,2025-06-15,Delivered
14151,820,2025-11-06,Shipped
14152,20,2026-04-22,Delivered
14153,713,2026-05-13,Delivered
14154,206,2026-03-10,Delivered
14155,786,2025-08-22,Delivered
14156,709,2026-01-11,Shipped
14157,188,2025-09-03,Shipped
14158,549,2025-10-30,Delivered
14159,79,2026-02-09,Delivered
14160,848,2025-01-21,Delivered
14161,237,2025-09-14,Processing
14162,281,2026-02-03,Delivered
14163,566,2026-06-13,Delivered
14164,736,2025-02-20,Shipped
14165,117,2026-03-23,Delivered
14166,501,2025-09-27,Processing
14167,226,2025-09-19,Delivered
14168,206,2025-12-31,Shipped
14169,543,2025-02-18,Delivered
14170,222,2026-06-02,Delivered
14171,186,2025-04-28,Delivered
14172,758,2026-03-29,Processing
14173,50,2026-02-01,Returned
14174,522,2025-01-27,Delivered
14175,123,2026-01-07,Processing
14176,8,2025-04-07,Shipped
14177,82,2026-06-13,Returned
14178,420,2025-07-05,Processing
14179,571,2025-08-03,Delivered
14180,11,2025-09-08,Shipped
14181,18,2025-08-04,Delivered
14182,857,2025-01-29,Delivered
14183,37,2025-04-12,Delivered
14184,844,2025-05-03,Cancelled
14185,113,2025-02-23,Cancelled
14186,617,2025-10-10,Shipped
14187,155,2025-04-27,Returned
14188,792,2025-04-24,Processing
14189,559,2026-06-27,Delivered
14190,234,2025-10-20,Delivered
14191,38,2025-07-14,Delivered
14192,606,2025-10-19,Delivered
14193,435,2025-09-18,Delivered
14194,2,2025-07-26,Delivered
14195,5,2025-02-18,Processing
14196,718,2025-01-06,Processing
14197,128,2026-01-14,Delivered
14198,464,2026-01-29,Cancelled
14199,280,2025-08-12,Delivered
14200,799,2025-01-23,Cancelled
14201,878,2025-04-20,Delivered
14202,996,2026-02-03,Delivered
14203,76,2025-06-21,Cancelled
14204,798,2025-11-02,Delivered
14205,131,2025-05-31,Delivered
14206,398,2026-03-04,Delivered
14207,325,2026-04-12,Delivered
14208,9,2025-03-08,Returned
14209,901,2025-06-05,Delivered
14210,39,2025-07-25,Cancelled
14211,541,2025-06-04,Delivered
14212,683,2026-05-24,Delivered
14213,699,2025-03-15,Delivered
14214,67,2025-02-18,Shipped
14215,274,2026-04-12,Delivered
14216,749,2025-06-28,Delivered
14217,149,2025-02-17,Delivered
14218,292,2025-03-13,Delivered
14219,135,2025-04-23,Shipped
14220,288,2025-06-08,Delivered
14221,835,2025-01-30,Delivered
14222,281,2025-04-07,Delivered
14223,368,2025-09-08,Delivered
14224,236,2026-06-03,Delivered
14225,285,2025-04-02,Delivered
14226,8,2025-04-23,Delivered
14227,140,2025-09-16,Delivered
14228,265,2025-04-17,Delivered
14229,460,2026-01-25,Cancelled
14230,276,2025-12-24,Shipped
14231,179,2025-07-18,Delivered
14232,223,2026-03-03,Delivered
14233,120,2026-04-23,Shipped
14234,889,2026-05-18,Processing
14235,338,2025-04-30,Delivered
14236,7,2025-11-05,Shipped
14237,10,2026-06-22,Shipped
14238,961,2026-04-20,Delivered
14239,109,2025-12-10,Delivered
14240,714,2025-05-16,Shipped
14241,29,2025-10-04,Delivered
14242,884,2026-06-17,Shipped
14243,815,2025-01-31,Processing
14244,381,2025-09-04,Processing
14245,5,2026-02-15,Delivered
14246,127,2025-01-27,Delivered
14247,239,2025-03-14,Delivered
14248,285,2025-04-07,Shipped
14249,147,2025-12-12,Cancelled
14250,17,2026-04-21,Delivered
14251,398,2025-10-27,Delivered
14252,341,2025-10-26,Cancelled
14253,140,2025-10-14,Returned
14254,19,2026-03-25,Delivered
14255,993,2025-07-31,Delivered
14256,304,2025-03-17,Shipped
14257,641,2026-02-05,Shipped
14258,278,2025-02-03,Returned
14259,22,2026-05-13,Delivered
14260,154,2026-05-31,Delivered
14261,164,2025-11-24,Shipped
14262,762,2025-04-08,Cancelled
14263,490,2026-01-01,Processing
14264,136,2026-04-08,Returned
14265,953,2025-01-28,Delivered
14266,165,2026-01-21,Processing
14267,998,2025-09-30,Delivered
14268,995,2025-05-07,Delivered
14269,95,2025-07-21,Delivered
14270,157,2026-06-05,Processing
14271,308,2025-10-14,Returned
14272,505,2026-03-26,Delivered
14273,344,2025-03-29,Delivered
14274,955,2025-11-14,Processing
14275,593,2025-01-19,Delivered
14276,105,2025-04-17,Returned
14277,52,2026-04-03,Delivered
14278,541,2025-11-07,Delivered
14279,78,2026-02-16,Delivered
14280,687,2026-05-13,Delivered
14281,156,2025-09-01,Delivered
14282,169,2026-01-15,Delivered
14283,6,2026-05-30,Delivered
14284,559,2025-07-26,Delivered
14285,56,2026-01-29,Returned
14286,665,2025-01-21,Delivered
14287,313,2026-06-11,Delivered
14288,682,2025-12-09,Cancelled
14289,392,2025-07-21,Delivered
14290,41,2025-04-30,Delivered
14291,655,2026-01-24,Shipped
14292,35,2026-06-21,Processing
14293,301,2025-08-22,Processing
14294,85,2025-11-16,Delivered
14295,635,2025-06-29,Cancelled
14296,870,2026-01-03,Delivered
14297,367,2025-03-17,Delivered
14298,343,2026-05-11,Cancelled
14299,652,2026-06-06,Delivered
14300,3,2025-07-20,Cancelled
14301,879,2025-12-12,Delivered
14302,98,2026-04-28,Delivered
14303,977,2025-08-07,Cancelled
14304,611,2025-03-01,Delivered
14305,668,2025-08-09,Cancelled
14306,493,2026-05-17,Returned
14307,295,2025-05-13,Cancelled
14308,382,2025-02-22,Delivered
14309,23,2026-03-26,Delivered
14310,446,2025-03-03,Processing
14311,449,2025-01-23,Shipped
14312,840,2025-02-13,Delivered
14313,325,2025-02-16,Returned
14314,38,2025-01-24,Shipped
14315,151,2025-03-30,Returned
14316,493,2025-06-23,Delivered
14317,118,2025-04-29,Delivered
14318,138,2025-06-27,Delivered
14319,736,2025-12-08,Delivered
14320,393,2025-02-28,Shipped
14321,327,2026-03-14,Delivered
14322,162,2026-03-04,Returned
14323,604,2026-03-02,Delivered
14324,142,2026-01-16,Delivered
14325,613,2026-05-01,Delivered
14326,35,2025-07-04,Delivered
14327,801,2026-04-05,Delivered
14328,319,2025-04-12,Delivered
14329,266,2025-01-15,Shipped
14330,427,2025-02-20,Delivered
14331,446,2025-11-05,Delivered
14332,65,2025-02-03,Shipped
14333,641,2025-07-24,Delivered
14334,136,2025-03-11,Delivered
14335,860,2025-08-18,Delivered
14336,732,2026-04-25,Delivered
14337,186,2026-06-17,Shipped
14338,717,2025-04-18,Delivered
14339,195,2025-08-29,Cancelled
14340,50,2025-09-08,Cancelled
14341,944,2025-05-15,Delivered
14342,488,2025-03-31,Returned
14343,282,2026-03-16,Delivered
14344,231,2025-10-25,Delivered
14345,168,2026-02-11,Delivered
14346,973,2025-11-04,Delivered
14347,67,2025-04-12,Delivered
14348,159,2025-12-27,Delivered
14349,307,2026-06-12,Processing
14350,301,2025-10-20,Shipped
14351,295,2025-05-26,Delivered
14352,87,2026-02-08,Shipped
14353,72,2025-01-02,Cancelled
14354,126,2025-04-29,Delivered
14355,874,2025-07-10,Delivered
14356,56,2025-01-03,Delivered
14357,643,2026-05-02,Delivered
14358,643,2025-06-26,Delivered
14359,720,2025-09-14,Delivered
14360,833,2026-06-18,Delivered
14361,130,2026-04-22,Delivered
14362,111,2026-02-02,Delivered
14363,290,2026-05-11,Delivered
14364,131,2025-08-08,Delivered
14365,609,2025-06-22,Delivered
14366,464,2026-01-25,Delivered
14367,816,2026-05-17,Cancelled
14368,41,2025-09-17,Delivered
14369,875,2025-05-11,Delivered
14370,145,2025-04-23,Delivered
14371,312,2025-01-20,Processing
14372,266,2025-08-03,Shipped
14373,647,2025-11-06,Delivered
14374,250,2025-09-08,Delivered
14375,917,2026-05-03,Delivered
14376,857,2026-01-17,Delivered
14377,812,2026-02-13,Returned
14378,36,2025-09-28,Delivered
14379,786,2026-02-11,Shipped
14380,678,2025-07-13,Delivered
14381,51,2026-03-17,Delivered
14382,53,2025-11-09,Processing
14383,50,2025-03-20,Delivered
14384,6,2025-06-29,Returned
14385,362,2025-01-14,Delivered
14386,961,2025-09-03,Delivered
14387,266,2025-01-14,Shipped
14388,355,2025-04-09,Delivered
14389,953,2025-02-02,Delivered
14390,126,2026-03-12,Delivered
14391,792,2025-09-14,Shipped
14392,360,2025-02-03,Delivered
14393,380,2025-01-19,Delivered
14394,184,2025-09-17,Delivered
14395,373,2026-02-20,Delivered
14396,36,2025-05-17,Cancelled
14397,653,2025-12-25,Delivered
14398,140,2025-04-26,Shipped
14399,835,2026-02-08,Delivered
14400,205,2025-07-21,Shipped
14401,71,2026-01-11,Shipped
14402,552,2025-09-07,Cancelled
14403,81,2026-03-22,Delivered
14404,637,2025-10-05,Delivered
14405,953,2025-04-22,Delivered
14406,675,2026-04-18,Delivered
14407,12,2026-01-27,Delivered
14408,410,2025-05-23,Cancelled
14409,551,2025-02-01,Delivered
14410,743,2025-06-30,Returned
14411,28,2026-05-31,Delivered
14412,302,2025-09-26,Shipped
14413,350,2025-08-24,Delivered
14414,84,2025-10-04,Delivered
14415,166,2025-10-02,Returned
14416,268,2025-03-27,Delivered
14417,754,2025-03-04,Cancelled
14418,896,2026-02-08,Shipped
14419,452,2025-07-11,Delivered
14420,228,2025-10-20,Cancelled
14421,125,2025-01-31,Delivered
14422,974,2025-11-26,Processing
14423,975,2025-04-17,Delivered
14424,890,2025-10-03,Processing
14425,684,2025-03-23,Delivered
14426,168,2025-03-05,Delivered
14427,731,2025-05-09,Delivered
14428,240,2025-09-13,Delivered
14429,169,2025-08-19,Delivered
14430,624,2026-05-12,Delivered
14431,40,2025-05-17,Delivered
14432,24,2026-03-31,Delivered
14433,274,2025-12-21,Delivered
14434,272,2026-04-30,Delivered
14435,847,2025-05-26,Delivered
14436,63,2025-02-02,Delivered
14437,61,2025-09-17,Shipped
14438,73,2025-03-28,Shipped
14439,15,2025-09-22,Delivered
14440,36,2026-06-26,Cancelled
14441,499,2026-01-27,Delivered
14442,260,2025-08-20,Shipped
14443,652,2026-03-23,Delivered
14444,990,2025-05-09,Delivered
14445,498,2025-09-28,Processing
14446,25,2025-03-30,Processing
14447,52,2026-04-11,Delivered
14448,825,2025-06-19,Delivered
14449,343,2025-05-08,Delivered
14450,742,2025-06-23,Delivered
14451,789,2025-01-26,Processing
14452,894,2026-05-26,Delivered
14453,926,2026-05-03,Delivered
14454,367,2026-02-10,Delivered
14455,182,2025-01-26,Delivered
14456,944,2025-03-24,Delivered
14457,361,2025-12-30,Cancelled
14458,32,2026-01-02,Delivered
14459,474,2025-03-01,Processing
14460,396,2025-10-19,Delivered
14461,847,2025-07-10,Delivered
14462,489,2026-04-06,Delivered
14463,189,2025-08-21,Delivered
14464,951,2026-04-19,Processing
14465,708,2026-02-09,Delivered
14466,455,2025-09-28,Delivered
14467,145,2025-05-14,Delivered
14468,210,2025-06-20,Delivered
14469,514,2026-02-19,Shipped
14470,36,2025-01-28,Delivered
14471,127,2025-05-16,Shipped
14472,579,2026-02-09,Shipped
14473,302,2026-05-20,Delivered
14474,235,2025-08-29,Delivered
14475,75,2026-03-20,Shipped
14476,269,2026-03-10,Shipped
14477,662,2025-08-16,Delivered
14478,130,2026-05-24,Delivered
14479,3,2025-10-30,Delivered
14480,512,2025-02-03,Delivered
14481,960,2025-01-02,Delivered
14482,421,2025-12-28,Delivered
14483,59,2025-07-14,Delivered
14484,164,2025-11-04,Delivered
14485,805,2025-09-07,Delivered
14486,115,2025-05-27,Cancelled
14487,422,2025-12-12,Delivered
14488,235,2025-12-14,Cancelled
14489,103,2025-09-11,Delivered
14490,725,2026-02-03,Delivered
14491,621,2025-11-30,Delivered
14492,501,2025-06-25,Delivered
14493,117,2025-05-05,Delivered
14494,49,2026-02-02,Delivered
14495,386,2025-05-11,Cancelled
14496,366,2026-02-11,Delivered
14497,93,2025-11-30,Cancelled
14498,28,2025-01-20,Delivered
14499,40,2025-07-24,Delivered
14500,990,2025-12-21,Delivered
14501,681,2025-06-22,Shipped
14502,885,2025-07-08,Delivered
14503,96,2025-01-02,Cancelled
14504,942,2025-06-17,Delivered
14505,71,2026-01-03,Shipped
14506,327,2026-06-20,Delivered
14507,749,2026-01-05,Delivered
14508,189,2026-03-13,Delivered
14509,254,2025-07-26,Delivered
14510,64,2025-02-18,Delivered
14511,61,2026-06-28,Delivered
14512,439,2025-05-09,Delivered
14513,522,2026-03-23,Delivered
14514,672,2025-02-04,Delivered
14515,369,2025-07-18,Delivered
14516,478,2025-03-18,Delivered
14517,7,2026-01-04,Returned
14518,80,2026-06-10,Cancelled
14519,978,2025-12-15,Delivered
14520,38,2026-05-21,Returned
14521,527,2025-08-26,Delivered
14522,87,2025-10-07,Delivered
14523,583,2026-03-08,Delivered
14524,567,2025-05-18,Cancelled
14525,116,2025-09-26,Delivered
14526,133,2025-07-20,Processing
14527,491,2025-05-22,Cancelled
14528,224,2025-12-21,Delivered
14529,96,2025-11-25,Delivered
14530,605,2025-08-19,Delivered
14531,76,2025-11-04,Delivered
14532,788,2025-05-26,Delivered
14533,332,2025-06-01,Delivered
14534,52,2025-05-20,Delivered
14535,549,2025-01-21,Delivered
14536,336,2025-09-11,Delivered
14537,147,2025-03-05,Delivered
14538,252,2025-08-06,Delivered
14539,147,2025-03-13,Delivered
14540,130,2025-06-11,Delivered
14541,81,2025-05-10,Cancelled
14542,201,2025-08-13,Delivered
14543,124,2026-03-30,Delivered
14544,534,2026-01-19,Processing
14545,534,2025-04-17,Delivered
14546,321,2025-04-13,Shipped
14547,673,2025-05-21,Delivered
14548,766,2025-05-14,Processing
14549,389,2025-07-18,Cancelled
14550,438,2026-05-25,Delivered
14551,140,2025-03-20,Delivered
14552,845,2026-04-27,Cancelled
14553,12,2026-05-27,Shipped
14554,188,2025-09-07,Shipped
14555,590,2026-04-28,Delivered
14556,40,2025-06-21,Shipped
14557,91,2025-01-17,Delivered
14558,397,2025-10-21,Delivered
14559,372,2026-01-29,Delivered
14560,615,2026-05-13,Delivered
14561,724,2025-08-07,Delivered
14562,64,2025-08-22,Delivered
14563,10,2026-01-25,Delivered
14564,543,2025-09-05,Delivered
14565,149,2025-02-21,Cancelled
14566,449,2025-01-15,Delivered
14567,75,2025-11-20,Delivered
14568,293,2026-03-17,Delivered
14569,323,2025-04-22,Delivered
14570,393,2025-01-07,Delivered
14571,331,2025-09-02,Delivered
14572,316,2026-03-24,Delivered
14573,174,2025-12-31,Returned
14574,35,2026-01-02,Delivered
14575,45,2025-10-14,Delivered
14576,262,2025-04-16,Delivered
14577,194,2025-01-13,Delivered
14578,334,2025-05-26,Delivered
14579,150,2026-04-23,Delivered
14580,540,2025-04-25,Delivered
14581,800,2026-05-24,Delivered
14582,147,2025-06-01,Delivered
14583,95,2025-02-26,Delivered
14584,58,2026-01-17,Processing
14585,434,2025-06-06,Delivered
14586,271,2025-05-13,Delivered
14587,93,2025-06-12,Delivered
14588,489,2025-10-02,Returned
14589,74,2025-03-18,Processing
14590,367,2025-02-13,Delivered
14591,343,2025-11-14,Cancelled
14592,608,2026-06-18,Delivered
14593,28,2025-06-03,Returned
14594,835,2025-08-25,Delivered
14595,562,2026-06-01,Delivered
14596,107,2025-08-09,Delivered
14597,91,2025-11-06,Delivered
14598,260,2025-06-26,Delivered
14599,731,2025-08-08,Delivered
14600,769,2025-02-07,Delivered
14601,337,2026-03-07,Delivered
14602,795,2025-07-22,Delivered
14603,3,2026-03-24,Cancelled
14604,18,2026-05-10,Cancelled
14605,870,2025-05-05,Returned
14606,669,2025-03-06,Shipped
14607,277,2025-09-01,Shipped
14608,637,2026-06-11,Delivered
14609,935,2025-08-14,Delivered
14610,664,2026-04-10,Delivered
14611,768,2025-10-20,Delivered
14612,647,2026-01-16,Cancelled
14613,83,2025-06-15,Delivered
14614,755,2025-08-06,Cancelled
14615,96,2025-10-02,Delivered
14616,842,2025-02-21,Shipped
14617,284,2026-01-09,Delivered
14618,524,2025-12-29,Delivered
14619,317,2025-01-14,Returned
14620,47,2025-12-06,Delivered
14621,143,2026-06-23,Delivered
14622,977,2025-03-30,Delivered
14623,943,2025-02-10,Delivered
14624,164,2025-10-31,Delivered
14625,995,2025-09-25,Delivered
14626,773,2025-05-18,Delivered
14627,427,2025-01-06,Delivered
14628,20,2025-08-30,Delivered
14629,855,2025-06-11,Processing
14630,369,2026-06-02,Shipped
14631,807,2026-02-05,Delivered
14632,756,2025-06-05,Delivered
14633,754,2025-03-26,Delivered
14634,555,2025-01-10,Shipped
14635,144,2025-05-18,Shipped
14636,177,2025-06-05,Cancelled
14637,153,2026-02-12,Delivered
14638,10,2025-08-13,Delivered
14639,391,2025-07-03,Delivered
14640,556,2025-07-14,Delivered
14641,785,2026-01-31,Delivered
14642,69,2025-05-14,Delivered
14643,358,2025-11-05,Shipped
14644,4,2026-06-26,Delivered
14645,47,2025-01-09,Processing
14646,27,2025-06-19,Delivered
14647,596,2025-10-17,Cancelled
14648,40,2025-06-17,Returned
14649,582,2025-12-10,Cancelled
14650,123,2026-05-12,Shipped
14651,820,2025-05-25,Processing
14652,725,2026-02-17,Delivered
14653,938,2026-04-02,Delivered
14654,829,2025-10-29,Delivered
14655,902,2025-02-15,Shipped
14656,792,2025-01-17,Returned
14657,548,2025-12-26,Delivered
14658,84,2025-09-18,Delivered
14659,134,2025-05-03,Shipped
14660,105,2025-08-19,Returned
14661,416,2025-04-22,Delivered
14662,323,2025-09-03,Delivered
14663,804,2026-01-26,Delivered
14664,931,2026-01-27,Delivered
14665,237,2025-11-24,Delivered
14666,325,2025-08-03,Delivered
14667,958,2026-01-02,Processing
14668,136,2025-03-23,Delivered
14669,694,2025-03-17,Delivered
14670,111,2026-06-11,Shipped
14671,531,2026-05-18,Returned
14672,125,2026-04-24,Returned
14673,829,2026-01-07,Delivered
14674,373,2025-09-22,Returned
14675,92,2025-09-21,Delivered
14676,111,2025-04-20,Shipped
14677,314,2025-11-03,Delivered
14678,944,2025-07-19,Delivered
14679,661,2025-08-14,Delivered
14680,309,2025-07-04,Delivered
14681,179,2025-01-31,Processing
14682,362,2025-04-09,Delivered
14683,629,2025-12-05,Delivered
14684,682,2025-09-23,Delivered
14685,167,2025-12-16,Delivered
14686,589,2026-06-28,Returned
14687,496,2026-04-02,Shipped
14688,940,2025-03-29,Returned
14689,899,2025-03-04,Delivered
14690,690,2026-01-22,Delivered
14691,593,2026-04-04,Delivered
14692,135,2025-09-26,Delivered
14693,773,2025-12-12,Delivered
14694,257,2025-03-19,Shipped
14695,134,2025-12-31,Delivered
14696,219,2025-01-14,Delivered
14697,759,2025-05-16,Delivered
14698,74,2025-10-31,Delivered
14699,282,2026-02-01,Shipped
14700,313,2025-03-20,Delivered
14701,19,2026-02-22,Delivered
14702,97,2025-08-30,Delivered
14703,745,2025-02-20,Cancelled
14704,751,2026-01-19,Cancelled
14705,144,2026-01-10,Shipped
14706,816,2025-07-25,Delivered
14707,664,2026-05-04,Delivered
14708,248,2026-01-16,Delivered
14709,629,2025-11-07,Returned
14710,943,2026-01-10,Returned
14711,284,2025-02-11,Processing
14712,118,2026-06-17,Delivered
14713,915,2026-06-06,Returned
14714,416,2025-06-02,Delivered
14715,52,2025-11-08,Processing
14716,383,2025-10-21,Delivered
14717,320,2025-04-23,Delivered
14718,787,2025-04-22,Delivered
14719,346,2025-06-24,Delivered
14720,126,2025-10-29,Delivered
14721,522,2026-05-31,Processing
14722,357,2025-08-09,Delivered
14723,115,2025-06-20,Delivered
14724,384,2025-11-14,Delivered
14725,737,2025-08-01,Delivered
14726,15,2025-09-10,Returned
14727,456,2025-05-04,Delivered
14728,189,2025-08-01,Delivered
14729,144,2025-03-26,Cancelled
14730,226,2026-05-31,Cancelled
14731,183,2025-03-06,Delivered
14732,753,2025-11-14,Shipped
14733,136,2025-12-12,Delivered
14734,607,2025-08-31,Shipped
14735,47,2025-05-17,Delivered
14736,929,2025-09-04,Returned
14737,443,2026-03-17,Delivered
14738,568,2025-02-14,Delivered
14739,147,2025-03-30,Delivered
14740,243,2025-08-16,Delivered
14741,111,2025-10-18,Cancelled
14742,901,2026-02-26,Delivered
14743,309,2025-03-08,Delivered
14744,455,2025-09-08,Delivered
14745,609,2025-02-10,Delivered
14746,208,2025-04-09,Returned
14747,588,2025-11-02,Delivered
14748,523,2026-04-01,Delivered
14749,566,2025-10-28,Shipped
14750,310,2025-07-18,Shipped
14751,218,2026-05-03,Delivered
14752,110,2025-04-16,Delivered
14753,742,2026-02-05,Processing
14754,423,2026-04-22,Shipped
14755,271,2025-05-02,Shipped
14756,918,2025-03-18,Returned
14757,24,2025-11-08,Processing
14758,780,2025-04-22,Processing
14759,997,2026-06-02,Returned
14760,834,2025-07-16,Delivered
14761,721,2025-04-08,Delivered
14762,211,2026-04-04,Delivered
14763,114,2025-08-18,Delivered
14764,609,2025-06-17,Processing
14765,150,2025-01-08,Shipped
14766,87,2025-06-21,Shipped
14767,686,2025-12-26,Returned
14768,157,2025-07-14,Delivered
14769,874,2025-09-26,Shipped
14770,765,2025-01-19,Delivered
14771,776,2025-12-20,Delivered
14772,664,2025-02-18,Delivered
14773,825,2026-04-09,Cancelled
14774,714,2025-12-22,Delivered
14775,414,2025-06-07,Processing
14776,146,2025-03-07,Delivered
14777,836,2025-11-04,Delivered
14778,765,2025-12-03,Delivered
14779,296,2025-05-01,Delivered
14780,20,2026-02-08,Returned
14781,467,2025-04-06,Delivered
14782,25,2025-04-24,Returned
14783,892,2026-03-05,Returned
14784,944,2026-06-24,Returned
14785,94,2025-01-02,Delivered
14786,523,2025-07-31,Returned
14787,46,2025-11-29,Delivered
14788,602,2025-01-24,Delivered
14789,187,2026-01-03,Delivered
14790,530,2026-05-21,Cancelled
14791,209,2025-06-25,Delivered
14792,72,2026-03-05,Delivered
14793,238,2026-03-18,Delivered
14794,56,2026-05-29,Delivered
14795,386,2025-12-27,Delivered
14796,21,2025-10-01,Processing
14797,343,2025-06-26,Delivered
14798,833,2025-09-21,Cancelled
14799,761,2025-07-05,Shipped
14800,828,2026-06-11,Returned
14801,886,2025-10-06,Delivered
14802,52,2025-07-17,Delivered
14803,64,2025-12-15,Delivered
14804,369,2026-02-25,Delivered
14805,844,2025-11-01,Processing
14806,963,2025-03-05,Delivered
14807,23,2025-10-17,Processing
14808,194,2025-01-18,Shipped
14809,105,2025-03-05,Delivered
14810,641,2025-11-26,Delivered
14811,470,2025-01-17,Delivered
14812,59,2026-03-19,Delivered
14813,305,2025-05-21,Delivered
14814,537,2025-11-04,Returned
14815,675,2026-03-20,Delivered
14816,10,2026-05-11,Delivered
14817,839,2026-03-02,Delivered
14818,380,2026-04-20,Delivered
14819,723,2025-09-02,Processing
14820,717,2026-03-26,Processing
14821,94,2025-12-17,Shipped
14822,55,2025-06-10,Cancelled
14823,589,2025-05-20,Delivered
14824,77,2026-05-08,Delivered
14825,779,2026-06-15,Delivered
14826,597,2026-01-28,Processing
14827,767,2026-02-05,Shipped
14828,148,2025-02-19,Shipped
14829,160,2025-10-22,Delivered
14830,516,2026-03-01,Delivered
14831,16,2025-01-12,Returned
14832,597,2025-12-01,Delivered
14833,758,2025-01-15,Shipped
14834,246,2025-01-28,Delivered
14835,654,2026-01-23,Delivered
14836,86,2025-10-19,Shipped
14837,165,2025-09-07,Delivered
14838,963,2026-05-20,Shipped
14839,980,2025-04-08,Shipped
14840,331,2025-12-03,Delivered
14841,904,2025-02-08,Shipped
14842,339,2025-02-07,Delivered
14843,144,2025-10-27,Delivered
14844,132,2025-06-28,Shipped
14845,897,2026-04-14,Delivered
14846,85,2025-10-09,Delivered
14847,389,2025-06-13,Cancelled
14848,368,2026-03-29,Delivered
14849,616,2025-04-07,Processing
14850,319,2025-11-05,Cancelled
14851,134,2025-09-19,Delivered
14852,84,2025-10-20,Delivered
14853,441,2025-09-06,Delivered
14854,586,2025-09-02,Delivered
14855,380,2025-09-08,Cancelled
14856,615,2025-05-03,Shipped
14857,70,2025-11-21,Delivered
14858,827,2026-05-16,Delivered
14859,391,2025-03-07,Returned
14860,63,2025-02-28,Delivered
14861,287,2026-05-13,Shipped
14862,772,2026-01-08,Shipped
14863,849,2025-09-23,Delivered
14864,131,2025-08-24,Delivered
14865,575,2025-08-06,Shipped
14866,50,2026-06-11,Delivered
14867,17,2026-03-17,Delivered
14868,372,2026-02-10,Shipped
14869,550,2026-04-14,Shipped
14870,699,2025-04-20,Delivered
14871,181,2025-12-19,Delivered
14872,4,2025-04-01,Delivered
14873,302,2026-02-18,Delivered
14874,8,2025-03-14,Delivered
14875,46,2025-10-25,Delivered
14876,169,2025-10-10,Delivered
14877,265,2026-05-20,Delivered
14878,138,2025-07-17,Delivered
14879,391,2025-02-01,Delivered
14880,28,2025-12-07,Delivered
14881,72,2025-11-30,Delivered
14882,551,2025-05-23,Cancelled
14883,70,2026-02-14,Delivered
14884,469,2025-02-13,Shipped
14885,27,2025-02-01,Cancelled
14886,239,2025-01-28,Delivered
14887,88,2026-02-27,Processing
14888,54,2026-05-06,Delivered
14889,378,2025-06-09,Delivered
14890,895,2025-07-26,Delivered
14891,27,2025-01-18,Delivered
14892,252,2025-04-13,Delivered
14893,569,2025-08-20,Delivered
14894,287,2026-02-28,Delivered
14895,715,2025-08-27,Cancelled
14896,89,2025-11-30,Delivered
14897,941,2025-05-29,Delivered
14898,220,2026-02-12,Delivered
14899,182,2025-01-17,Delivered
14900,816,2025-08-14,Shipped
14901,375,2025-09-17,Delivered
14902,334,2025-06-23,Delivered
14903,598,2025-07-24,Shipped
14904,389,2026-02-19,Cancelled
14905,80,2026-05-23,Delivered
14906,520,2025-06-02,Delivered
14907,66,2025-04-13,Delivered
14908,714,2025-03-06,Delivered
14909,985,2025-04-27,Delivered
14910,213,2025-06-05,Delivered
14911,272,2025-03-23,Cancelled
14912,23,2026-06-02,Delivered
14913,7,2025-03-08,Delivered
14914,885,2025-08-26,Delivered
14915,64,2025-11-22,Delivered
14916,273,2025-03-08,Delivered
14917,728,2025-06-25,Delivered
14918,837,2026-04-23,Delivered
14919,336,2025-09-12,Delivered
14920,376,2025-03-04,Delivered
14921,513,2026-02-07,Delivered
14922,944,2025-07-11,Delivered
14923,414,2025-11-25,Delivered
14924,371,2025-03-12,Delivered
14925,8,2025-03-04,Delivered
14926,40,2025-10-24,Shipped
14927,387,2025-09-02,Shipped
14928,906,2026-06-03,Delivered
14929,804,2026-01-28,Processing
14930,975,2025-06-26,Delivered
14931,344,2025-07-23,Cancelled
14932,688,2026-06-17,Delivered
14933,765,2025-05-08,Delivered
14934,481,2025-07-14,Delivered
14935,180,2025-07-13,Delivered
14936,294,2025-07-03,Returned
14937,791,2025-09-04,Delivered
14938,147,2025-11-20,Delivered
14939,888,2025-06-09,Delivered
14940,113,2025-03-07,Delivered
14941,631,2025-09-11,Delivered
14942,456,2025-10-10,Delivered
14943,631,2025-03-01,Delivered
14944,265,2025-04-28,Processing
14945,901,2026-02-27,Delivered
14946,458,2025-02-05,Delivered
14947,142,2026-06-15,Delivered
14948,467,2025-04-01,Returned
14949,142,2025-10-28,Delivered
14950,145,2025-08-05,Delivered
14951,233,2025-04-08,Returned
14952,783,2026-04-01,Delivered
14953,320,2026-06-15,Delivered
14954,527,2026-06-22,Delivered
14955,226,2025-01-28,Cancelled
14956,130,2025-11-20,Returned
14957,934,2025-08-11,Processing
14958,416,2025-03-21,Delivered
14959,903,2026-04-03,Delivered
14960,101,2025-06-25,Delivered
14961,73,2026-06-06,Cancelled
14962,788,2026-04-02,Cancelled
14963,530,2026-02-27,Delivered
14964,92,2025-04-10,Delivered
14965,133,2026-02-07,Delivered
14966,706,2026-01-15,Delivered
14967,280,2026-06-15,Delivered
14968,515,2025-11-28,Delivered
14969,162,2025-11-14,Delivered
14970,217,2026-06-21,Delivered
14971,987,2025-03-30,Processing
14972,122,2026-05-26,Cancelled
14973,325,2025-02-11,Returned
14974,771,2026-01-24,Shipped
14975,118,2025-03-22,Delivered
14976,246,2026-02-06,Delivered
14977,433,2025-04-17,Returned
14978,303,2025-04-21,Delivered
14979,284,2025-10-04,Shipped
14980,200,2025-08-02,Shipped
14981,395,2026-05-21,Processing
14982,446,2025-05-01,Delivered
14983,489,2025-05-14,Delivered
14984,35,2026-01-06,Delivered
14985,456,2025-09-14,Cancelled
14986,932,2025-06-29,Shipped
14987,355,2025-02-17,Delivered
14988,581,2025-01-19,Delivered
14989,369,2025-02-15,Shipped
14990,786,2026-03-27,Shipped
14991,897,2025-02-25,Delivered
14992,91,2025-04-02,Delivered
14993,265,2025-03-23,Cancelled
14994,226,2025-03-20,Delivered
14995,237,2025-10-10,Shipped
14996,62,2025-11-07,Delivered
14997,726,2025-06-09,Delivered
14998,18,2025-11-12,Processing
14999,344,2025-06-05,Delivered
15000,502,2026-04-13,Delivered
15001,103,2026-04-07,Delivered
15002,862,2025-04-27,Shipped
15003,762,2025-12-30,Delivered
15004,295,2026-04-11,Delivered
15005,243,2025-07-03,Cancelled
15006,117,2025-06-15,Delivered
15007,602,2025-03-16,Delivered
15008,65,2025-09-29,Delivered
15009,529,2026-05-18,Returned
15010,768,2025-12-09,Delivered
15011,113,2025-09-08,Delivered
15012,803,2025-05-10,Delivered
15013,17,2025-12-24,Cancelled
15014,872,2026-02-12,Shipped
15015,59,2026-05-10,Delivered
15016,478,2026-04-27,Delivered
15017,123,2025-03-19,Processing
15018,759,2026-05-29,Delivered
15019,330,2025-11-17,Cancelled
15020,67,2025-10-17,Delivered
15021,381,2025-10-24,Shipped
15022,240,2026-04-20,Delivered
15023,501,2025-01-23,Shipped
15024,826,2025-06-21,Delivered
15025,241,2025-11-14,Delivered
15026,143,2025-07-12,Delivered
15027,8,2025-04-28,Delivered
15028,385,2025-01-06,Delivered
15029,235,2026-04-28,Delivered
15030,211,2025-05-12,Cancelled
15031,90,2025-04-03,Delivered
15032,259,2026-06-06,Shipped
15033,978,2025-10-21,Delivered
15034,147,2026-01-27,Delivered
15035,410,2025-09-06,Delivered
15036,671,2026-02-21,Returned
15037,631,2025-05-23,Processing
15038,171,2025-08-25,Delivered
15039,427,2025-10-14,Shipped
15040,811,2025-10-04,Delivered
15041,8,2026-01-22,Delivered
15042,264,2026-01-17,Delivered
15043,111,2026-03-26,Delivered
15044,223,2025-10-18,Delivered
15045,247,2025-06-18,Shipped
15046,627,2026-03-19,Delivered
15047,47,2025-07-03,Shipped
15048,331,2025-02-14,Delivered
15049,375,2025-09-25,Delivered
15050,315,2026-04-21,Shipped
15051,605,2025-09-10,Processing
15052,219,2026-01-31,Cancelled
15053,919,2025-10-16,Delivered
15054,304,2025-07-31,Shipped
15055,381,2025-01-21,Shipped
15056,743,2025-11-12,Delivered
15057,136,2026-03-14,Delivered
15058,37,2026-02-27,Delivered
15059,569,2025-08-21,Delivered
15060,305,2025-05-03,Delivered
15061,848,2025-08-02,Returned
15062,975,2025-02-09,Delivered
15063,232,2025-11-28,Shipped
15064,246,2025-07-01,Shipped
15065,240,2025-09-22,Delivered
15066,167,2026-06-17,Delivered
15067,678,2026-03-08,Delivered
15068,645,2025-07-15,Shipped
15069,301,2026-05-24,Returned
15070,22,2026-03-23,Delivered
15071,154,2026-06-12,Cancelled
15072,144,2025-07-21,Delivered
15073,722,2025-05-13,Shipped
15074,44,2025-05-19,Delivered
15075,714,2026-05-08,Delivered
15076,513,2025-03-11,Delivered
15077,606,2025-01-15,Delivered
15078,261,2025-07-31,Delivered
15079,528,2025-03-01,Shipped
15080,424,2025-09-09,Delivered
15081,660,2026-03-22,Delivered
15082,273,2025-01-02,Delivered
15083,296,2025-12-02,Shipped
15084,475,2025-01-19,Shipped
15085,54,2025-03-19,Shipped
15086,264,2026-04-17,Delivered
15087,959,2025-01-28,Delivered
15088,19,2025-06-14,Processing
15089,160,2026-04-03,Delivered
15090,158,2025-06-25,Delivered
15091,460,2025-01-29,Delivered
15092,53,2025-10-06,Delivered
15093,453,2025-10-10,Shipped
15094,47,2026-04-24,Delivered
15095,47,2026-06-03,Delivered
15096,600,2025-11-01,Delivered
15097,167,2025-04-19,Cancelled
15098,967,2025-11-20,Delivered
15099,19,2025-07-25,Delivered
15100,272,2025-08-22,Delivered
15101,56,2026-04-03,Delivered
15102,191,2025-07-06,Delivered
15103,998,2026-04-27,Delivered
15104,837,2026-02-11,Delivered
15105,24,2026-05-24,Delivered
15106,375,2026-06-04,Cancelled
15107,481,2025-02-22,Delivered
15108,104,2026-02-02,Delivered
15109,72,2025-07-18,Shipped
15110,859,2026-01-26,Returned
15111,955,2026-05-13,Delivered
15112,989,2025-06-21,Processing
15113,690,2025-03-27,Delivered
15114,504,2025-07-05,Delivered
15115,186,2025-06-05,Delivered
15116,85,2026-05-08,Delivered
15117,39,2026-06-05,Shipped
15118,548,2025-05-10,Delivered
15119,683,2025-03-22,Delivered
15120,745,2026-01-19,Shipped
15121,873,2025-10-22,Delivered
15122,823,2025-09-26,Processing
15123,1000,2026-06-19,Processing
15124,120,2026-01-13,Delivered
15125,651,2026-01-11,Returned
15126,395,2025-03-29,Delivered
15127,129,2025-04-21,Delivered
15128,974,2025-06-03,Delivered
15129,850,2026-04-08,Delivered
15130,64,2025-06-05,Delivered
15131,13,2025-11-14,Delivered
15132,541,2025-08-26,Delivered
15133,417,2025-11-30,Delivered
15134,906,2025-04-16,Processing
15135,116,2026-04-27,Processing
15136,42,2026-01-17,Delivered
15137,128,2025-09-18,Delivered
15138,10,2025-10-20,Delivered
15139,18,2025-12-01,Delivered
15140,875,2026-04-21,Delivered
15141,191,2025-08-13,Shipped
15142,242,2026-03-30,Delivered
15143,10,2025-10-23,Delivered
15144,134,2026-04-08,Returned
15145,712,2025-08-02,Processing
15146,433,2025-06-07,Delivered
15147,637,2025-09-29,Delivered
15148,274,2025-08-26,Cancelled
15149,155,2025-10-30,Delivered
15150,305,2026-06-05,Delivered
15151,166,2025-11-17,Delivered
15152,763,2025-02-28,Delivered
15153,147,2025-12-24,Processing
15154,499,2025-09-08,Delivered
15155,68,2026-03-12,Delivered
15156,539,2025-05-26,Delivered
15157,873,2025-12-18,Delivered
15158,423,2025-09-02,Delivered
15159,372,2025-10-28,Shipped
15160,943,2026-03-14,Delivered
15161,451,2025-04-10,Delivered
15162,128,2026-04-25,Shipped
15163,144,2026-02-19,Delivered
15164,566,2025-06-14,Delivered
15165,610,2025-10-29,Shipped
15166,150,2025-05-01,Delivered
15167,185,2025-03-29,Delivered
15168,987,2025-08-05,Delivered
15169,51,2025-06-28,Returned
15170,237,2025-06-12,Delivered
15171,31,2025-06-19,Delivered
15172,737,2025-10-28,Delivered
15173,46,2026-01-09,Delivered
15174,520,2025-07-22,Delivered
15175,28,2025-02-16,Delivered
15176,518,2026-04-08,Delivered
15177,769,2026-02-12,Delivered
15178,232,2025-07-13,Delivered
15179,339,2026-03-03,Delivered
15180,234,2025-11-13,Delivered
15181,148,2026-04-24,Delivered
15182,710,2026-02-25,Processing
15183,134,2025-09-26,Cancelled
15184,592,2026-04-26,Delivered
15185,102,2025-09-20,Delivered
15186,123,2026-03-02,Delivered
15187,178,2025-06-15,Delivered
15188,397,2026-03-04,Delivered
15189,280,2026-02-01,Delivered
15190,625,2025-08-04,Shipped
15191,106,2025-04-17,Delivered
15192,6,2025-04-08,Delivered
15193,671,2026-04-27,Shipped
15194,737,2026-05-14,Delivered
15195,30,2025-08-18,Delivered
15196,427,2025-09-14,Delivered
15197,214,2025-02-12,Delivered
15198,696,2025-08-30,Delivered
15199,815,2025-04-05,Delivered
15200,781,2025-07-07,Delivered
15201,672,2026-01-20,Delivered
15202,133,2026-02-04,Shipped
15203,723,2026-05-21,Shipped
15204,349,2025-06-16,Delivered
15205,26,2025-05-05,Delivered
15206,282,2025-03-28,Delivered
15207,915,2026-05-04,Delivered
15208,835,2025-08-14,Delivered
15209,51,2025-12-11,Cancelled
15210,623,2026-06-02,Shipped
15211,714,2025-01-31,Cancelled
15212,134,2025-10-23,Shipped
15213,295,2026-02-18,Returned
15214,574,2025-05-15,Delivered
15215,267,2026-06-09,Returned
15216,56,2025-01-04,Delivered
15217,567,2025-06-27,Delivered
15218,870,2025-09-16,Delivered
15219,488,2025-03-06,Returned
15220,667,2025-12-29,Delivered
15221,197,2025-01-17,Delivered
15222,91,2025-07-19,Delivered
15223,474,2026-06-28,Delivered
15224,170,2025-07-31,Delivered
15225,794,2026-03-11,Shipped
15226,61,2025-09-30,Returned
15227,262,2025-10-17,Cancelled
15228,230,2026-04-28,Delivered
15229,909,2025-08-22,Delivered
15230,76,2026-02-12,Delivered
15231,5,2025-05-26,Delivered
15232,118,2026-03-06,Delivered
15233,735,2026-03-08,Shipped
15234,103,2026-06-29,Delivered
15235,119,2026-05-12,Processing
15236,64,2025-03-30,Cancelled
15237,581,2026-02-15,Delivered
15238,35,2025-08-29,Returned
15239,173,2025-08-11,Shipped
15240,139,2026-04-13,Delivered
15241,367,2025-11-18,Delivered
15242,603,2026-01-10,Delivered
15243,348,2025-04-22,Delivered
15244,899,2026-06-11,Delivered
15245,929,2026-02-16,Delivered
15246,199,2025-09-26,Delivered
15247,673,2025-09-09,Delivered
15248,615,2026-01-09,Delivered
15249,843,2026-03-26,Delivered
15250,274,2026-06-21,Delivered
15251,346,2026-01-03,Delivered
15252,247,2025-09-12,Delivered
15253,780,2026-04-08,Cancelled
15254,113,2025-09-25,Delivered
15255,118,2025-05-06,Delivered
15256,209,2026-01-28,Delivered
15257,114,2025-11-30,Delivered
15258,373,2026-01-03,Delivered
15259,67,2026-04-01,Delivered
15260,164,2025-03-08,Processing
15261,873,2025-03-07,Shipped
15262,241,2026-02-04,Delivered
15263,629,2025-10-14,Processing
15264,56,2025-07-05,Delivered
15265,122,2025-10-11,Cancelled
15266,716,2026-05-31,Delivered
15267,651,2025-08-25,Delivered
15268,221,2025-01-18,Delivered
15269,933,2026-02-18,Delivered
15270,869,2025-01-09,Shipped
15271,945,2026-02-24,Delivered
15272,257,2025-01-29,Delivered
15273,98,2025-12-14,Delivered
15274,450,2026-03-26,Delivered
15275,536,2026-01-15,Delivered
15276,62,2026-01-01,Returned
15277,686,2025-08-15,Cancelled
15278,9,2025-04-28,Delivered
15279,305,2026-02-16,Delivered
15280,173,2025-12-22,Delivered
15281,617,2025-09-11,Shipped
15282,157,2026-06-27,Cancelled
15283,745,2026-03-20,Delivered
15284,403,2025-03-22,Processing
15285,696,2025-02-15,Delivered
15286,985,2025-02-18,Delivered
15287,527,2026-03-25,Cancelled
15288,978,2026-02-11,Delivered
15289,15,2025-10-10,Delivered
15290,179,2026-04-18,Delivered
15291,54,2026-02-20,Delivered
15292,129,2025-05-01,Delivered
15293,763,2025-01-03,Cancelled
15294,16,2025-11-12,Delivered
15295,337,2026-04-05,Processing
15296,378,2025-08-15,Delivered
15297,373,2025-03-20,Delivered
15298,298,2026-06-28,Returned
15299,692,2025-03-12,Delivered
15300,66,2025-07-16,Delivered
15301,155,2025-02-27,Delivered
15302,434,2026-02-28,Delivered
15303,545,2026-04-14,Delivered
15304,236,2025-02-17,Cancelled
15305,817,2026-03-11,Returned
15306,246,2025-07-04,Delivered
15307,235,2025-06-14,Shipped
15308,18,2025-11-27,Processing
15309,364,2025-11-26,Shipped
15310,571,2025-05-01,Delivered
15311,57,2025-08-01,Delivered
15312,151,2026-05-22,Delivered
15313,678,2025-06-17,Delivered
15314,203,2026-06-30,Delivered
15315,119,2026-03-03,Delivered
15316,517,2025-08-09,Delivered
15317,97,2025-01-10,Delivered
15318,847,2025-04-30,Delivered
15319,52,2025-09-04,Delivered
15320,568,2025-12-26,Shipped
15321,319,2025-08-09,Delivered
15322,809,2026-05-21,Processing
15323,63,2025-02-27,Returned
15324,525,2026-04-05,Shipped
15325,382,2025-05-08,Shipped
15326,302,2025-03-27,Cancelled
15327,312,2025-04-14,Delivered
15328,590,2025-05-23,Returned
15329,909,2025-07-24,Shipped
15330,45,2025-02-07,Shipped
15331,10,2025-12-29,Delivered
15332,714,2025-11-05,Delivered
15333,54,2025-02-21,Delivered
15334,981,2025-01-01,Delivered
15335,439,2025-01-11,Shipped
15336,486,2025-08-02,Delivered
15337,98,2026-06-02,Delivered
15338,119,2026-02-19,Delivered
15339,498,2025-01-08,Delivered
15340,867,2025-01-05,Delivered
15341,975,2025-12-28,Delivered
15342,98,2025-04-22,Delivered
15343,66,2025-09-30,Delivered
15344,28,2026-02-26,Delivered
15345,806,2025-09-22,Cancelled
15346,145,2026-04-03,Shipped
15347,1,2025-07-31,Shipped
15348,111,2025-03-19,Delivered
15349,181,2025-08-09,Delivered
15350,987,2026-01-04,Delivered
15351,340,2025-12-13,Returned
15352,101,2025-01-25,Shipped
15353,176,2026-02-24,Delivered
15354,172,2025-12-20,Processing
15355,10,2026-02-21,Delivered
15356,67,2026-05-30,Delivered
15357,551,2025-08-03,Shipped
15358,60,2025-04-22,Delivered
15359,114,2026-03-04,Delivered
15360,190,2025-08-04,Shipped
15361,643,2026-02-17,Delivered
15362,391,2026-01-15,Delivered
15363,542,2025-08-20,Cancelled
15364,378,2025-09-15,Delivered
15365,534,2025-09-13,Delivered
15366,2,2026-02-07,Delivered
15367,899,2026-02-28,Delivered
15368,55,2025-03-06,Delivered
15369,238,2025-07-09,Delivered
15370,663,2025-06-22,Delivered
15371,263,2025-08-15,Delivered
15372,922,2026-01-23,Shipped
15373,291,2026-02-05,Processing
15374,816,2025-08-01,Shipped
15375,721,2025-02-22,Delivered
15376,972,2025-05-19,Delivered
15377,892,2026-02-22,Shipped
15378,850,2025-05-23,Delivered
15379,605,2026-05-24,Delivered
15380,204,2026-05-01,Processing
15381,53,2026-03-13,Delivered
15382,541,2026-06-27,Delivered
15383,969,2025-10-20,Processing
15384,597,2025-10-11,Cancelled
15385,895,2025-01-14,Delivered
15386,712,2025-09-29,Delivered
15387,81,2025-01-25,Delivered
15388,123,2025-11-18,Shipped
15389,182,2025-04-13,Delivered
15390,83,2025-02-09,Delivered
15391,390,2025-08-23,Returned
15392,964,2025-03-30,Delivered
15393,649,2025-04-10,Cancelled
15394,253,2025-05-24,Returned
15395,3,2025-03-23,Delivered
15396,158,2025-08-17,Shipped
15397,343,2026-01-30,Delivered
15398,167,2026-05-28,Shipped
15399,55,2025-07-16,Shipped
15400,270,2025-10-01,Delivered
15401,125,2026-01-07,Shipped
15402,867,2025-03-21,Processing
15403,51,2025-08-23,Delivered
15404,25,2025-10-14,Delivered
15405,3,2026-06-29,Delivered
15406,170,2026-03-13,Delivered
15407,500,2025-05-07,Returned
15408,603,2026-02-21,Processing
15409,279,2025-02-10,Delivered
15410,535,2026-04-14,Delivered
15411,198,2025-10-24,Delivered
15412,511,2025-02-11,Delivered
15413,20,2025-10-06,Delivered
15414,225,2026-04-04,Delivered
15415,692,2025-02-02,Delivered
15416,710,2025-10-03,Returned
15417,582,2025-03-31,Delivered
15418,101,2026-06-08,Delivered
15419,122,2025-06-09,Delivered
15420,995,2026-04-03,Returned
15421,51,2026-02-03,Shipped
15422,89,2025-04-01,Processing
15423,64,2026-04-11,Delivered
15424,170,2025-08-08,Delivered
15425,104,2026-02-23,Delivered
15426,318,2026-01-14,Delivered
15427,299,2026-03-23,Shipped
15428,855,2025-05-26,Cancelled
15429,18,2025-08-21,Delivered
15430,163,2026-01-06,Delivered
15431,406,2025-08-22,Shipped
15432,418,2026-01-02,Delivered
15433,302,2026-04-26,Delivered
15434,729,2025-12-29,Shipped
15435,31,2026-05-26,Delivered
15436,728,2025-04-05,Processing
15437,315,2025-08-04,Delivered
15438,66,2026-06-27,Processing
15439,832,2025-05-15,Shipped
15440,483,2025-03-24,Processing
15441,81,2026-01-26,Delivered
15442,17,2025-02-16,Delivered
15443,70,2026-01-27,Delivered
15444,423,2026-01-20,Delivered
15445,89,2026-01-16,Cancelled
15446,112,2025-03-18,Delivered
15447,13,2025-09-16,Processing
15448,592,2026-02-03,Delivered
15449,721,2025-04-10,Delivered
15450,701,2026-05-16,Cancelled
15451,63,2026-01-18,Delivered
15452,858,2025-07-11,Shipped
15453,517,2025-12-11,Delivered
15454,849,2025-01-10,Cancelled
15455,274,2025-09-21,Delivered
15456,265,2025-09-25,Shipped
15457,683,2025-07-14,Delivered
15458,46,2026-02-11,Delivered
15459,338,2025-10-23,Cancelled
15460,759,2025-04-07,Processing
15461,750,2026-04-07,Delivered
15462,936,2025-03-28,Delivered
15463,555,2025-03-18,Delivered
15464,103,2026-04-28,Delivered
15465,10,2025-05-26,Shipped
15466,302,2025-04-21,Delivered
15467,332,2025-10-24,Delivered
15468,119,2026-03-02,Delivered
15469,62,2025-11-30,Delivered
15470,394,2026-06-07,Shipped
15471,653,2026-06-22,Returned
15472,990,2025-06-11,Delivered
15473,644,2026-03-06,Shipped
15474,696,2025-03-10,Delivered
15475,435,2025-05-13,Delivered
15476,980,2025-07-08,Delivered
15477,469,2025-10-06,Delivered
15478,794,2026-03-06,Delivered
15479,921,2026-06-26,Delivered
15480,897,2025-06-10,Cancelled
15481,217,2026-03-29,Shipped
15482,39,2025-06-19,Returned
15483,85,2025-02-26,Delivered
15484,30,2025-08-28,Delivered
15485,52,2025-12-24,Delivered
15486,91,2025-07-20,Delivered
15487,182,2026-03-20,Delivered
15488,357,2025-10-29,Delivered
15489,575,2025-04-16,Delivered
15490,104,2025-04-11,Delivered
15491,517,2025-04-07,Delivered
15492,564,2025-01-29,Delivered
15493,370,2026-05-21,Delivered
15494,858,2026-03-14,Delivered
15495,55,2026-01-14,Shipped
15496,88,2025-03-14,Delivered
15497,258,2025-09-11,Shipped
15498,63,2026-05-31,Delivered
15499,377,2025-01-20,Delivered
15500,231,2026-06-19,Processing
15501,140,2026-02-25,Delivered
15502,84,2026-03-22,Delivered
15503,177,2025-05-16,Cancelled
15504,422,2026-05-20,Delivered
15505,385,2025-10-28,Delivered
15506,81,2025-02-02,Shipped
15507,62,2025-10-05,Shipped
15508,14,2025-05-13,Delivered
15509,7,2026-06-11,Delivered
15510,823,2025-05-06,Processing
15511,23,2025-12-11,Delivered
15512,604,2025-01-17,Delivered
15513,812,2026-01-13,Delivered
15514,49,2025-03-01,Cancelled
15515,264,2026-04-12,Delivered
15516,945,2026-01-26,Shipped
15517,756,2025-07-06,Delivered
15518,311,2026-05-13,Delivered
15519,650,2025-12-27,Shipped
15520,755,2026-03-25,Returned
15521,188,2025-06-30,Delivered
15522,841,2025-05-10,Delivered
15523,294,2025-05-29,Cancelled
15524,344,2026-04-17,Delivered
15525,1000,2026-05-15,Delivered
15526,769,2025-12-21,Delivered
15527,200,2025-07-30,Shipped
15528,6,2025-01-30,Shipped
15529,449,2025-01-24,Cancelled
15530,564,2025-08-10,Delivered
15531,485,2026-02-05,Delivered
15532,953,2026-05-27,Delivered
15533,798,2025-03-29,Delivered
15534,275,2026-04-10,Delivered
15535,31,2025-02-19,Delivered
15536,299,2025-04-13,Delivered
15537,542,2026-01-03,Delivered
15538,422,2026-05-07,Shipped
15539,353,2025-09-25,Shipped
15540,293,2026-02-01,Delivered
15541,145,2025-11-16,Delivered
15542,137,2026-06-04,Delivered
15543,320,2026-03-25,Shipped
15544,79,2026-04-21,Delivered
15545,181,2025-08-28,Shipped
15546,167,2025-09-15,Delivered
15547,395,2026-01-25,Delivered
15548,33,2025-12-09,Shipped
15549,749,2026-01-22,Delivered
15550,374,2026-01-29,Delivered
15551,515,2025-09-27,Delivered
15552,563,2025-05-29,Delivered
15553,144,2026-01-15,Delivered
15554,294,2025-01-28,Delivered
15555,936,2025-05-29,Shipped
15556,656,2026-02-24,Shipped
15557,956,2025-10-07,Shipped
15558,626,2025-07-01,Delivered
15559,87,2025-06-15,Delivered
15560,32,2025-01-17,Delivered
15561,387,2025-05-30,Delivered
15562,196,2025-12-05,Delivered
15563,136,2025-02-14,Cancelled
15564,716,2026-05-17,Delivered
15565,204,2025-07-08,Cancelled
15566,161,2025-03-02,Delivered
15567,779,2025-10-21,Delivered
15568,774,2025-02-02,Delivered
15569,195,2025-10-26,Delivered
15570,753,2026-02-19,Delivered
15571,780,2026-03-07,Cancelled
15572,254,2026-05-10,Processing
15573,33,2025-04-10,Delivered
15574,1,2025-01-23,Delivered
15575,340,2026-02-24,Cancelled
15576,184,2026-02-28,Processing
15577,996,2026-05-02,Delivered
15578,665,2025-03-30,Shipped
15579,648,2025-07-28,Delivered
15580,934,2025-09-28,Delivered
15581,835,2026-02-10,Delivered
15582,162,2025-10-05,Delivered
15583,82,2025-07-25,Delivered
15584,626,2025-11-24,Delivered
15585,214,2025-12-02,Shipped
15586,296,2025-02-07,Returned
15587,455,2025-08-16,Returned
15588,865,2026-04-28,Delivered
15589,249,2025-05-14,Delivered
15590,681,2026-01-25,Delivered
15591,132,2026-03-01,Shipped
15592,555,2026-05-25,Delivered
15593,1,2026-03-03,Delivered
15594,811,2026-04-19,Delivered
15595,15,2025-12-27,Delivered
15596,577,2025-07-30,Delivered
15597,23,2025-06-28,Processing
15598,131,2025-02-27,Delivered
15599,317,2025-03-14,Delivered
15600,250,2025-08-03,Delivered
15601,95,2025-03-14,Delivered
15602,175,2026-04-12,Delivered
15603,599,2025-09-28,Shipped
15604,513,2026-05-14,Delivered
15605,36,2025-12-20,Processing
15606,628,2025-08-22,Delivered
15607,27,2025-11-15,Delivered
15608,357,2025-01-19,Shipped
15609,128,2026-01-07,Delivered
15610,396,2025-07-03,Delivered
15611,129,2025-10-04,Cancelled
15612,978,2025-05-25,Delivered
15613,155,2025-03-22,Delivered
15614,119,2025-11-18,Cancelled
15615,137,2026-03-11,Delivered
15616,848,2025-02-12,Delivered
15617,464,2025-11-09,Delivered
15618,603,2025-10-20,Delivered
15619,880,2025-03-10,Delivered
15620,871,2025-02-25,Delivered
15621,615,2025-07-23,Delivered
15622,98,2026-02-24,Delivered
15623,769,2025-08-31,Delivered
15624,101,2025-07-20,Delivered
15625,621,2026-04-19,Delivered
15626,537,2026-06-11,Cancelled
15627,645,2025-03-18,Delivered
15628,348,2026-04-23,Shipped
15629,468,2026-03-16,Delivered
15630,932,2025-09-20,Delivered
15631,50,2025-07-04,Delivered
15632,154,2025-02-24,Processing
15633,427,2025-11-04,Delivered
15634,947,2026-05-31,Processing
15635,47,2025-10-26,Returned
15636,12,2025-08-18,Delivered
15637,28,2026-01-12,Delivered
15638,26,2025-10-13,Delivered
15639,865,2025-05-18,Delivered
15640,589,2026-04-23,Delivered
15641,524,2025-01-07,Processing
15642,339,2026-02-23,Delivered
15643,679,2026-04-17,Delivered
15644,77,2026-02-24,Delivered
15645,226,2025-10-03,Cancelled
15646,311,2025-03-31,Delivered
15647,55,2025-10-09,Cancelled
15648,250,2025-06-20,Returned
15649,160,2025-12-21,Delivered
15650,18,2025-07-23,Delivered
15651,68,2025-10-16,Delivered
15652,652,2026-04-07,Delivered
15653,9,2025-06-22,Shipped
15654,904,2025-10-28,Delivered
15655,43,2026-06-13,Delivered
15656,704,2025-05-20,Delivered
15657,851,2025-10-05,Delivered
15658,914,2026-05-26,Delivered
15659,805,2025-12-12,Delivered
15660,142,2025-05-20,Processing
15661,175,2025-04-24,Delivered
15662,256,2026-05-22,Delivered
15663,69,2026-01-01,Shipped
15664,11,2026-02-01,Returned
15665,807,2025-04-21,Delivered
15666,367,2025-12-24,Delivered
15667,423,2025-08-26,Delivered
15668,893,2025-01-03,Delivered
15669,507,2026-02-08,Processing
15670,545,2025-01-25,Delivered
15671,686,2026-05-24,Shipped
15672,58,2026-04-10,Delivered
15673,198,2025-03-02,Delivered
15674,954,2026-05-23,Delivered
15675,887,2025-05-03,Delivered
15676,830,2026-05-12,Delivered
15677,278,2025-02-24,Delivered
15678,790,2025-06-12,Delivered
15679,24,2025-02-08,Processing
15680,74,2025-03-24,Delivered
15681,245,2026-06-30,Shipped
15682,305,2025-04-23,Delivered
15683,130,2026-03-01,Shipped
15684,195,2025-08-18,Returned
15685,81,2025-10-10,Delivered
15686,310,2025-10-14,Processing
15687,696,2025-06-04,Delivered
15688,501,2025-06-14,Processing
15689,53,2025-07-01,Delivered
15690,309,2025-08-27,Delivered
15691,555,2025-12-05,Delivered
15692,346,2026-05-27,Delivered
15693,226,2025-09-23,Delivered
15694,443,2025-07-06,Returned
15695,954,2025-02-09,Shipped
15696,47,2026-05-08,Delivered
15697,224,2026-01-26,Processing
15698,239,2025-09-17,Shipped
15699,386,2025-06-25,Delivered
15700,75,2025-11-25,Delivered
15701,87,2025-07-19,Delivered
15702,141,2025-07-15,Processing
15703,935,2026-06-15,Processing
15704,608,2025-03-03,Delivered
15705,501,2025-11-23,Delivered
15706,731,2025-10-08,Shipped
15707,63,2025-08-15,Cancelled
15708,793,2025-02-27,Shipped
15709,403,2026-04-22,Delivered
15710,177,2026-01-11,Delivered
15711,729,2025-08-31,Delivered
15712,709,2026-01-02,Delivered
15713,773,2026-05-15,Processing
15714,57,2025-09-09,Delivered
15715,955,2025-11-18,Processing
15716,941,2026-01-11,Delivered
15717,196,2026-02-13,Processing
15718,33,2026-05-03,Delivered
15719,83,2025-12-09,Delivered
15720,990,2025-08-28,Delivered
15721,374,2025-05-19,Delivered
15722,195,2025-05-02,Cancelled
15723,142,2026-02-24,Delivered
15724,127,2025-10-31,Delivered
15725,505,2025-04-25,Processing
15726,250,2025-12-09,Processing
15727,949,2025-09-08,Delivered
15728,534,2025-01-07,Cancelled
15729,694,2025-06-28,Delivered
15730,144,2025-05-25,Delivered
15731,39,2026-02-20,Delivered
15732,309,2025-05-01,Delivered
15733,159,2025-05-04,Delivered
15734,100,2025-05-30,Delivered
15735,931,2026-02-01,Delivered
15736,271,2026-01-16,Processing
15737,86,2025-01-01,Delivered
15738,98,2025-09-01,Returned
15739,139,2026-02-02,Shipped
15740,999,2025-09-08,Delivered
15741,132,2025-10-26,Delivered
15742,171,2025-10-24,Delivered
15743,498,2026-05-15,Processing
15744,145,2025-04-25,Delivered
15745,107,2025-01-01,Delivered
15746,78,2026-04-27,Cancelled
15747,157,2026-05-25,Delivered
15748,53,2025-12-01,Delivered
15749,10,2026-04-10,Delivered
15750,712,2025-05-21,Processing
15751,68,2025-05-17,Cancelled
15752,670,2025-06-16,Delivered
15753,702,2025-12-09,Delivered
15754,353,2026-02-14,Processing
15755,154,2025-03-06,Shipped
15756,72,2025-03-08,Processing
15757,612,2026-03-09,Delivered
15758,413,2025-02-19,Cancelled
15759,492,2025-11-10,Delivered
15760,5,2025-11-05,Delivered
15761,894,2025-04-25,Shipped
15762,33,2025-12-08,Delivered
15763,204,2026-06-14,Processing
15764,235,2026-05-10,Delivered
15765,1,2025-09-26,Processing
15766,317,2025-03-21,Delivered
15767,636,2026-04-01,Delivered
15768,740,2025-10-26,Delivered
15769,823,2025-07-21,Delivered
15770,309,2026-05-18,Shipped
15771,456,2026-04-30,Delivered
15772,40,2025-01-18,Delivered
15773,309,2026-04-23,Delivered
15774,77,2026-05-03,Processing
15775,207,2026-03-22,Delivered
15776,172,2025-12-06,Delivered
15777,253,2026-06-15,Delivered
15778,382,2025-04-26,Cancelled
15779,857,2025-03-15,Delivered
15780,228,2025-09-26,Delivered
15781,973,2025-04-26,Shipped
15782,645,2025-06-13,Shipped
15783,330,2025-08-10,Delivered
15784,475,2025-05-06,Returned
15785,51,2025-06-25,Delivered
15786,771,2026-01-10,Delivered
15787,391,2026-05-13,Delivered
15788,980,2025-03-26,Cancelled
15789,464,2026-01-18,Delivered
15790,756,2026-04-08,Delivered
15791,705,2026-03-27,Delivered
15792,186,2026-06-02,Shipped
15793,128,2025-04-26,Delivered
15794,259,2025-01-08,Delivered
15795,291,2025-08-06,Delivered
15796,119,2026-02-08,Delivered
15797,845,2025-10-31,Shipped
15798,357,2026-04-12,Delivered
15799,969,2025-03-29,Processing
15800,720,2025-01-10,Delivered
15801,368,2025-11-04,Shipped
15802,922,2026-03-10,Delivered
15803,324,2025-06-13,Delivered
15804,834,2025-08-27,Returned
15805,197,2025-11-13,Returned
15806,214,2025-12-01,Delivered
15807,249,2025-01-18,Delivered
15808,360,2025-03-12,Delivered
15809,366,2025-06-24,Processing
15810,316,2025-12-05,Delivered
15811,151,2025-09-05,Delivered
15812,893,2025-07-12,Delivered
15813,396,2026-02-23,Cancelled
15814,240,2025-11-21,Delivered
15815,486,2025-11-02,Delivered
15816,658,2025-07-23,Delivered
15817,943,2025-05-03,Delivered
15818,319,2026-03-23,Delivered
15819,56,2026-05-06,Cancelled
15820,268,2026-03-09,Processing
15821,301,2025-05-08,Delivered
15822,849,2025-02-16,Processing
15823,228,2026-05-20,Delivered
15824,932,2025-04-25,Delivered
15825,307,2026-02-20,Returned
15826,962,2025-08-11,Delivered
15827,5,2026-05-18,Delivered
15828,851,2025-04-06,Returned
15829,899,2025-04-17,Delivered
15830,943,2025-02-01,Shipped
15831,7,2026-05-08,Cancelled
15832,85,2025-03-07,Delivered
15833,490,2025-06-28,Delivered
15834,13,2026-03-19,Delivered
15835,32,2025-07-20,Delivered
15836,109,2025-02-18,Delivered
15837,330,2025-09-20,Shipped
15838,359,2025-05-13,Delivered
15839,17,2025-12-10,Delivered
15840,84,2025-06-25,Delivered
15841,319,2026-01-26,Delivered
15842,402,2025-01-11,Processing
15843,73,2025-07-20,Delivered
15844,232,2025-01-03,Processing
15845,859,2025-08-02,Delivered
15846,999,2025-11-03,Delivered
15847,982,2026-06-28,Delivered
15848,826,2025-11-23,Delivered
15849,228,2025-07-18,Delivered
15850,538,2025-04-19,Delivered
15851,247,2025-10-18,Cancelled
15852,482,2025-04-18,Delivered
15853,154,2026-02-12,Cancelled
15854,420,2025-02-21,Delivered
15855,340,2025-04-22,Delivered
15856,13,2025-10-22,Delivered
15857,692,2025-07-08,Delivered
15858,6,2025-03-06,Processing
15859,145,2026-04-10,Delivered
15860,3,2025-09-15,Delivered
15861,212,2025-11-27,Delivered
15862,32,2026-05-16,Delivered
15863,873,2025-07-29,Processing
15864,246,2025-03-30,Delivered
15865,284,2025-01-28,Shipped
15866,189,2025-08-26,Delivered
15867,451,2025-12-02,Cancelled
15868,683,2025-03-04,Shipped
15869,482,2026-05-15,Delivered
15870,629,2026-06-25,Delivered
15871,862,2026-04-14,Cancelled
15872,799,2025-02-20,Delivered
15873,520,2025-04-22,Shipped
15874,106,2025-10-28,Delivered
15875,466,2025-03-31,Delivered
15876,325,2025-08-17,Shipped
15877,583,2025-05-30,Delivered
15878,754,2025-05-18,Delivered
15879,621,2025-05-15,Delivered
15880,774,2026-04-02,Delivered
15881,32,2026-05-09,Shipped
15882,16,2026-06-11,Cancelled
15883,128,2025-11-29,Cancelled
15884,854,2025-12-28,Delivered
15885,740,2025-06-23,Delivered
15886,533,2025-08-01,Processing
15887,559,2025-12-09,Delivered
15888,597,2025-03-02,Delivered
15889,916,2025-03-02,Cancelled
15890,753,2026-06-08,Delivered
15891,445,2025-08-04,Delivered
15892,507,2026-02-27,Delivered
15893,106,2026-02-27,Delivered
15894,495,2026-01-06,Delivered
15895,254,2025-07-25,Cancelled
15896,76,2025-10-13,Delivered
15897,715,2025-04-15,Delivered
15898,329,2026-06-27,Processing
15899,967,2025-08-30,Delivered
15900,139,2026-05-06,Delivered
15901,303,2026-05-13,Delivered
15902,274,2026-03-11,Processing
15903,60,2026-04-29,Delivered
15904,256,2026-03-23,Delivered
15905,142,2026-01-19,Delivered
15906,79,2026-05-25,Delivered
15907,139,2025-06-19,Delivered
15908,115,2025-11-19,Delivered
15909,608,2026-04-19,Delivered
15910,16,2025-08-20,Delivered
15911,436,2025-12-25,Delivered
15912,647,2025-10-02,Delivered
15913,303,2025-02-01,Delivered
15914,900,2025-06-26,Cancelled
15915,570,2025-03-06,Processing
15916,629,2025-01-27,Returned
15917,97,2026-04-24,Delivered
15918,672,2025-09-25,Delivered
15919,753,2025-03-07,Delivered
15920,199,2025-05-13,Delivered
15921,105,2026-01-01,Delivered
15922,220,2025-03-23,Delivered
15923,616,2025-11-24,Delivered
15924,248,2025-04-08,Delivered
15925,612,2025-11-23,Delivered
15926,56,2026-06-26,Delivered
15927,714,2025-05-05,Delivered
15928,125,2025-07-29,Delivered
15929,123,2025-05-13,Returned
15930,398,2026-05-18,Delivered
15931,35,2025-06-06,Delivered
15932,13,2026-01-17,Cancelled
15933,129,2025-01-22,Delivered
15934,353,2026-02-23,Delivered
15935,864,2026-04-17,Delivered
15936,774,2025-08-22,Delivered
15937,311,2026-03-30,Delivered
15938,19,2025-06-11,Delivered
15939,350,2025-10-28,Delivered
15940,565,2025-11-02,Processing
15941,180,2025-01-02,Delivered
15942,55,2025-09-28,Delivered
15943,137,2026-02-25,Delivered
15944,664,2025-05-23,Delivered
15945,191,2026-06-19,Processing
15946,723,2025-02-06,Delivered
15947,163,2025-04-17,Processing
15948,81,2025-10-24,Delivered
15949,264,2025-04-07,Processing
15950,278,2025-10-08,Delivered
15951,8,2025-04-20,Delivered
15952,58,2025-07-07,Shipped
15953,91,2026-05-03,Shipped
15954,56,2025-12-20,Delivered
15955,182,2025-01-19,Returned
15956,948,2026-01-28,Delivered
15957,328,2025-09-18,Delivered
15958,451,2026-02-14,Delivered
15959,195,2026-02-07,Shipped
15960,166,2026-04-29,Returned
15961,12,2025-10-31,Delivered
15962,320,2025-01-18,Delivered
15963,305,2025-07-03,Delivered
15964,78,2026-02-09,Delivered
15965,653,2025-05-11,Delivered
15966,313,2026-04-24,Delivered
15967,180,2025-01-08,Delivered
15968,73,2025-11-14,Delivered
15969,365,2026-01-26,Delivered
15970,636,2026-06-03,Shipped
15971,139,2025-05-16,Delivered
15972,108,2026-06-15,Delivered
15973,339,2026-01-02,Delivered
15974,77,2026-05-04,Delivered
15975,509,2025-01-11,Delivered
15976,418,2026-03-22,Delivered
15977,43,2025-04-24,Returned
15978,18,2025-07-15,Delivered
15979,440,2025-11-19,Delivered
15980,145,2026-05-27,Delivered
15981,43,2025-06-14,Delivered
15982,646,2025-09-09,Cancelled
15983,158,2025-02-13,Returned
15984,285,2026-04-15,Delivered
15985,117,2026-05-04,Delivered
15986,451,2025-06-30,Shipped
15987,149,2025-03-18,Delivered
15988,953,2026-01-09,Shipped
15989,562,2025-03-08,Processing
15990,68,2026-06-09,Delivered
15991,247,2025-04-02,Returned
15992,220,2025-09-01,Returned
15993,349,2025-12-07,Cancelled
15994,767,2025-10-31,Delivered
15995,392,2026-02-02,Delivered
15996,31,2026-03-24,Delivered
15997,492,2025-04-07,Delivered
15998,5,2025-11-27,Delivered
15999,676,2025-07-24,Delivered
16000,509,2026-03-25,Delivered
