order_item_id,order_id,product_id,quantity,unit_price
1,10001,123,1,11242.04
2,10002,105,1,46718.06
3,10002,210,2,918.18
4,10003,192,2,2384.93
5,10004,103,1,78283.24
6,10004,147,1,37236.31
7,10005,109,1,3436.63
8,10006,177,1,1390.57
9,10006,154,1,1723.61
10,10007,167,1,3801.49
11,10008,204,2,895.68
12,10008,154,1,1551.25
13,10009,115,2,3314.34
14,10009,123,1,10617.49
15,10009,131,1,17831.08
16,10010,134,1,13963.51
17,10010,163,1,10857.28
18,10010,106,3,55502.02
19,10011,210,1,1020.2
20,10012,102,2,74774.07
21,10012,110,1,2702.88
22,10013,157,1,9057.82
23,10013,127,1,34148.41
24,10013,108,1,29405.94
25,10014,165,1,9373.72
26,10014,126,3,15949.72
27,10015,179,1,1417.93
28,10015,164,3,9554.0
29,10015,183,2,1243.0
30,10015,153,1,831.4
31,10016,108,1,31135.7
32,10017,120,1,1203.35
33,10018,158,1,8755.31
34,10018,125,2,37638.62
35,10019,117,2,2708.21
36,10019,112,1,8869.46
37,10020,183,1,1243.0
38,10020,187,1,3463.9
39,10020,131,1,16892.6
40,10020,156,1,1231.36
41,10021,127,1,35945.7
42,10022,132,1,17563.36
43,10023,137,2,12349.49
44,10023,121,1,9117.47
45,10024,215,1,2819.94
46,10024,165,4,10476.51
47,10024,125,2,37638.62
48,10025,192,2,2008.36
49,10026,130,1,35263.03
50,10026,141,1,14950.35
51,10026,190,1,4326.19
52,10027,127,2,34148.41
53,10028,123,1,10617.49
54,10028,208,2,1947.38
55,10028,114,4,3777.95
56,10029,136,1,7396.68
57,10029,132,1,17563.36
58,10029,130,1,29973.58
59,10029,123,1,11242.04
60,10030,158,1,9241.71
61,10030,215,2,2976.61
62,10030,121,1,9653.79
63,10030,113,1,5680.63
64,10031,194,1,6457.01
65,10031,182,1,1810.76
66,10032,124,3,10080.04
67,10032,116,1,1204.55
68,10033,107,1,52550.35
69,10034,218,1,7080.0
70,10034,125,2,37638.62
71,10034,130,1,31736.73
72,10035,109,2,3436.63
73,10035,136,2,7785.98
74,10036,155,2,1481.95
75,10036,121,1,9653.79
76,10036,168,1,11354.7
77,10037,101,1,69338.9
78,10037,119,1,3767.44
79,10037,143,2,5167.76
80,10038,101,1,73417.66
81,10038,125,1,37638.62
82,10039,114,1,3380.27
83,10039,198,1,5507.55
84,10040,211,1,1545.11
85,10041,187,1,3646.21
86,10041,142,1,11566.44
87,10041,218,1,8329.41
88,10041,166,2,8906.32
89,10041,114,4,3181.43
90,10042,179,1,1417.93
91,10042,115,3,2817.19
92,10042,142,1,12209.02
93,10042,118,1,2157.07
94,10043,119,1,3172.58
95,10043,130,1,35263.03
96,10044,189,1,2394.32
97,10044,186,1,5326.69
98,10044,138,1,15338.04
99,10045,121,2,10190.11
100,10045,203,2,1043.64
101,10045,117,3,2850.75
102,10045,158,2,9728.12
103,10046,162,1,10389.18
104,10046,112,2,8869.46
105,10046,196,1,2638.98
106,10047,110,2,2418.37
107,10047,145,2,45391.09
108,10047,167,1,3801.49
109,10048,218,1,7912.94
110,10048,170,1,2201.22
111,10049,147,3,37236.31
112,10049,115,1,3314.34
113,10050,187,1,3463.9
114,10050,127,1,34148.41
115,10050,103,1,86981.38
116,10050,104,1,81889.5
117,10051,105,1,44259.22
118,10052,179,2,1417.93
119,10052,161,4,9315.28
120,10053,120,3,1069.65
121,10054,156,1,1046.66
122,10054,139,1,17263.53
123,10054,212,2,2154.9
124,10055,137,1,12349.49
125,10055,198,1,4637.94
126,10055,123,1,12491.16
127,10055,168,2,11952.32
128,10056,107,2,52550.35
129,10057,196,2,2777.87
130,10058,194,1,5811.31
131,10058,106,1,58766.85
132,10058,180,1,2104.89
133,10059,131,1,16892.6
134,10060,130,1,31736.73
135,10061,176,1,9134.02
136,10061,105,3,49176.91
137,10062,111,1,10914.12
138,10063,105,1,44259.22
139,10063,113,1,4828.54
140,10063,120,1,1203.35
141,10064,115,2,3314.34
142,10064,183,1,1243.0
143,10065,121,1,10726.43
144,10065,182,1,1906.06
145,10066,114,1,3579.11
146,10066,173,1,5615.7
147,10067,185,1,5807.2
148,10067,173,1,6668.64
149,10067,126,1,17826.16
150,10067,172,1,1005.88
151,10067,208,1,1752.64
152,10068,129,1,36778.33
153,10069,152,1,2689.5
154,10070,121,1,10726.43
155,10071,103,1,86981.38
156,10072,117,1,2850.75
157,10073,194,2,6457.01
158,10074,122,1,11330.86
159,10074,105,1,49176.91
160,10074,219,1,3083.6
161,10074,185,2,6112.84
162,10075,104,1,81889.5
163,10075,132,1,16685.19
164,10075,158,1,9728.12
165,10076,140,1,7414.35
166,10076,111,1,10368.41
167,10077,101,1,81575.18
168,10078,119,1,3767.44
169,10078,156,2,1108.22
170,10078,128,2,32451.24
171,10079,115,1,3314.34
172,10079,170,1,2201.22
173,10079,206,1,2853.1
174,10080,111,2,10914.12
175,10080,102,1,74774.07
176,10081,164,2,7643.2
177,10081,126,1,16887.94
178,10082,164,1,8598.6
179,10082,163,4,13571.6
180,10082,115,1,3314.34
181,10082,142,2,12851.6
182,10083,122,1,10701.36
183,10083,131,1,15954.13
184,10084,109,4,3092.97
185,10084,112,1,7982.51
186,10085,121,1,9653.79
187,10086,120,1,1337.06
188,10087,101,3,81575.18
189,10087,120,1,1270.21
190,10088,178,2,844.41
191,10088,113,2,5680.63
192,10089,152,2,2689.5
193,10090,106,1,58766.85
194,10091,102,1,74774.07
195,10092,179,1,1276.14
196,10092,154,4,1465.07
197,10093,120,1,1337.06
198,10093,172,3,1194.48
199,10093,183,1,1243.0
200,10094,129,2,33100.5
201,10094,107,2,52550.35
202,10095,101,1,73417.66
203,10095,121,1,10726.43
204,10096,135,3,17347.79
205,10097,113,1,5112.57
206,10098,109,1,3436.63
207,10099,124,1,10640.05
208,10100,109,1,3092.97
209,10100,125,1,33874.76
210,10100,200,3,5414.7
211,10100,186,1,5607.04
212,10101,151,1,1468.1
213,10101,159,1,7695.17
214,10102,119,1,3767.44
215,10103,120,1,1337.06
216,10103,194,1,5165.61
217,10103,171,1,3568.28
218,10104,178,1,938.23
219,10105,129,1,34939.41
220,10106,180,2,2338.77
221,10106,177,1,1313.32
222,10106,107,2,49922.83
223,10107,217,1,2203.01
224,10107,154,2,1723.61
225,10107,172,1,1257.35
226,10108,210,1,969.19
227,10109,191,1,4864.92
228,10109,138,1,14571.14
229,10109,192,1,2259.4
230,10109,127,1,35945.7
231,10110,113,1,5396.6
232,10110,157,1,10756.16
233,10111,220,1,8039.33
234,10111,182,3,1906.06
235,10111,147,1,41373.68
236,10112,127,2,34148.41
237,10112,105,1,49176.91
238,10113,131,1,17831.08
239,10114,162,2,10389.18
240,10114,120,1,1270.21
241,10114,141,1,15737.21
242,10115,159,1,6925.65
243,10115,197,1,3819.28
244,10116,126,1,17826.16
245,10116,183,1,1118.7
246,10117,181,2,1603.01
247,10118,157,1,10190.04
248,10119,142,1,12209.02
249,10119,169,1,2411.5
250,10120,170,2,2445.8
251,10120,201,2,956.2
252,10120,123,1,12491.16
253,10121,220,1,8485.96
254,10122,114,1,3579.11
255,10122,133,1,21688.11
256,10122,154,1,1723.61
257,10123,187,1,3463.9
258,10123,132,2,17563.36
259,10123,124,1,10640.05
260,10123,122,1,11330.86
261,10124,135,2,20409.16
262,10124,120,2,1337.06
263,10125,169,1,3014.38
264,10125,107,1,49922.83
265,10125,181,1,1603.01
266,10126,160,1,4212.93
267,10126,173,2,7019.62
268,10127,169,1,3014.38
269,10128,159,3,7310.41
270,10129,122,1,12589.84
271,10129,117,1,2850.75
272,10130,168,2,10159.47
273,10131,104,1,73700.55
274,10131,171,2,3211.45
275,10132,170,1,2078.93
276,10132,165,1,11027.91
277,10132,118,2,2537.73
278,10132,198,2,5797.42
279,10133,164,1,8598.6
280,10133,161,1,9315.28
281,10133,125,1,35756.69
282,10134,110,1,2418.37
283,10135,214,1,2379.88
284,10136,106,2,65296.5
285,10136,153,2,831.4
286,10137,112,2,8869.46
287,10138,144,2,13675.5
288,10138,103,1,73934.17
289,10138,131,1,15954.13
290,10139,167,1,3611.42
291,10139,179,1,1347.03
292,10139,144,1,15195.0
293,10140,109,1,2921.14
294,10141,171,1,3568.28
295,10142,110,1,2702.88
296,10143,132,2,17563.36
297,10144,159,1,6156.14
298,10145,132,1,17563.36
299,10145,129,3,34939.41
300,10146,148,1,28821.79
301,10147,159,1,7310.41
302,10147,151,1,1468.1
303,10148,160,2,3370.34
304,10148,188,3,4888.1
305,10149,185,2,5807.2
306,10149,169,2,3014.38
307,10149,105,1,44259.22
308,10149,104,2,81889.5
309,10150,177,1,1545.08
310,10150,121,1,10726.43
311,10150,124,1,10080.04
312,10151,157,2,9623.93
313,10151,113,1,4828.54
314,10152,169,1,3014.38
315,10152,170,1,2445.8
316,10152,107,2,52550.35
317,10153,152,4,2547.95
318,10153,116,1,1023.87
319,10153,135,2,20409.16
320,10153,115,1,3148.62
321,10154,173,1,6668.64
322,10155,211,2,1626.43
323,10156,111,2,10914.12
324,10157,204,1,945.44
325,10157,163,1,12214.44
326,10157,115,1,3314.34
327,10158,106,1,58766.85
328,10158,131,2,16892.6
329,10158,175,1,5134.73
330,10159,116,3,1084.1
331,10160,200,2,5699.68
332,10161,114,3,3777.95
333,10162,123,4,10617.49
334,10162,184,1,1122.15
335,10162,104,2,69606.08
336,10163,131,2,16892.6
337,10164,183,1,1118.7
338,10165,119,1,3965.73
339,10166,144,1,13675.5
340,10166,122,1,11960.35
341,10167,193,1,6307.84
342,10167,166,4,8461.0
343,10168,145,1,50434.54
344,10168,131,1,18769.56
345,10168,122,1,11960.35
346,10168,160,1,3370.34
347,10169,130,1,35263.03
348,10170,147,2,41373.68
349,10171,102,2,70838.6
350,10172,125,3,37638.62
351,10173,124,3,8960.04
352,10173,152,2,2831.05
353,10174,124,1,11200.05
354,10174,216,1,5219.58
355,10175,140,4,7414.35
356,10175,113,2,5396.6
357,10175,102,1,74774.07
358,10175,124,1,11200.05
359,10175,196,1,2777.87
360,10176,182,2,1810.76
361,10177,199,1,6780.92
362,10178,129,2,36778.33
363,10178,131,1,18769.56
364,10179,110,1,2845.14
365,10180,122,1,11960.35
366,10181,107,4,44667.8
367,10181,152,1,2547.95
368,10182,105,1,49176.91
369,10183,161,1,9315.28
370,10183,171,1,3568.28
371,10184,175,1,5134.73
372,10184,213,2,2297.42
373,10184,165,1,9925.12
374,10184,127,2,35945.7
375,10184,126,1,18764.38
376,10185,103,1,86981.38
377,10185,102,2,66903.12
378,10186,169,1,3014.38
379,10187,154,3,1637.43
380,10187,139,4,16400.35
381,10188,132,1,16685.19
382,10189,131,1,18769.56
383,10189,107,1,47295.32
384,10190,110,1,2845.14
385,10190,142,1,11566.44
386,10190,149,1,701.06
387,10190,197,1,3216.23
388,10191,216,2,4944.86
389,10192,105,1,49176.91
390,10192,103,1,86981.38
391,10193,130,1,35263.03
392,10193,165,1,9925.12
393,10193,159,1,7695.17
394,10194,104,2,69606.08
395,10194,165,2,11027.91
396,10194,130,1,31736.73
397,10195,105,1,49176.91
398,10195,168,2,11354.7
399,10196,168,2,11952.32
400,10197,174,1,5885.54
401,10197,114,2,3579.11
402,10198,179,2,1417.93
403,10199,101,1,77496.42
404,10199,200,1,5414.7
405,10200,154,1,1465.07
406,10200,192,1,2259.4
407,10200,150,4,1863.8
408,10201,116,1,1084.1
409,10202,131,1,17831.08
410,10202,176,3,7691.81
411,10202,195,1,2811.8
412,10202,163,1,13571.6
413,10203,109,1,3436.63
414,10203,113,3,4828.54
415,10203,128,1,32451.24
416,10203,151,1,1390.83
417,10204,128,1,32451.24
418,10205,164,2,8598.6
419,10206,173,1,6668.64
420,10207,157,2,10756.16
421,10207,132,2,14050.69
422,10207,158,1,9241.71
423,10208,125,1,33874.76
424,10209,209,1,1939.09
425,10210,133,2,21688.11
426,10211,139,1,15537.18
427,10212,104,3,73700.55
428,10212,152,1,2831.05
429,10212,163,1,12893.02
430,10212,216,2,5219.58
431,10213,129,1,36778.33
432,10213,169,1,2562.22
433,10214,178,1,891.32
434,10215,151,1,1468.1
435,10215,114,1,3976.79
436,10215,119,1,3569.16
437,10215,197,1,4020.29
438,10216,184,1,1059.81
439,10216,197,1,4020.29
440,10216,111,2,10914.12
441,10217,130,2,35263.03
442,10218,155,1,1656.3
443,10218,141,1,13376.63
444,10218,122,1,11960.35
445,10219,176,1,9614.76
446,10220,152,1,2831.05
447,10220,154,2,1723.61
448,10220,169,2,3014.38
449,10221,105,1,44259.22
450,10222,125,3,37638.62
451,10223,199,1,5424.74
452,10223,213,2,2176.51
453,10223,189,1,2016.27
454,10224,174,3,5591.26
455,10224,106,1,58766.85
456,10224,116,1,1204.55
457,10225,124,1,11200.05
458,10226,158,2,9241.71
459,10227,111,2,8731.3
460,10228,120,1,1203.35
461,10229,157,1,9057.82
462,10230,220,1,8039.33
463,10231,133,1,21688.11
464,10231,165,1,10476.51
465,10232,202,1,822.91
466,10233,142,1,12209.02
467,10234,104,2,77795.02
468,10235,104,2,81889.5
469,10236,132,1,17563.36
470,10236,123,1,10617.49
471,10236,171,1,3568.28
472,10236,186,1,5607.04
473,10237,116,1,1204.55
474,10238,156,1,1231.36
475,10239,109,2,3092.97
476,10240,126,1,17826.16
477,10241,132,1,15807.02
478,10241,121,2,9117.47
479,10242,170,2,2078.93
480,10243,171,1,3389.87
481,10244,174,2,5885.54
482,10245,108,1,34595.22
483,10245,128,2,32451.24
484,10246,188,2,5431.22
485,10246,194,2,6457.01
486,10247,167,2,3231.27
487,10247,176,1,8172.55
488,10247,106,1,62031.68
489,10247,150,1,1863.8
490,10248,176,1,9614.76
491,10249,183,1,1118.7
492,10249,151,1,1390.83
493,10249,111,2,10914.12
494,10250,203,1,991.46
495,10251,200,1,5699.68
496,10251,149,1,824.78
497,10251,120,2,1270.21
498,10251,220,2,8039.33
499,10252,168,1,10757.09
500,10252,184,1,1246.83
501,10252,126,1,18764.38
502,10253,167,2,3801.49
503,10253,114,2,3777.95
504,10254,126,2,18764.38
505,10254,123,3,11866.6
506,10255,156,1,1169.79
507,10256,116,1,963.64
508,10256,168,1,11354.7
509,10256,129,1,34939.41
510,10256,159,1,7310.41
511,10256,114,1,3380.27
512,10257,112,4,7095.57
513,10257,128,2,32451.24
514,10257,174,2,5002.71
515,10258,127,1,32351.13
516,10259,102,1,78709.55
517,10260,173,1,5966.68
518,10261,193,1,7008.71
519,10261,170,4,2445.8
520,10261,108,1,31135.7
521,10262,172,1,1068.75
522,10262,162,1,10389.18
523,10262,131,2,17831.08
524,10262,153,2,706.69
525,10263,105,2,46718.06
526,10263,117,1,2850.75
527,10263,186,3,5607.04
528,10264,160,1,3580.99
529,10265,101,1,77496.42
530,10266,134,1,11868.98
531,10267,214,1,2379.88
532,10268,143,1,5439.75
533,10269,159,1,7695.17
534,10270,176,2,9134.02
535,10270,106,3,65296.5
536,10271,158,1,9728.12
537,10271,149,1,824.78
538,10271,138,1,14571.14
539,10271,102,1,78709.55
540,10271,203,1,991.46
541,10272,119,1,3370.87
542,10273,219,2,3083.6
543,10273,120,1,1337.06
544,10274,191,1,4378.43
545,10274,116,3,1084.1
546,10275,128,1,27583.55
547,10276,151,1,1236.3
548,10276,119,1,3569.16
549,10276,202,2,822.91
550,10277,102,1,74774.07
551,10277,174,2,5002.71
552,10277,211,1,1463.79
553,10277,123,1,12491.16
554,10278,163,1,12214.44
555,10279,177,1,1390.57
556,10280,203,2,887.09
557,10280,167,1,3801.49
558,10281,171,2,2854.62
559,10281,129,3,36778.33
560,10281,167,1,3801.49
561,10282,187,1,3463.9
562,10283,175,1,5134.73
563,10283,113,1,4544.5
564,10284,132,2,17563.36
565,10284,187,2,3463.9
566,10284,123,1,12491.16
567,10285,172,1,1131.62
568,10286,160,1,4002.28
569,10286,173,3,6668.64
570,10287,170,1,2078.93
571,10287,123,1,10617.49
572,10288,131,2,16892.6
573,10289,203,1,1043.64
574,10289,130,1,31736.73
575,10289,160,1,3791.64
576,10290,102,1,74774.07
577,10290,157,2,10756.16
578,10291,167,1,3801.49
579,10291,146,1,61738.52
580,10291,172,1,1005.88
581,10292,161,1,9315.28
582,10292,119,1,3767.44
583,10293,152,1,2547.95
584,10293,174,1,5296.99
585,10294,128,1,25960.99
586,10295,219,1,3083.6
587,10295,134,1,11868.98
588,10296,169,4,3014.38
589,10296,154,2,1637.43
590,10296,150,3,1677.42
591,10297,151,1,1468.1
592,10297,114,1,3380.27
593,10297,136,1,7007.38
594,10297,167,1,3801.49
595,10297,174,3,5885.54
596,10298,105,1,46718.06
597,10299,164,1,8120.9
598,10300,216,1,4944.86
599,10300,202,1,822.91
600,10300,124,1,10640.05
601,10301,114,1,3976.79
602,10301,102,3,78709.55
603,10302,129,1,34939.41
604,10302,104,2,73700.55
605,10303,114,1,3976.79
606,10304,216,1,4944.86
607,10305,183,2,1056.55
608,10305,115,1,3314.34
609,10306,175,1,5134.73
610,10306,119,1,3569.16
611,10306,148,2,24498.52
612,10306,127,1,32351.13
613,10307,129,2,34939.41
614,10308,111,1,9822.71
615,10309,176,3,9614.76
616,10309,186,3,5607.04
617,10309,171,1,3211.45
618,10309,188,4,4888.1
619,10309,106,1,62031.68
620,10310,113,1,5680.63
621,10311,192,1,2510.45
622,10311,194,1,6457.01
623,10312,126,1,17826.16
624,10313,123,2,12491.16
625,10313,166,1,8906.32
626,10314,131,1,17831.08
627,10315,170,1,2323.51
628,10316,101,2,73417.66
629,10317,161,1,8849.52
630,10318,187,1,3646.21
631,10319,174,2,5296.99
632,10320,217,4,2203.01
633,10320,165,1,9925.12
634,10320,172,2,1068.75
635,10321,205,1,2856.03
636,10321,143,1,5167.76
637,10321,101,1,69338.9
638,10322,184,2,1184.49
639,10323,173,1,7019.62
640,10324,118,1,2537.73
641,10325,158,3,8755.31
642,10326,176,2,8172.55
643,10326,169,1,3014.38
644,10326,128,2,32451.24
645,10326,122,1,11330.86
646,10327,164,1,9076.3
647,10327,195,1,3308.0
648,10328,130,1,33499.88
649,10328,111,1,10368.41
650,10328,107,1,49922.83
651,10329,111,2,10914.12
652,10329,164,3,9076.3
653,10329,152,2,2831.05
654,10330,175,1,4621.26
655,10330,127,1,32351.13
656,10331,113,1,5680.63
657,10332,185,1,5501.56
658,10332,156,1,1231.36
659,10332,180,1,2104.89
660,10332,188,1,5431.22
661,10333,124,1,11200.05
662,10333,174,1,5591.26
663,10334,112,1,8869.46
664,10335,145,2,47912.81
665,10336,109,1,3092.97
666,10336,129,2,33100.5
667,10336,154,1,1551.25
668,10337,219,1,3083.6
669,10337,165,2,8822.33
670,10338,154,1,1551.25
671,10338,106,1,58766.85
672,10338,169,1,2712.94
673,10339,163,1,13571.6
674,10340,108,3,27676.18
675,10340,160,1,3791.64
676,10341,190,2,4806.88
677,10342,123,2,12491.16
678,10343,153,3,831.4
679,10343,213,2,2176.51
680,10344,105,1,49176.91
681,10344,120,1,1203.35
682,10344,122,1,11330.86
683,10345,186,3,5326.69
684,10346,109,1,3436.63
685,10346,177,1,1545.08
686,10346,108,1,34595.22
687,10347,157,2,11322.27
688,10347,115,1,3148.62
689,10347,123,1,12491.16
690,10348,115,1,3314.34
691,10348,119,1,3172.58
692,10349,176,1,8653.28
693,10349,103,1,86981.38
694,10350,143,2,5439.75
695,10351,168,2,11952.32
696,10351,214,1,2141.89
697,10352,180,1,2338.77
698,10352,191,2,4864.92
699,10353,127,2,35945.7
700,10354,101,1,81575.18
701,10354,108,2,29405.94
702,10355,117,1,2850.75
703,10355,140,1,7850.48
704,10356,120,3,1337.06
705,10357,218,1,8329.41
706,10357,141,2,15737.21
707,10357,120,1,1203.35
708,10357,176,2,9614.76
709,10358,115,1,2982.91
710,10359,161,1,9315.28
711,10359,101,1,81575.18
712,10360,105,2,44259.22
713,10361,106,3,65296.5
714,10361,188,1,4888.1
715,10362,122,1,12589.84
716,10362,132,3,15807.02
717,10363,151,1,1545.37
718,10364,192,1,2510.45
719,10365,139,1,17263.53
720,10366,105,1,49176.91
721,10366,110,2,2845.14
722,10367,126,2,17826.16
723,10367,127,2,34148.41
724,10368,173,1,6317.66
725,10368,154,3,1723.61
726,10369,106,1,58766.85
727,10369,124,1,10080.04
728,10370,131,2,18769.56
729,10371,129,1,34939.41
730,10372,162,1,9350.26
731,10373,127,1,32351.13
732,10374,168,1,10159.47
733,10374,124,2,8960.04
734,10374,109,1,3264.8
735,10375,167,2,3801.49
736,10375,158,1,9728.12
737,10376,124,1,11200.05
738,10377,188,1,5431.22
739,10377,182,1,1524.85
740,10378,113,1,4828.54
741,10378,182,1,1906.06
742,10379,188,1,5431.22
743,10379,185,1,4890.27
744,10380,175,1,5134.73
745,10380,130,1,29973.58
746,10381,132,1,14928.86
747,10381,123,1,11242.04
748,10382,176,1,8172.55
749,10382,202,1,781.76
750,10383,118,2,2537.73
751,10383,171,1,3568.28
752,10383,175,2,4877.99
753,10384,128,1,32451.24
754,10384,111,1,9822.71
755,10385,105,1,44259.22
756,10386,118,1,2537.73
757,10387,124,2,10640.05
758,10388,158,1,8268.9
759,10389,169,2,3014.38
760,10390,134,1,13265.33
761,10390,163,1,12893.02
762,10390,110,1,2702.88
763,10391,101,1,81575.18
764,10391,159,1,7695.17
765,10392,201,1,1062.45
766,10393,106,1,65296.5
767,10394,125,1,35756.69
768,10394,178,2,938.23
769,10395,161,3,8383.75
770,10395,128,2,32451.24
771,10395,136,1,6618.08
772,10396,211,1,1382.47
773,10397,105,2,49176.91
774,10398,109,1,2749.3
775,10399,131,1,16892.6
776,10400,116,1,1144.32
777,10401,138,2,15338.04
778,10401,104,1,81889.5
779,10401,148,2,27380.7
780,10402,117,3,2850.75
781,10402,122,2,11960.35
782,10403,131,3,18769.56
783,10404,117,3,2708.21
784,10404,149,1,824.78
785,10404,182,1,1906.06
786,10405,119,1,3172.58
787,10406,129,1,34939.41
788,10406,217,1,2203.01
789,10407,107,1,44667.8
790,10407,110,1,2560.63
791,10408,120,1,1337.06
792,10408,155,1,1743.47
793,10409,179,1,1347.03
794,10410,127,1,32351.13
795,10411,212,1,1939.41
796,10411,208,1,1850.01
797,10412,149,2,742.3
798,10413,111,1,10368.41
799,10413,124,1,10640.05
800,10413,116,1,1204.55
801,10414,188,1,5431.22
802,10415,220,1,7146.07
803,10415,169,2,2863.66
804,10415,102,1,78709.55
805,10416,154,1,1378.89
806,10417,167,1,3611.42
807,10418,174,1,5885.54
808,10419,145,3,50434.54
809,10419,197,1,3216.23
810,10419,195,1,3308.0
811,10420,118,2,2537.73
812,10420,169,1,3014.38
813,10420,182,1,1906.06
814,10421,138,1,13804.24
815,10422,116,2,1204.55
816,10422,161,1,9315.28
817,10423,193,2,6658.27
818,10424,184,1,1184.49
819,10424,209,1,2154.54
820,10425,176,2,8172.55
821,10426,141,1,15737.21
822,10427,135,1,18368.24
823,10427,173,1,7019.62
824,10427,105,1,44259.22
825,10428,181,1,1692.06
826,10428,213,1,2176.51
827,10428,183,1,1243.0
828,10428,184,3,1246.83
829,10429,169,1,2712.94
830,10429,122,2,12589.84
831,10429,165,1,11027.91
832,10429,179,1,1417.93
833,10430,126,1,17826.16
834,10430,187,1,3099.28
835,10431,125,1,37638.62
836,10431,185,1,5501.56
837,10432,151,1,1313.56
838,10433,119,1,3965.73
839,10434,158,2,8268.9
840,10434,173,1,5615.7
841,10435,167,1,3421.34
842,10436,176,2,8653.28
843,10436,200,1,5699.68
844,10437,165,1,10476.51
845,10437,147,1,41373.68
846,10437,125,1,35756.69
847,10437,103,1,82632.31
848,10438,132,1,17563.36
849,10438,184,1,1184.49
850,10438,199,1,6780.92
851,10439,101,1,69338.9
852,10439,211,1,1626.43
853,10440,219,1,3083.6
854,10441,162,2,10389.18
855,10441,124,1,8960.04
856,10441,208,4,1947.38
857,10442,120,1,1203.35
858,10442,125,1,37638.62
859,10442,111,1,10914.12
860,10443,184,3,1246.83
861,10443,126,1,18764.38
862,10443,194,1,6134.16
863,10443,123,3,11866.6
864,10443,161,3,7917.99
865,10444,127,1,34148.41
866,10445,219,2,3245.89
867,10446,106,3,55502.02
868,10446,135,1,19388.7
869,10447,123,1,11866.6
870,10447,105,1,49176.91
871,10448,123,1,12491.16
872,10449,185,1,5807.2
873,10450,156,1,1169.79
874,10450,168,1,11354.7
875,10450,129,2,36778.33
876,10450,102,1,74774.07
877,10451,180,1,2338.77
878,10451,173,1,6317.66
879,10451,125,3,35756.69
880,10452,143,1,5167.76
881,10452,110,3,2845.14
882,10453,144,1,15195.0
883,10453,117,4,2565.68
884,10453,113,2,5680.63
885,10453,110,1,2845.14
886,10453,130,2,35263.03
887,10454,151,1,1390.83
888,10455,125,2,35756.69
889,10456,102,2,62967.64
890,10457,184,1,1246.83
891,10457,139,1,16400.35
892,10458,165,1,11027.91
893,10458,217,1,1872.56
894,10458,137,1,10399.57
895,10459,152,1,2831.05
896,10459,122,1,12589.84
897,10459,115,1,3148.62
898,10459,119,3,3569.16
899,10459,104,1,73700.55
900,10460,188,2,5431.22
901,10460,114,3,3976.79
902,10461,210,1,1020.2
903,10461,110,4,2702.88
904,10461,213,1,2176.51
905,10461,106,3,58766.85
906,10462,121,1,10190.11
907,10463,118,2,2537.73
908,10464,127,1,35945.7
909,10464,105,2,49176.91
910,10465,175,2,4621.26
911,10466,177,1,1545.08
912,10466,127,1,35945.7
913,10466,180,1,2338.77
914,10466,137,2,11049.54
915,10467,182,2,1810.76
916,10467,113,1,5680.63
917,10468,103,1,86981.38
918,10469,118,4,2537.73
919,10470,164,2,9554.0
920,10471,123,1,12491.16
921,10471,114,1,3976.79
922,10471,122,1,12589.84
923,10472,147,1,41373.68
924,10473,168,1,11354.7
925,10473,116,1,1144.32
926,10473,213,1,2418.34
927,10474,168,1,10757.09
928,10475,130,2,33499.88
929,10476,126,1,17826.16
930,10477,169,1,3014.38
931,10478,115,1,3148.62
932,10479,172,3,1257.35
933,10479,113,1,5112.57
934,10480,126,2,18764.38
935,10480,171,2,3211.45
936,10480,187,1,3281.59
937,10481,129,1,34939.41
938,10481,105,1,44259.22
939,10481,131,2,18769.56
940,10481,104,2,81889.5
941,10482,181,1,1603.01
942,10482,122,2,12589.84
943,10482,120,1,1337.06
944,10483,220,3,8039.33
945,10483,111,3,10914.12
946,10484,102,2,74774.07
947,10485,176,1,9614.76
948,10486,107,1,52550.35
949,10487,177,1,1545.08
950,10487,130,2,31736.73
951,10487,169,1,2863.66
952,10488,126,1,15949.72
953,10488,185,1,6112.84
954,10489,125,1,33874.76
955,10489,179,1,1417.93
956,10490,154,1,1637.43
957,10491,164,1,9076.3
958,10491,200,1,5414.7
959,10491,108,2,27676.18
960,10491,105,2,49176.91
961,10491,121,1,10726.43
962,10492,144,1,15195.0
963,10493,170,1,2078.93
964,10493,102,1,78709.55
965,10494,117,1,2565.68
966,10495,120,1,1203.35
967,10496,121,1,10726.43
968,10497,119,2,3172.58
969,10498,103,1,78283.24
970,10499,175,2,4364.52
971,10499,165,2,10476.51
972,10500,137,1,12349.49
973,10501,160,1,4002.28
974,10502,129,1,31261.58
975,10503,115,1,3314.34
976,10503,103,4,82632.31
977,10504,160,1,3791.64
978,10505,217,1,1982.71
979,10506,124,2,10080.04
980,10507,124,1,10640.05
981,10508,121,1,10726.43
982,10509,210,1,867.17
983,10510,125,1,35756.69
984,10511,131,2,15015.65
985,10511,104,1,77795.02
986,10512,122,1,11960.35
987,10513,102,1,78709.55
988,10513,150,2,1863.8
989,10513,187,1,3646.21
990,10514,186,1,5607.04
991,10515,207,1,3500.17
992,10515,108,3,34595.22
993,10516,128,1,29206.12
994,10517,104,1,65511.6
995,10518,124,4,10640.05
996,10519,126,1,17826.16
997,10520,118,1,2537.73
998,10521,104,3,77795.02
999,10521,111,1,9822.71
1000,10522,170,2,2201.22
1001,10523,106,1,65296.5
1002,10523,169,3,2863.66
1003,10524,106,1,65296.5
1004,10524,132,1,15807.02
1005,10524,105,1,44259.22
1006,10524,157,1,11322.27
1007,10525,215,1,3133.27
1008,10526,121,1,10190.11
1009,10526,168,1,11354.7
1010,10527,173,1,7019.62
1011,10527,139,1,16400.35
1012,10527,199,1,6441.87
1013,10528,171,2,3389.87
1014,10529,157,2,11322.27
1015,10530,211,1,1626.43
1016,10530,120,1,1136.5
1017,10531,121,1,10190.11
1018,10531,158,1,9241.71
1019,10532,102,1,62967.64
1020,10533,211,1,1463.79
1021,10534,119,1,3767.44
1022,10535,155,1,1743.47
1023,10535,152,1,2831.05
1024,10535,194,1,6457.01
1025,10536,108,1,34595.22
1026,10537,152,2,2831.05
1027,10538,107,1,42040.28
1028,10538,201,3,956.2
1029,10539,144,1,12915.75
1030,10540,213,1,2418.34
1031,10540,154,1,1637.43
1032,10540,140,3,8286.62
1033,10541,185,1,6112.84
1034,10541,139,1,17263.53
1035,10541,123,4,12491.16
1036,10542,182,1,1715.45
1037,10542,159,1,7695.17
1038,10543,129,3,33100.5
1039,10543,161,1,7452.22
1040,10543,142,2,12209.02
1041,10543,104,1,81889.5
1042,10544,105,1,41800.37
1043,10544,144,2,15195.0
1044,10545,149,2,701.06
1045,10545,153,2,706.69
1046,10545,112,1,7539.04
1047,10546,111,1,10914.12
1048,10546,162,1,10389.18
1049,10547,112,1,8869.46
1050,10548,173,1,6668.64
1051,10548,122,1,12589.84
1052,10548,207,1,4156.45
1053,10548,159,1,6925.65
1054,10549,168,1,9561.86
1055,10550,190,2,4566.54
1056,10551,106,1,62031.68
1057,10551,206,1,3566.37
1058,10552,193,4,6658.27
1059,10552,131,1,18769.56
1060,10553,104,1,81889.5
1061,10553,132,2,16685.19
1062,10554,117,1,2850.75
1063,10555,154,1,1723.61
1064,10555,105,1,46718.06
1065,10556,128,2,32451.24
1066,10557,137,2,12349.49
1067,10557,121,1,9653.79
1068,10558,213,1,2297.42
1069,10558,156,1,1231.36
1070,10558,186,1,5046.34
1071,10559,162,1,10389.18
1072,10560,126,1,17826.16
1073,10561,107,1,49922.83
1074,10562,111,1,9822.71
1075,10563,166,1,8906.32
1076,10563,104,1,73700.55
1077,10563,162,1,9869.72
1078,10564,116,1,1144.32
1079,10564,130,2,35263.03
1080,10565,130,3,35263.03
1081,10565,162,1,9869.72
1082,10565,131,1,18769.56
1083,10566,111,1,10914.12
1084,10566,113,1,5396.6
1085,10566,214,2,2141.89
1086,10567,114,1,3579.11
1087,10567,158,1,9241.71
1088,10567,103,2,86981.38
1089,10568,167,3,3421.34
1090,10569,116,1,1204.55
1091,10569,102,2,74774.07
1092,10570,172,1,1068.75
1093,10570,175,4,4364.52
1094,10571,166,1,8906.32
1095,10571,161,1,9315.28
1096,10571,107,1,44667.8
1097,10572,105,2,41800.37
1098,10572,117,4,2280.6
1099,10572,180,1,2338.77
1100,10573,120,1,1203.35
1101,10573,178,1,891.32
1102,10574,204,3,895.68
1103,10574,118,2,2283.96
1104,10575,117,2,2565.68
1105,10575,113,1,5396.6
1106,10576,111,1,10914.12
1107,10577,131,1,18769.56
1108,10578,118,1,2537.73
1109,10579,113,2,5680.63
1110,10580,107,1,47295.32
1111,10581,111,1,10368.41
1112,10582,156,1,1231.36
1113,10583,167,1,3611.42
1114,10583,156,1,1108.22
1115,10584,106,1,65296.5
1116,10584,158,2,8755.31
1117,10585,191,1,4378.43
1118,10586,136,1,7785.98
1119,10586,127,1,30553.84
1120,10586,195,3,3308.0
1121,10587,118,1,2537.73
1122,10587,212,1,2154.9
1123,10587,152,2,2831.05
1124,10588,157,1,9623.93
1125,10588,165,3,11027.91
1126,10588,115,1,2982.91
1127,10588,188,2,5159.66
1128,10589,159,1,7695.17
1129,10590,115,3,2982.91
1130,10590,132,3,15807.02
1131,10591,179,3,1205.24
1132,10592,114,1,3181.43
1133,10592,103,1,73934.17
1134,10593,160,1,4212.93
1135,10593,102,1,78709.55
1136,10594,125,1,37638.62
1137,10594,179,2,1417.93
1138,10594,107,1,44667.8
1139,10595,101,2,77496.42
1140,10596,134,1,13963.51
1141,10597,181,1,1692.06
1142,10598,121,1,10726.43
1143,10598,166,3,7125.06
1144,10598,185,1,6112.84
1145,10599,127,1,34148.41
1146,10600,122,1,11960.35
1147,10600,183,1,1243.0
1148,10600,107,2,52550.35
1149,10601,120,1,1203.35
1150,10601,103,1,82632.31
1151,10602,176,1,8653.28
1152,10602,113,1,5680.63
1153,10602,170,1,2323.51
1154,10603,187,1,3463.9
1155,10603,188,1,5159.66
1156,10604,159,1,7310.41
1157,10604,119,1,3965.73
1158,10604,142,1,12851.6
1159,10604,156,1,1108.22
1160,10605,194,1,6457.01
1161,10606,113,1,5680.63
1162,10606,202,3,822.91
1163,10607,121,1,10726.43
1164,10608,182,1,1906.06
1165,10608,186,1,5326.69
1166,10609,182,1,1906.06
1167,10610,108,1,34595.22
1168,10610,117,1,2708.21
1169,10611,218,1,8329.41
1170,10612,151,3,1468.1
1171,10613,130,1,29973.58
1172,10613,129,1,36778.33
1173,10613,136,1,7396.68
1174,10613,165,1,11027.91
1175,10614,164,2,9554.0
1176,10614,174,4,5296.99
1177,10615,113,1,5396.6
1178,10616,175,1,5134.73
1179,10616,183,1,1118.7
1180,10616,118,1,2283.96
1181,10617,179,2,1134.34
1182,10617,110,2,2560.63
1183,10618,128,2,30828.68
1184,10618,169,2,3014.38
1185,10619,147,1,41373.68
1186,10620,126,2,17826.16
1187,10621,132,1,16685.19
1188,10622,200,1,5129.71
1189,10623,209,1,2046.81
1190,10623,112,1,7982.51
1191,10623,142,1,12209.02
1192,10624,212,1,2154.9
1193,10624,160,1,3791.64
1194,10625,154,2,1637.43
1195,10625,103,3,82632.31
1196,10626,126,1,16887.94
1197,10627,114,1,3380.27
1198,10627,111,1,10914.12
1199,10628,128,1,27583.55
1200,10629,164,1,7643.2
1201,10630,101,1,81575.18
1202,10631,165,2,10476.51
1203,10632,143,1,4895.78
1204,10632,157,1,11322.27
1205,10633,130,2,35263.03
1206,10634,117,1,2565.68
1207,10635,167,2,3041.19
1208,10635,128,1,27583.55
1209,10636,201,4,1009.33
1210,10636,181,2,1692.06
1211,10637,124,2,11200.05
1212,10638,125,2,31992.83
1213,10638,126,1,18764.38
1214,10639,127,1,34148.41
1215,10639,124,1,10080.04
1216,10640,129,1,29422.66
1217,10641,102,2,70838.6
1218,10641,143,1,5439.75
1219,10642,173,2,7019.62
1220,10642,149,1,701.06
1221,10643,101,2,81575.18
1222,10643,124,1,11200.05
1223,10644,190,1,4326.19
1224,10644,139,1,16400.35
1225,10644,146,1,61738.52
1226,10644,122,1,11960.35
1227,10645,116,1,963.64
1228,10645,120,1,1069.65
1229,10646,180,1,2338.77
1230,10646,106,1,52237.2
1231,10647,148,1,25939.61
1232,10648,109,1,3092.97
1233,10649,116,1,963.64
1234,10650,168,1,11354.7
1235,10650,159,1,7695.17
1236,10651,147,1,37236.31
1237,10651,108,2,34595.22
1238,10652,188,2,4344.98
1239,10653,133,1,20603.7
1240,10654,109,1,3092.97
1241,10655,155,2,1656.3
1242,10655,187,4,3463.9
1243,10656,218,1,7912.94
1244,10657,136,1,7785.98
1245,10658,172,1,1257.35
1246,10658,118,2,2283.96
1247,10659,112,1,8425.99
1248,10659,105,3,49176.91
1249,10659,108,3,34595.22
1250,10660,112,1,8869.46
1251,10660,194,1,6457.01
1252,10660,104,1,65511.6
1253,10660,206,1,3209.73
1254,10661,156,1,1046.66
1255,10662,163,1,13571.6
1256,10663,121,1,10726.43
1257,10664,105,1,46718.06
1258,10664,187,1,3463.9
1259,10664,109,1,3436.63
1260,10665,136,2,7007.38
1261,10665,123,1,11242.04
1262,10666,143,1,5439.75
1263,10666,115,2,2817.19
1264,10666,195,1,2646.4
1265,10666,113,1,5680.63
1266,10667,211,1,1626.43
1267,10667,136,1,7785.98
1268,10668,191,1,4378.43
1269,10669,104,1,69606.08
1270,10670,186,1,5607.04
1271,10670,179,1,1417.93
1272,10671,128,1,27583.55
1273,10672,119,1,3569.16
1274,10673,204,1,995.2
1275,10673,177,1,1390.57
1276,10674,209,1,2154.54
1277,10674,153,1,831.4
1278,10674,141,1,15737.21
1279,10675,142,1,12851.6
1280,10675,152,3,2831.05
1281,10676,121,1,9653.79
1282,10676,138,1,14571.14
1283,10676,108,1,34595.22
1284,10676,105,2,41800.37
1285,10677,116,3,1204.55
1286,10677,113,2,5680.63
1287,10678,125,1,33874.76
1288,10678,124,1,10080.04
1289,10678,157,2,10756.16
1290,10678,209,1,2046.81
1291,10678,214,1,2022.9
1292,10679,114,1,3976.79
1293,10680,191,2,4864.92
1294,10680,155,2,1656.3
1295,10681,157,3,11322.27
1296,10682,195,1,3142.6
1297,10682,101,1,77496.42
1298,10683,172,1,1257.35
1299,10684,125,2,31992.83
1300,10684,121,2,10190.11
1301,10685,197,1,3819.28
1302,10685,128,3,30828.68
1303,10685,119,1,3965.73
1304,10686,131,3,18769.56
1305,10687,108,2,34595.22
1306,10687,155,1,1743.47
1307,10687,153,3,831.4
1308,10688,142,1,11566.44
1309,10689,143,3,4895.78
1310,10689,200,1,5129.71
1311,10689,169,1,3014.38
1312,10689,118,1,2283.96
1313,10690,116,1,1204.55
1314,10690,208,1,1947.38
1315,10691,156,2,985.09
1316,10692,131,1,16892.6
1317,10692,169,1,3014.38
1318,10692,182,1,1715.45
1319,10693,124,2,8960.04
1320,10693,149,1,824.78
1321,10694,128,1,29206.12
1322,10694,102,2,74774.07
1323,10695,150,1,1863.8
1324,10695,115,1,3314.34
1325,10696,158,1,9728.12
1326,10696,126,1,18764.38
1327,10697,159,2,7695.17
1328,10698,205,2,2856.03
1329,10698,121,3,10190.11
1330,10699,174,1,5885.54
1331,10699,135,1,17347.79
1332,10699,177,1,1467.83
1333,10700,109,1,2749.3
1334,10700,126,1,18764.38
1335,10701,117,1,2708.21
1336,10702,116,2,963.64
1337,10703,164,1,8120.9
1338,10704,178,1,891.32
1339,10704,104,1,81889.5
1340,10705,166,1,8906.32
1341,10705,103,1,82632.31
1342,10706,130,1,33499.88
1343,10707,210,2,1020.2
1344,10707,124,1,10640.05
1345,10708,132,1,17563.36
1346,10709,166,2,8906.32
1347,10710,103,1,78283.24
1348,10711,114,2,3976.79
1349,10711,118,1,2283.96
1350,10712,131,1,16892.6
1351,10712,190,1,4566.54
1352,10713,131,1,16892.6
1353,10713,169,2,2863.66
1354,10713,180,1,2338.77
1355,10714,107,1,52550.35
1356,10715,130,1,33499.88
1357,10716,104,1,81889.5
1358,10716,106,1,58766.85
1359,10717,203,1,1043.64
1360,10718,167,1,3421.34
1361,10718,154,1,1551.25
1362,10718,201,1,1062.45
1363,10719,115,1,2982.91
1364,10719,116,2,1084.1
1365,10720,144,1,15195.0
1366,10720,105,1,46718.06
1367,10720,107,1,52550.35
1368,10721,170,1,2078.93
1369,10721,216,1,4944.86
1370,10721,120,1,1270.21
1371,10722,216,2,4670.15
1372,10723,113,2,5680.63
1373,10723,103,1,82632.31
1374,10724,159,1,6925.65
1375,10725,113,3,5680.63
1376,10725,122,1,11330.86
1377,10725,129,1,29422.66
1378,10726,138,1,13804.24
1379,10726,158,1,9728.12
1380,10726,104,2,81889.5
1381,10727,103,2,86981.38
1382,10727,128,1,32451.24
1383,10728,199,1,5763.78
1384,10729,204,3,995.2
1385,10729,188,1,5431.22
1386,10729,101,1,77496.42
1387,10730,102,1,78709.55
1388,10731,119,1,3965.73
1389,10731,115,1,3148.62
1390,10732,125,1,30110.9
1391,10733,179,1,1417.93
1392,10734,172,1,1131.62
1393,10734,163,2,13571.6
1394,10734,127,2,32351.13
1395,10734,146,1,61738.52
1396,10734,117,1,2565.68
1397,10735,107,2,52550.35
1398,10735,148,1,24498.52
1399,10735,173,1,7019.62
1400,10736,106,1,65296.5
1401,10736,184,1,1246.83
1402,10736,121,1,10726.43
1403,10737,139,1,17263.53
1404,10737,131,2,18769.56
1405,10737,129,1,34939.41
1406,10737,165,1,11027.91
1407,10738,162,3,10389.18
1408,10738,159,1,7695.17
1409,10738,128,2,32451.24
1410,10739,179,1,1417.93
1411,10740,166,1,7125.06
1412,10740,114,1,3976.79
1413,10741,140,1,7414.35
1414,10741,116,1,1204.55
1415,10741,114,2,3976.79
1416,10742,115,1,3314.34
1417,10742,153,1,748.26
1418,10743,157,1,10756.16
1419,10743,136,1,7007.38
1420,10744,111,1,9277.0
1421,10744,114,2,3777.95
1422,10745,108,2,29405.94
1423,10746,177,1,1545.08
1424,10747,155,1,1743.47
1425,10747,175,1,5134.73
1426,10748,119,1,3569.16
1427,10748,130,1,31736.73
1428,10749,122,1,12589.84
1429,10750,105,1,39341.53
1430,10751,180,1,2104.89
1431,10752,191,1,4864.92
1432,10752,108,1,29405.94
1433,10753,168,1,11952.32
1434,10753,142,2,12851.6
1435,10753,187,1,3646.21
1436,10754,154,2,1551.25
1437,10754,118,3,2410.84
1438,10755,172,1,1257.35
1439,10755,118,1,2410.84
1440,10755,121,1,10726.43
1441,10756,169,1,2863.66
1442,10756,181,1,1781.12
1443,10757,176,1,8653.28
1444,10758,113,1,5680.63
1445,10758,137,1,10399.57
1446,10759,191,1,4864.92
1447,10759,102,1,74774.07
1448,10759,110,1,2418.37
1449,10760,111,2,10914.12
1450,10760,183,2,1118.7
1451,10760,132,2,14050.69
1452,10760,130,1,35263.03
1453,10761,122,1,11330.86
1454,10762,214,1,2379.88
1455,10763,131,1,18769.56
1456,10763,134,1,13265.33
1457,10764,179,1,1134.34
1458,10764,116,1,1204.55
1459,10764,104,1,81889.5
1460,10765,128,1,32451.24
1461,10766,125,2,35756.69
1462,10767,136,1,7396.68
1463,10767,119,2,3569.16
1464,10767,113,1,5112.57
1465,10767,165,1,11027.91
1466,10768,154,1,1723.61
1467,10768,110,1,2845.14
1468,10769,111,1,9277.0
1469,10770,128,1,29206.12
1470,10771,113,1,4544.5
1471,10772,110,1,2845.14
1472,10772,118,2,2410.84
1473,10773,122,1,12589.84
1474,10773,146,1,61738.52
1475,10774,183,2,1243.0
1476,10774,108,1,32865.46
1477,10775,107,3,52550.35
1478,10775,177,2,1467.83
1479,10776,112,1,8869.46
1480,10776,176,1,8653.28
1481,10776,104,1,81889.5
1482,10776,187,1,3281.59
1483,10777,106,2,65296.5
1484,10778,114,2,3976.79
1485,10779,187,2,3646.21
1486,10779,103,1,86981.38
1487,10780,117,3,2850.75
1488,10780,102,2,78709.55
1489,10781,180,1,1987.95
1490,10782,125,1,37638.62
1491,10782,161,2,9315.28
1492,10783,178,2,891.32
1493,10784,165,1,8822.33
1494,10784,137,1,12349.49
1495,10785,164,1,8120.9
1496,10785,187,1,3281.59
1497,10785,123,1,11242.04
1498,10786,118,1,2537.73
1499,10786,134,1,13265.33
1500,10787,172,1,1257.35
1501,10788,162,1,10389.18
1502,10788,199,1,6102.83
1503,10789,166,1,8015.69
1504,10790,204,1,895.68
1505,10790,106,1,65296.5
1506,10791,120,2,1337.06
1507,10791,117,1,2708.21
1508,10791,133,1,18434.89
1509,10791,144,2,14435.25
1510,10792,190,1,4806.88
1511,10793,112,2,8425.99
1512,10794,116,2,1204.55
1513,10794,133,2,21688.11
1514,10794,214,1,2260.89
1515,10794,180,1,2104.89
1516,10795,105,1,49176.91
1517,10795,131,1,18769.56
1518,10796,217,1,2092.86
1519,10797,101,1,69338.9
1520,10797,190,1,4806.88
1521,10798,123,2,12491.16
1522,10799,109,2,3264.8
1523,10799,180,1,2221.83
1524,10800,113,1,4544.5
1525,10801,152,1,2831.05
1526,10801,143,2,5439.75
1527,10801,220,1,8485.96
1528,10802,125,1,35756.69
1529,10803,115,1,3314.34
1530,10803,125,1,35756.69
1531,10803,109,1,3436.63
1532,10803,154,1,1378.89
1533,10803,169,2,2712.94
1534,10804,170,1,2201.22
1535,10804,191,1,4864.92
1536,10804,104,1,81889.5
1537,10805,123,1,10617.49
1538,10806,181,1,1781.12
1539,10806,187,1,3099.28
1540,10807,171,1,3033.04
1541,10808,179,1,1417.93
1542,10809,220,3,8039.33
1543,10809,139,2,17263.53
1544,10810,113,3,4544.5
1545,10811,120,4,1337.06
1546,10811,117,2,2850.75
1547,10812,181,1,1781.12
1548,10813,165,1,11027.91
1549,10813,172,1,1131.62
1550,10813,105,1,44259.22
1551,10813,114,1,3976.79
1552,10814,182,1,1810.76
1553,10815,116,2,1144.32
1554,10815,138,1,14571.14
1555,10816,102,1,78709.55
1556,10816,106,1,62031.68
1557,10817,188,1,4616.54
1558,10818,106,2,65296.5
1559,10818,131,1,18769.56
1560,10819,121,1,10726.43
1561,10820,126,1,17826.16
1562,10820,157,1,10756.16
1563,10821,129,1,36778.33
1564,10822,115,1,3314.34
1565,10823,124,2,10080.04
1566,10823,131,3,18769.56
1567,10823,159,1,6540.89
1568,10823,207,1,3500.17
1569,10824,130,3,35263.03
1570,10825,103,3,86981.38
1571,10825,165,1,11027.91
1572,10826,168,2,10757.09
1573,10826,108,1,34595.22
1574,10826,104,2,77795.02
1575,10827,132,1,17563.36
1576,10827,163,1,11535.86
1577,10827,137,1,12999.46
1578,10827,204,1,995.2
1579,10828,119,1,3569.16
1580,10829,199,1,6780.92
1581,10829,128,1,32451.24
1582,10829,171,1,3568.28
1583,10830,124,1,11200.05
1584,10830,147,1,41373.68
1585,10831,155,2,1743.47
1586,10832,179,1,1417.93
1587,10833,159,1,7695.17
1588,10833,153,1,831.4
1589,10834,186,1,5607.04
1590,10834,119,1,3965.73
1591,10835,213,1,2418.34
1592,10835,127,1,35945.7
1593,10836,105,1,49176.91
1594,10836,220,1,8485.96
1595,10836,140,1,8722.76
1596,10837,120,1,1337.06
1597,10837,129,1,36778.33
1598,10837,124,2,10080.04
1599,10837,106,1,62031.68
1600,10838,157,2,11322.27
1601,10838,153,2,831.4
1602,10839,117,1,2708.21
1603,10839,182,2,1620.15
1604,10840,110,1,2702.88
1605,10840,184,3,1246.83
1606,10841,138,2,15338.04
1607,10842,130,2,35263.03
1608,10842,154,1,1551.25
1609,10843,122,1,11330.86
1610,10844,124,1,10640.05
1611,10845,174,1,5296.99
1612,10845,126,1,18764.38
1613,10846,163,2,12893.02
1614,10846,159,2,6156.14
1615,10846,104,3,69606.08
1616,10847,187,1,3099.28
1617,10848,154,1,1551.25
1618,10849,128,2,29206.12
1619,10850,127,1,32351.13
1620,10851,160,1,4002.28
1621,10851,115,1,2982.91
1622,10851,124,2,11200.05
1623,10851,214,1,2260.89
1624,10852,118,1,2537.73
1625,10853,105,1,46718.06
1626,10853,107,1,47295.32
1627,10853,123,3,11242.04
1628,10854,201,1,1009.33
1629,10855,119,2,3965.73
1630,10856,116,2,1204.55
1631,10856,177,1,1390.57
1632,10857,153,1,748.26
1633,10857,149,1,824.78
1634,10858,102,1,78709.55
1635,10858,117,4,2850.75
1636,10858,109,1,3436.63
1637,10859,216,2,4395.43
1638,10859,120,1,1337.06
1639,10860,183,1,1243.0
1640,10860,112,1,7539.04
1641,10861,123,1,12491.16
1642,10862,139,1,17263.53
1643,10863,140,2,7414.35
1644,10864,153,2,831.4
1645,10865,191,1,4135.18
1646,10865,114,3,3976.79
1647,10865,118,1,2410.84
1648,10865,112,1,8425.99
1649,10866,112,1,8869.46
1650,10866,108,1,31135.7
1651,10866,103,1,86981.38
1652,10866,125,2,33874.76
1653,10867,121,2,10726.43
1654,10868,130,1,35263.03
1655,10869,172,2,1005.88
1656,10870,115,2,3148.62
1657,10871,114,1,3976.79
1658,10872,210,1,816.16
1659,10873,128,1,32451.24
1660,10873,170,1,2323.51
1661,10873,162,1,9869.72
1662,10874,135,1,19388.7
1663,10875,157,1,10756.16
1664,10875,168,1,9561.86
1665,10875,152,1,2831.05
1666,10876,107,2,52550.35
1667,10877,119,2,3767.44
1668,10877,117,1,2280.6
1669,10877,156,1,1169.79
1670,10878,107,1,52550.35
1671,10879,154,1,1551.25
1672,10879,179,2,1417.93
1673,10879,140,1,7850.48
1674,10880,215,3,3133.27
1675,10880,158,1,8268.9
1676,10880,113,1,5112.57
1677,10880,108,1,34595.22
1678,10881,110,1,2702.88
1679,10882,213,1,2418.34
1680,10883,111,4,10914.12
1681,10884,186,1,5607.04
1682,10885,172,3,1194.48
1683,10885,116,2,963.64
1684,10885,158,1,9728.12
1685,10886,152,1,2264.84
1686,10887,131,1,17831.08
1687,10888,106,1,55502.02
1688,10889,126,2,15949.72
1689,10889,109,1,3092.97
1690,10890,136,2,7785.98
1691,10891,115,1,3314.34
1692,10891,123,1,12491.16
1693,10892,110,1,2276.11
1694,10892,170,2,2445.8
1695,10893,160,1,4212.93
1696,10894,151,2,1313.56
1697,10895,126,1,17826.16
1698,10896,176,1,9614.76
1699,10896,135,3,20409.16
1700,10897,171,2,3033.04
1701,10898,138,1,13037.33
1702,10899,181,1,1781.12
1703,10899,109,1,3092.97
1704,10899,176,1,8172.55
1705,10900,102,1,78709.55
1706,10900,164,1,8120.9
1707,10901,178,2,938.23
1708,10902,166,2,8015.69
1709,10902,103,1,69585.1
1710,10903,194,1,5811.31
1711,10904,170,1,2445.8
1712,10905,185,1,5501.56
1713,10906,190,1,4326.19
1714,10906,108,2,34595.22
1715,10906,188,1,5159.66
1716,10907,196,1,2361.19
1717,10908,210,2,918.18
1718,10909,151,1,1545.37
1719,10910,169,1,2863.66
1720,10910,103,1,82632.31
1721,10911,104,1,73700.55
1722,10911,173,1,6317.66
1723,10912,127,1,30553.84
1724,10913,102,1,78709.55
1725,10913,101,1,73417.66
1726,10914,207,1,4156.45
1727,10914,160,1,3370.34
1728,10914,101,2,81575.18
1729,10914,124,1,10080.04
1730,10915,119,1,3965.73
1731,10915,169,2,2712.94
1732,10915,162,1,9350.26
1733,10916,187,4,3646.21
1734,10916,115,1,2982.91
1735,10917,132,2,16685.19
1736,10918,109,1,2749.3
1737,10918,101,2,65260.14
1738,10919,163,1,12214.44
1739,10920,107,1,52550.35
1740,10921,160,4,4212.93
1741,10921,166,1,8015.69
1742,10922,103,1,86981.38
1743,10922,182,1,1906.06
1744,10923,104,1,81889.5
1745,10924,160,1,4212.93
1746,10925,121,1,10726.43
1747,10926,155,1,1656.3
1748,10926,202,1,740.62
1749,10927,134,1,12567.16
1750,10928,205,1,2856.03
1751,10928,112,1,8425.99
1752,10928,118,3,2410.84
1753,10928,179,1,1347.03
1754,10929,154,1,1723.61
1755,10929,159,1,6925.65
1756,10929,212,1,2047.16
1757,10930,135,1,16327.33
1758,10930,175,1,5134.73
1759,10931,144,1,15195.0
1760,10932,125,2,33874.76
1761,10932,157,1,10756.16
1762,10933,186,2,5607.04
1763,10934,112,1,8425.99
1764,10935,122,3,11330.86
1765,10935,161,1,8849.52
1766,10936,186,1,5326.69
1767,10936,124,1,10080.04
1768,10937,148,1,28821.79
1769,10938,111,1,9822.71
1770,10938,121,1,10190.11
1771,10939,117,1,2850.75
1772,10940,111,2,8731.3
1773,10940,175,1,4877.99
1774,10940,181,1,1692.06
1775,10940,219,1,3245.89
1776,10940,129,2,36778.33
1777,10941,102,1,70838.6
1778,10941,160,1,4002.28
1779,10941,106,2,65296.5
1780,10942,105,4,49176.91
1781,10942,109,2,2749.3
1782,10942,108,1,32865.46
1783,10943,126,2,16887.94
1784,10943,111,1,10914.12
1785,10943,129,3,36778.33
1786,10944,104,2,81889.5
1787,10944,182,1,1810.76
1788,10945,128,1,32451.24
1789,10946,175,1,5134.73
1790,10947,173,1,7019.62
1791,10947,152,2,2547.95
1792,10948,106,2,65296.5
1793,10948,151,1,1468.1
1794,10949,104,1,73700.55
1795,10949,152,1,2831.05
1796,10949,158,1,9241.71
1797,10950,157,1,11322.27
1798,10951,142,1,10923.86
1799,10951,118,1,2410.84
1800,10952,106,1,58766.85
1801,10953,116,2,1204.55
1802,10954,129,1,34939.41
1803,10955,126,2,15949.72
1804,10956,185,1,5501.56
1805,10956,149,1,824.78
1806,10956,159,2,6925.65
1807,10957,113,1,5680.63
1808,10957,118,1,2537.73
1809,10957,120,1,1203.35
1810,10958,102,1,70838.6
1811,10958,148,2,25939.61
1812,10958,103,1,73934.17
1813,10959,117,1,2565.68
1814,10960,111,1,10914.12
1815,10961,108,1,31135.7
1816,10962,114,2,3777.95
1817,10962,116,1,1144.32
1818,10963,212,1,2154.9
1819,10964,122,1,10701.36
1820,10965,114,1,3777.95
1821,10965,124,1,10080.04
1822,10965,173,1,6317.66
1823,10966,123,1,11242.04
1824,10966,186,1,5046.34
1825,10966,102,1,78709.55
1826,10966,120,1,1136.5
1827,10967,103,2,86981.38
1828,10967,184,1,1184.49
1829,10968,117,1,2423.14
1830,10968,107,1,49922.83
1831,10968,185,1,5195.91
1832,10969,198,1,5797.42
1833,10969,163,1,12893.02
1834,10970,126,2,18764.38
1835,10970,166,2,8906.32
1836,10970,209,1,2154.54
1837,10970,111,3,9822.71
1838,10971,220,1,7592.7
1839,10972,126,1,18764.38
1840,10973,130,1,28210.42
1841,10973,115,1,3314.34
1842,10974,162,2,10389.18
1843,10974,169,1,2712.94
1844,10975,153,1,748.26
1845,10975,104,1,81889.5
1846,10975,127,1,34148.41
1847,10976,131,1,18769.56
1848,10977,121,1,10190.11
1849,10977,124,2,10640.05
1850,10978,130,1,35263.03
1851,10978,134,1,13963.51
1852,10978,162,1,9869.72
1853,10979,186,1,5046.34
1854,10979,119,1,3965.73
1855,10979,137,3,11699.51
1856,10979,104,2,69606.08
1857,10980,108,1,34595.22
1858,10980,139,2,16400.35
1859,10981,119,1,3370.87
1860,10982,147,1,37236.31
1861,10982,137,1,11049.54
1862,10983,219,2,2759.01
1863,10983,162,2,9350.26
1864,10983,201,1,1062.45
1865,10983,127,1,32351.13
1866,10984,132,1,16685.19
1867,10985,161,1,9315.28
1868,10985,176,3,8653.28
1869,10985,150,1,1770.61
1870,10985,181,1,1692.06
1871,10986,131,1,17831.08
1872,10987,208,2,1850.01
1873,10987,159,1,7695.17
1874,10988,150,1,1677.42
1875,10989,187,1,3646.21
1876,10989,213,1,2418.34
1877,10990,179,4,1276.14
1878,10991,130,1,33499.88
1879,10991,143,1,4623.79
1880,10992,163,1,13571.6
1881,10992,206,2,2853.1
1882,10993,104,1,77795.02
1883,10993,175,1,4364.52
1884,10994,189,1,2520.34
1885,10995,114,1,3976.79
1886,10995,150,1,1863.8
1887,10995,126,1,16887.94
1888,10995,174,1,5885.54
1889,10996,196,1,2500.08
1890,10996,108,1,34595.22
1891,10997,176,2,8653.28
1892,10997,111,1,10368.41
1893,10998,115,1,3314.34
1894,10998,135,1,20409.16
1895,10998,156,2,985.09
1896,10998,110,1,2845.14
1897,10999,109,1,3436.63
1898,11000,127,2,35945.7
1899,11000,135,3,20409.16
1900,11000,117,1,2280.6
1901,11000,101,1,81575.18
1902,11001,103,1,86981.38
1903,11001,164,2,9554.0
1904,11001,106,1,62031.68
1905,11002,127,1,32351.13
1906,11003,125,1,33874.76
1907,11003,112,1,8869.46
1908,11004,163,4,13571.6
1909,11005,105,1,49176.91
1910,11006,106,1,65296.5
1911,11006,175,3,5134.73
1912,11006,127,1,30553.84
1913,11006,179,1,1347.03
1914,11007,217,1,1982.71
1915,11007,169,1,2562.22
1916,11007,119,1,3965.73
1917,11008,207,3,3718.93
1918,11008,131,2,15954.13
1919,11009,180,1,2338.77
1920,11009,165,1,11027.91
1921,11009,102,2,70838.6
1922,11010,177,1,1545.08
1923,11011,123,1,11242.04
1924,11011,165,1,8822.33
1925,11011,120,1,1270.21
1926,11012,205,1,2856.03
1927,11012,116,2,1144.32
1928,11012,110,1,2702.88
1929,11012,169,3,2863.66
1930,11013,123,1,11866.6
1931,11013,113,1,5396.6
1932,11014,170,2,2201.22
1933,11014,111,1,10914.12
1934,11015,126,1,18764.38
1935,11015,110,3,2560.63
1936,11016,203,2,1043.64
1937,11016,155,1,1743.47
1938,11017,103,1,86981.38
1939,11018,182,1,1715.45
1940,11019,137,3,12999.46
1941,11019,116,1,1144.32
1942,11020,116,1,1023.87
1943,11021,203,1,887.09
1944,11021,121,1,10726.43
1945,11021,126,2,17826.16
1946,11022,112,2,8425.99
1947,11022,135,1,20409.16
1948,11023,149,1,783.54
1949,11024,175,2,4877.99
1950,11024,102,1,62967.64
1951,11025,143,1,5167.76
1952,11026,106,1,58766.85
1953,11026,161,1,9315.28
1954,11027,110,1,2845.14
1955,11027,163,2,12214.44
1956,11028,186,1,4485.63
1957,11028,167,1,3611.42
1958,11029,191,1,4864.92
1959,11030,108,1,31135.7
1960,11031,112,1,8425.99
1961,11031,176,1,8172.55
1962,11032,107,1,47295.32
1963,11033,113,1,5112.57
1964,11033,108,1,31135.7
1965,11034,114,1,3976.79
1966,11034,150,2,1677.42
1967,11034,101,1,81575.18
1968,11034,167,1,3611.42
1969,11035,144,1,14435.25
1970,11035,150,1,1584.23
1971,11035,177,1,1545.08
1972,11036,180,1,2338.77
1973,11037,199,1,6780.92
1974,11037,212,1,2154.9
1975,11037,110,1,2560.63
1976,11037,188,1,5431.22
1977,11037,122,1,10701.36
1978,11038,130,1,29973.58
1979,11039,128,1,27583.55
1980,11040,158,1,7782.5
1981,11041,156,1,1231.36
1982,11041,129,1,29422.66
1983,11042,187,1,3099.28
1984,11043,126,1,16887.94
1985,11044,132,1,17563.36
1986,11044,140,1,8286.62
1987,11045,167,1,3421.34
1988,11045,168,1,10757.09
1989,11046,169,1,3014.38
1990,11047,103,1,78283.24
1991,11047,115,1,3314.34
1992,11048,156,2,1169.79
1993,11048,128,1,32451.24
1994,11049,165,1,8822.33
1995,11050,142,1,10923.86
1996,11051,113,1,5112.57
1997,11051,201,2,903.08
1998,11051,121,2,8581.14
1999,11052,121,1,9653.79
2000,11053,105,3,49176.91
2001,11053,182,1,1906.06
2002,11054,166,2,8906.32
2003,11055,165,1,9925.12
2004,11055,119,2,3767.44
2005,11056,120,1,1337.06
2006,11056,115,1,3314.34
2007,11057,159,1,7310.41
2008,11057,105,1,49176.91
2009,11058,101,1,81575.18
2010,11058,119,3,3965.73
2011,11059,170,1,2201.22
2012,11059,104,2,81889.5
2013,11060,172,1,1257.35
2014,11061,126,1,17826.16
2015,11062,138,1,13804.24
2016,11062,105,1,49176.91
2017,11063,113,3,5396.6
2018,11064,166,1,8906.32
2019,11065,158,1,9728.12
2020,11066,114,1,3579.11
2021,11067,159,1,7695.17
2022,11067,195,1,3308.0
2023,11068,114,1,3777.95
2024,11069,126,1,18764.38
2025,11069,103,2,78283.24
2026,11069,166,1,8906.32
2027,11069,120,1,1337.06
2028,11070,158,3,8755.31
2029,11070,102,1,70838.6
2030,11070,161,1,9315.28
2031,11070,130,1,33499.88
2032,11071,159,1,7695.17
2033,11072,151,1,1313.56
2034,11073,107,1,49922.83
2035,11074,127,2,35945.7
2036,11074,120,1,1337.06
2037,11075,124,1,11200.05
2038,11076,111,1,10368.41
2039,11076,175,1,5134.73
2040,11076,162,2,9869.72
2041,11077,180,1,2104.89
2042,11077,106,2,62031.68
2043,11077,114,1,3976.79
2044,11078,199,1,6780.92
2045,11078,114,2,3777.95
2046,11078,101,1,81575.18
2047,11079,115,2,2982.91
2048,11080,122,1,12589.84
2049,11081,138,2,14571.14
2050,11081,129,1,36778.33
2051,11082,150,1,1677.42
2052,11082,107,2,49922.83
2053,11082,159,2,7695.17
2054,11083,172,1,1068.75
2055,11083,135,1,20409.16
2056,11084,180,1,2104.89
2057,11084,183,1,1243.0
2058,11085,112,1,8869.46
2059,11085,116,1,1204.55
2060,11085,127,1,34148.41
2061,11086,185,2,6112.84
2062,11086,180,1,2104.89
2063,11086,128,1,29206.12
2064,11087,111,1,9822.71
2065,11087,184,2,1246.83
2066,11088,112,1,8869.46
2067,11089,192,2,2259.4
2068,11090,123,1,12491.16
2069,11091,195,1,2977.2
2070,11091,124,1,11200.05
2071,11091,166,1,8015.69
2072,11092,132,2,14050.69
2073,11092,162,2,9350.26
2074,11093,149,1,742.3
2075,11093,108,2,32865.46
2076,11094,102,1,78709.55
2077,11095,199,1,6780.92
2078,11095,108,4,29405.94
2079,11096,220,1,8932.59
2080,11097,115,3,2982.91
2081,11097,157,1,11322.27
2082,11098,119,1,3767.44
2083,11099,172,1,1257.35
2084,11099,104,1,81889.5
2085,11100,157,2,10756.16
2086,11101,110,1,2845.14
2087,11101,188,1,5431.22
2088,11102,217,1,2092.86
2089,11102,177,1,1390.57
2090,11103,149,2,824.78
2091,11103,162,1,9350.26
2092,11104,128,1,32451.24
2093,11104,215,3,3133.27
2094,11104,115,1,3314.34
2095,11105,184,2,1059.81
2096,11105,121,1,9653.79
2097,11106,112,1,7982.51
2098,11107,103,2,78283.24
2099,11108,135,1,20409.16
2100,11109,139,2,17263.53
2101,11109,114,1,3976.79
2102,11110,114,1,3976.79
2103,11111,102,1,78709.55
2104,11112,127,3,34148.41
2105,11112,160,2,3791.64
2106,11113,115,1,2651.47
2107,11113,181,1,1781.12
2108,11113,192,2,2510.45
2109,11113,126,1,17826.16
2110,11114,180,2,2338.77
2111,11114,131,1,18769.56
2112,11115,184,1,1122.15
2113,11116,103,1,78283.24
2114,11117,160,1,4212.93
2115,11118,127,1,35945.7
2116,11118,205,1,2705.72
2117,11119,198,1,5507.55
2118,11119,187,2,3099.28
2119,11120,130,2,35263.03
2120,11121,191,1,4864.92
2121,11121,178,1,797.5
2122,11122,174,1,5591.26
2123,11122,132,1,14928.86
2124,11122,101,1,73417.66
2125,11122,165,1,9925.12
2126,11122,126,1,18764.38
2127,11123,113,1,5112.57
2128,11124,132,1,16685.19
2129,11125,122,2,12589.84
2130,11125,153,1,831.4
2131,11126,144,1,13675.5
2132,11127,107,1,49922.83
2133,11128,118,3,2410.84
2134,11128,182,2,1810.76
2135,11129,122,1,10071.87
2136,11130,157,1,10190.04
2137,11131,176,1,8172.55
2138,11132,163,2,13571.6
2139,11132,105,1,46718.06
2140,11132,114,1,3976.79
2141,11133,125,1,37638.62
2142,11133,110,2,2845.14
2143,11134,129,1,36778.33
2144,11134,127,2,35945.7
2145,11135,205,1,3006.35
2146,11135,148,3,25939.61
2147,11136,129,1,36778.33
2148,11136,183,1,1243.0
2149,11137,178,1,891.32
2150,11138,123,1,9992.93
2151,11139,113,1,5680.63
2152,11140,104,1,81889.5
2153,11141,113,2,5680.63
2154,11142,151,1,1545.37
2155,11142,102,2,74774.07
2156,11142,210,1,1020.2
2157,11142,121,2,10726.43
2158,11143,135,2,20409.16
2159,11144,181,1,1692.06
2160,11145,182,3,1524.85
2161,11145,105,1,44259.22
2162,11145,122,2,12589.84
2163,11145,110,1,2845.14
2164,11146,190,2,4806.88
2165,11147,127,2,34148.41
2166,11148,152,1,2264.84
2167,11148,107,1,49922.83
2168,11149,143,1,5167.76
2169,11150,126,2,18764.38
2170,11150,139,2,17263.53
2171,11150,101,1,81575.18
2172,11151,122,1,11960.35
2173,11151,108,1,34595.22
2174,11151,121,1,10726.43
2175,11151,103,1,86981.38
2176,11151,143,1,5167.76
2177,11152,157,1,11322.27
2178,11152,111,1,10368.41
2179,11153,176,1,7691.81
2180,11154,174,1,5002.71
2181,11155,125,1,30110.9
2182,11156,113,4,5396.6
2183,11156,157,1,11322.27
2184,11156,142,1,12209.02
2185,11156,111,1,10368.41
2186,11156,112,1,8869.46
2187,11157,188,1,4888.1
2188,11158,132,1,15807.02
2189,11159,119,1,3767.44
2190,11159,117,1,2708.21
2191,11159,163,1,13571.6
2192,11160,130,1,33499.88
2193,11160,115,1,2651.47
2194,11161,107,1,49922.83
2195,11161,180,1,2104.89
2196,11162,146,1,61738.52
2197,11162,116,1,1204.55
2198,11163,181,1,1603.01
2199,11163,122,2,12589.84
2200,11164,165,2,11027.91
2201,11165,151,2,1545.37
2202,11165,126,1,17826.16
2203,11166,154,2,1378.89
2204,11167,105,4,46718.06
2205,11168,107,2,49922.83
2206,11168,123,1,12491.16
2207,11168,109,1,3264.8
2208,11168,181,1,1781.12
2209,11169,102,1,78709.55
2210,11170,158,1,9728.12
2211,11170,127,3,32351.13
2212,11170,118,1,2537.73
2213,11170,192,2,2510.45
2214,11171,113,1,4544.5
2215,11172,158,1,9728.12
2216,11172,207,1,4156.45
2217,11173,105,1,49176.91
2218,11173,131,1,18769.56
2219,11174,121,3,9117.47
2220,11175,215,1,3133.27
2221,11175,218,3,7912.94
2222,11176,164,1,9554.0
2223,11177,117,1,2423.14
2224,11178,106,1,62031.68
2225,11179,110,1,2845.14
2226,11179,107,1,44667.8
2227,11179,129,1,36778.33
2228,11179,148,2,25939.61
2229,11179,120,1,1069.65
2230,11180,119,1,3965.73
2231,11180,131,1,17831.08
2232,11181,125,1,33874.76
2233,11181,123,1,11866.6
2234,11181,131,1,16892.6
2235,11182,117,1,2423.14
2236,11183,210,1,1020.2
2237,11183,107,1,47295.32
2238,11184,162,1,9350.26
2239,11184,158,3,9241.71
2240,11184,206,2,3566.37
2241,11185,151,1,1468.1
2242,11186,106,1,65296.5
2243,11186,103,1,86981.38
2244,11186,154,1,1465.07
2245,11187,129,3,33100.5
2246,11188,137,2,11699.51
2247,11189,131,1,18769.56
2248,11189,112,1,7095.57
2249,11189,160,1,4212.93
2250,11190,128,1,30828.68
2251,11190,112,2,8869.46
2252,11190,131,1,18769.56
2253,11191,171,1,3389.87
2254,11192,107,1,47295.32
2255,11193,196,1,2777.87
2256,11194,112,1,7982.51
2257,11195,126,1,18764.38
2258,11195,206,1,3566.37
2259,11196,120,1,1203.35
2260,11196,139,1,17263.53
2261,11197,144,1,15195.0
2262,11198,122,1,10071.87
2263,11198,172,2,1257.35
2264,11199,148,1,27380.7
2265,11199,165,1,11027.91
2266,11200,121,1,9653.79
2267,11200,105,2,44259.22
2268,11200,112,1,8869.46
2269,11200,184,1,1184.49
2270,11201,147,1,39305.0
2271,11202,103,2,86981.38
2272,11203,144,2,15195.0
2273,11203,215,1,3133.27
2274,11204,170,1,2323.51
2275,11205,178,1,844.41
2276,11206,125,1,31992.83
2277,11206,103,2,82632.31
2278,11207,159,1,7695.17
2279,11207,131,2,16892.6
2280,11208,181,1,1781.12
2281,11209,165,2,9925.12
2282,11210,110,1,2418.37
2283,11210,107,3,52550.35
2284,11211,149,2,824.78
2285,11211,103,2,86981.38
2286,11211,144,1,15195.0
2287,11212,128,1,29206.12
2288,11212,177,1,1390.57
2289,11212,142,1,12209.02
2290,11213,189,1,2520.34
2291,11213,115,1,3314.34
2292,11214,182,2,1906.06
2293,11215,106,2,65296.5
2294,11215,156,2,1231.36
2295,11215,185,2,5807.2
2296,11216,106,1,58766.85
2297,11216,151,2,1390.83
2298,11216,145,1,45391.09
2299,11217,156,2,1231.36
2300,11218,177,1,1236.06
2301,11218,136,1,7396.68
2302,11218,121,1,10726.43
2303,11219,120,1,1337.06
2304,11219,216,3,5494.29
2305,11219,136,1,7785.98
2306,11220,158,1,9728.12
2307,11221,176,1,9614.76
2308,11221,130,1,35263.03
2309,11222,143,1,5167.76
2310,11223,210,1,969.19
2311,11223,181,1,1603.01
2312,11223,118,2,2283.96
2313,11223,102,2,78709.55
2314,11223,105,2,49176.91
2315,11224,109,3,3436.63
2316,11224,166,1,8906.32
2317,11225,120,2,1270.21
2318,11226,168,1,10757.09
2319,11226,124,2,11200.05
2320,11227,115,1,3314.34
2321,11228,181,1,1781.12
2322,11228,113,1,5396.6
2323,11229,113,1,5680.63
2324,11229,106,1,62031.68
2325,11229,156,1,985.09
2326,11230,115,1,3314.34
2327,11231,132,2,17563.36
2328,11231,130,2,31736.73
2329,11232,112,1,8869.46
2330,11233,104,1,81889.5
2331,11233,194,1,6457.01
2332,11234,155,2,1569.12
2333,11234,116,2,1144.32
2334,11234,186,1,5607.04
2335,11235,147,2,39305.0
2336,11236,124,1,11200.05
2337,11236,165,1,8822.33
2338,11236,159,1,7310.41
2339,11236,162,1,10389.18
2340,11237,171,1,3033.04
2341,11237,191,4,3891.94
2342,11237,127,1,35945.7
2343,11238,180,2,2104.89
2344,11239,158,1,9241.71
2345,11240,194,1,6134.16
2346,11241,161,1,7917.99
2347,11242,115,2,3314.34
2348,11243,136,1,7785.98
2349,11244,178,1,938.23
2350,11245,158,1,8755.31
2351,11246,132,1,17563.36
2352,11246,195,1,3142.6
2353,11247,123,1,12491.16
2354,11248,159,1,7695.17
2355,11248,130,1,35263.03
2356,11249,122,1,11330.86
2357,11250,205,2,2405.08
2358,11251,155,2,1656.3
2359,11251,152,1,2547.95
2360,11251,109,1,3264.8
2361,11252,168,2,10757.09
2362,11253,101,2,81575.18
2363,11253,194,1,5811.31
2364,11253,119,1,3965.73
2365,11254,145,1,50434.54
2366,11254,119,1,3965.73
2367,11255,127,1,34148.41
2368,11255,121,3,9653.79
2369,11256,132,1,17563.36
2370,11256,126,2,18764.38
2371,11257,118,1,2410.84
2372,11257,119,1,3767.44
2373,11258,177,2,1467.83
2374,11258,172,1,1068.75
2375,11259,111,1,10368.41
2376,11260,168,1,11354.7
2377,11261,139,1,17263.53
2378,11262,167,1,3611.42
2379,11263,147,1,35167.63
2380,11263,121,1,9653.79
2381,11264,172,1,1068.75
2382,11264,151,1,1545.37
2383,11265,168,1,10757.09
2384,11266,124,1,8960.04
2385,11266,147,1,37236.31
2386,11266,155,1,1569.12
2387,11266,215,1,3133.27
2388,11267,152,1,2406.39
2389,11268,105,1,44259.22
2390,11268,114,2,3181.43
2391,11269,102,1,74774.07
2392,11270,107,1,47295.32
2393,11270,109,1,2921.14
2394,11270,166,1,8906.32
2395,11270,161,1,9315.28
2396,11271,164,1,9554.0
2397,11271,134,1,11170.81
2398,11272,105,1,46718.06
2399,11272,130,1,35263.03
2400,11272,157,1,10190.04
2401,11273,117,2,2565.68
2402,11274,186,1,5607.04
2403,11275,169,1,2863.66
2404,11276,143,1,5439.75
2405,11276,154,1,1637.43
2406,11277,160,1,4212.93
2407,11277,129,1,36778.33
2408,11277,213,1,2418.34
2409,11278,120,1,1136.5
2410,11279,113,1,5112.57
2411,11279,148,1,28821.79
2412,11279,102,1,78709.55
2413,11280,133,1,18434.89
2414,11281,182,1,1810.76
2415,11281,173,1,6668.64
2416,11282,108,1,31135.7
2417,11283,125,1,37638.62
2418,11283,144,2,15195.0
2419,11283,183,1,1180.85
2420,11283,123,2,10617.49
2421,11284,200,1,5699.68
2422,11285,137,2,11049.54
2423,11285,113,1,4828.54
2424,11285,133,1,20603.7
2425,11285,175,2,5134.73
2426,11286,124,1,11200.05
2427,11287,120,1,1203.35
2428,11288,109,1,3092.97
2429,11289,116,3,1204.55
2430,11290,119,3,3172.58
2431,11290,115,2,2982.91
2432,11290,106,1,58766.85
2433,11290,190,1,4806.88
2434,11291,186,2,5326.69
2435,11291,160,1,3370.34
2436,11292,199,1,6441.87
2437,11293,128,1,32451.24
2438,11293,141,3,15737.21
2439,11293,102,1,66903.12
2440,11294,166,1,8906.32
2441,11294,151,2,1545.37
2442,11294,119,1,3965.73
2443,11295,146,1,61738.52
2444,11295,178,1,938.23
2445,11296,113,2,5396.6
2446,11296,104,1,81889.5
2447,11297,132,1,16685.19
2448,11298,157,1,10756.16
2449,11299,122,1,12589.84
2450,11299,110,1,2560.63
2451,11299,186,2,5607.04
2452,11300,109,1,3436.63
2453,11301,101,1,65260.14
2454,11301,104,2,65511.6
2455,11302,104,1,73700.55
2456,11303,120,1,1270.21
2457,11304,107,1,52550.35
2458,11305,171,2,3568.28
2459,11305,108,1,32865.46
2460,11306,149,1,824.78
2461,11306,111,1,10914.12
2462,11306,139,2,16400.35
2463,11306,127,1,30553.84
2464,11307,121,1,10726.43
2465,11307,104,2,81889.5
2466,11308,206,3,3566.37
2467,11309,115,2,3314.34
2468,11309,166,1,8906.32
2469,11310,102,2,78709.55
2470,11311,176,1,9614.76
2471,11311,135,1,20409.16
2472,11312,118,1,2537.73
2473,11312,162,1,8830.8
2474,11312,159,1,7695.17
2475,11313,179,1,1347.03
2476,11313,124,1,10640.05
2477,11314,218,1,8329.41
2478,11314,102,1,78709.55
2479,11314,160,1,4212.93
2480,11315,134,1,13265.33
2481,11316,157,2,11322.27
2482,11317,159,1,7310.41
2483,11317,148,1,28821.79
2484,11318,102,1,70838.6
2485,11318,137,1,10399.57
2486,11319,124,1,9520.04
2487,11319,117,1,2565.68
2488,11320,126,1,16887.94
2489,11321,113,1,4828.54
2490,11322,123,1,12491.16
2491,11322,192,1,2510.45
2492,11323,161,1,8849.52
2493,11324,172,1,1194.48
2494,11324,114,3,3976.79
2495,11325,160,2,4212.93
2496,11326,104,1,81889.5
2497,11326,209,1,2154.54
2498,11327,171,2,3568.28
2499,11328,103,1,86981.38
2500,11328,126,1,18764.38
2501,11329,161,3,8849.52
2502,11329,167,1,3801.49
2503,11329,201,1,1009.33
2504,11330,116,1,1204.55
2505,11330,121,1,10726.43
2506,11330,178,1,938.23
2507,11330,107,1,42040.28
2508,11331,142,1,12209.02
2509,11331,138,1,15338.04
2510,11331,119,1,3569.16
2511,11331,220,1,8485.96
2512,11332,179,1,1417.93
2513,11333,192,1,2384.93
2514,11333,116,2,1204.55
2515,11334,113,1,5680.63
2516,11335,115,1,3314.34
2517,11335,201,1,1062.45
2518,11335,114,1,3976.79
2519,11335,200,1,5129.71
2520,11336,122,1,12589.84
2521,11336,198,1,5507.55
2522,11336,202,1,822.91
2523,11337,153,2,748.26
2524,11337,112,1,7982.51
2525,11338,131,1,18769.56
2526,11339,110,1,2560.63
2527,11340,102,2,78709.55
2528,11341,134,2,12567.16
2529,11342,117,1,2850.75
2530,11342,168,1,10757.09
2531,11343,104,2,69606.08
2532,11344,129,2,34939.41
2533,11344,183,1,1243.0
2534,11345,119,1,3767.44
2535,11346,178,1,891.32
2536,11347,133,1,19519.3
2537,11347,124,4,10640.05
2538,11348,101,1,73417.66
2539,11348,187,1,3646.21
2540,11348,207,2,4156.45
2541,11349,160,2,4212.93
2542,11349,184,1,997.46
2543,11350,202,1,822.91
2544,11350,179,1,1347.03
2545,11351,177,2,1545.08
2546,11352,134,1,11868.98
2547,11352,122,1,12589.84
2548,11353,115,1,3314.34
2549,11354,115,3,3148.62
2550,11354,152,2,2547.95
2551,11354,109,1,3092.97
2552,11355,163,1,12214.44
2553,11356,190,1,4806.88
2554,11356,108,4,32865.46
2555,11356,125,1,35756.69
2556,11356,109,1,2749.3
2557,11357,105,4,49176.91
2558,11357,134,1,13963.51
2559,11358,186,1,5607.04
2560,11359,211,1,1463.79
2561,11360,183,4,1243.0
2562,11361,110,2,2845.14
2563,11362,114,1,3976.79
2564,11363,184,1,1122.15
2565,11363,128,1,30828.68
2566,11363,154,1,1551.25
2567,11364,122,1,11960.35
2568,11365,143,1,4895.78
2569,11366,149,1,824.78
2570,11367,177,1,1313.32
2571,11368,159,1,6156.14
2572,11368,174,1,5885.54
2573,11368,154,1,1637.43
2574,11369,193,1,6307.84
2575,11370,121,1,10726.43
2576,11371,205,1,3006.35
2577,11371,126,1,17826.16
2578,11372,187,2,3646.21
2579,11373,108,2,31135.7
2580,11373,166,1,8906.32
2581,11374,211,1,1463.79
2582,11374,197,3,4020.29
2583,11375,118,1,2283.96
2584,11375,123,1,12491.16
2585,11375,114,1,3777.95
2586,11376,150,2,1584.23
2587,11376,106,1,58766.85
2588,11377,158,1,8755.31
2589,11377,162,1,8830.8
2590,11377,168,1,11952.32
2591,11377,118,1,2537.73
2592,11378,132,1,14050.69
2593,11378,190,1,4326.19
2594,11378,137,1,11699.51
2595,11379,202,1,822.91
2596,11379,185,1,5807.2
2597,11380,109,1,3436.63
2598,11381,178,1,891.32
2599,11381,176,4,9614.76
2600,11381,102,1,78709.55
2601,11382,159,1,6925.65
2602,11382,107,1,47295.32
2603,11383,164,2,9554.0
2604,11383,155,1,1569.12
2605,11383,184,1,1059.81
2606,11384,197,1,3618.26
2607,11385,218,1,8329.41
2608,11386,203,1,939.28
2609,11387,186,1,5046.34
2610,11387,161,2,9315.28
2611,11388,105,1,46718.06
2612,11389,208,2,1850.01
2613,11389,122,1,11960.35
2614,11390,109,1,3092.97
2615,11390,137,2,12349.49
2616,11390,104,2,81889.5
2617,11390,122,2,11960.35
2618,11391,177,1,1390.57
2619,11391,190,2,4566.54
2620,11391,115,1,3314.34
2621,11392,183,2,1243.0
2622,11393,113,2,5680.63
2623,11393,128,1,32451.24
2624,11393,115,1,3314.34
2625,11393,184,1,1059.81
2626,11394,119,1,3965.73
2627,11394,116,1,1204.55
2628,11395,128,3,32451.24
2629,11395,121,1,10726.43
2630,11396,115,1,2817.19
2631,11397,163,1,13571.6
2632,11397,131,1,17831.08
2633,11397,137,1,12999.46
2634,11398,125,1,37638.62
2635,11399,118,1,2537.73
2636,11400,166,1,8906.32
2637,11401,115,1,2651.47
2638,11402,102,1,70838.6
2639,11402,155,1,1743.47
2640,11402,117,1,2708.21
2641,11403,176,2,7691.81
2642,11403,174,1,4708.43
2643,11403,124,1,11200.05
2644,11403,101,1,77496.42
2645,11404,123,1,11242.04
2646,11404,192,1,2259.4
2647,11404,144,1,15195.0
2648,11405,190,1,4326.19
2649,11405,150,1,1677.42
2650,11406,112,1,8869.46
2651,11407,119,1,3569.16
2652,11408,159,2,7695.17
2653,11408,123,1,12491.16
2654,11409,122,2,11330.86
2655,11409,176,1,9614.76
2656,11410,129,3,33100.5
2657,11410,203,1,1043.64
2658,11410,126,2,15949.72
2659,11410,207,1,4375.21
2660,11411,150,2,1863.8
2661,11411,183,1,1243.0
2662,11411,180,3,2221.83
2663,11412,122,1,11330.86
2664,11413,164,2,9554.0
2665,11413,102,1,78709.55
2666,11414,101,1,77496.42
2667,11415,120,2,1337.06
2668,11416,129,2,36778.33
2669,11417,124,1,11200.05
2670,11417,126,1,15949.72
2671,11417,109,2,3436.63
2672,11417,163,1,12893.02
2673,11417,117,1,2708.21
2674,11418,131,2,18769.56
2675,11419,118,3,2283.96
2676,11420,127,1,34148.41
2677,11421,210,1,969.19
2678,11422,180,1,2338.77
2679,11422,127,1,30553.84
2680,11423,168,1,10757.09
2681,11423,125,1,30110.9
2682,11423,180,1,2338.77
2683,11423,102,1,70838.6
2684,11424,115,1,3314.34
2685,11424,174,1,5885.54
2686,11425,157,1,11322.27
2687,11425,216,1,5219.58
2688,11425,123,1,11866.6
2689,11425,212,1,2154.9
2690,11426,111,1,9277.0
2691,11426,174,1,4708.43
2692,11427,213,2,2176.51
2693,11427,102,1,74774.07
2694,11428,147,1,37236.31
2695,11428,105,1,49176.91
2696,11428,165,1,10476.51
2697,11429,108,1,34595.22
2698,11429,110,1,2845.14
2699,11429,125,1,37638.62
2700,11429,182,2,1620.15
2701,11430,130,1,31736.73
2702,11430,136,1,6618.08
2703,11431,173,1,7019.62
2704,11432,198,1,5797.42
2705,11432,196,2,2500.08
2706,11433,113,1,5680.63
2707,11434,116,1,1144.32
2708,11434,102,1,78709.55
2709,11435,163,1,12893.02
2710,11436,113,1,5680.63
2711,11437,124,1,10080.04
2712,11438,184,2,1122.15
2713,11439,180,1,2338.77
2714,11440,203,1,887.09
2715,11441,192,2,2133.88
2716,11442,185,1,6112.84
2717,11442,206,1,3566.37
2718,11443,105,1,49176.91
2719,11443,140,1,7850.48
2720,11444,178,2,891.32
2721,11445,115,1,3314.34
2722,11446,207,1,3500.17
2723,11446,111,2,9277.0
2724,11447,121,1,10726.43
2725,11447,188,1,5431.22
2726,11447,203,1,991.46
2727,11448,131,2,18769.56
2728,11448,107,1,49922.83
2729,11449,104,1,73700.55
2730,11450,124,1,9520.04
2731,11450,113,1,5112.57
2732,11451,168,2,10159.47
2733,11451,189,1,2142.29
2734,11452,185,1,5501.56
2735,11452,103,1,78283.24
2736,11453,120,1,1337.06
2737,11453,127,1,35945.7
2738,11453,149,1,824.78
2739,11454,149,1,783.54
2740,11454,173,1,6317.66
2741,11455,185,2,5807.2
2742,11455,104,2,77795.02
2743,11456,104,1,81889.5
2744,11456,161,1,7452.22
2745,11457,185,3,5195.91
2746,11458,188,1,5159.66
2747,11458,120,1,1203.35
2748,11458,111,1,9277.0
2749,11459,149,1,659.82
2750,11459,130,1,35263.03
2751,11460,129,1,36778.33
2752,11460,119,1,3370.87
2753,11461,116,1,1023.87
2754,11461,126,1,15011.5
2755,11462,182,1,1906.06
2756,11463,153,1,831.4
2757,11464,117,1,2565.68
2758,11464,121,1,10726.43
2759,11464,183,1,1056.55
2760,11465,216,1,5219.58
2761,11465,127,2,35945.7
2762,11465,180,1,2338.77
2763,11466,125,1,37638.62
2764,11466,124,1,10080.04
2765,11466,220,1,8485.96
2766,11467,141,1,15737.21
2767,11468,199,3,6102.83
2768,11468,167,1,3801.49
2769,11469,158,1,9728.12
2770,11469,215,1,3133.27
2771,11469,111,1,10368.41
2772,11470,106,1,62031.68
2773,11471,131,1,15954.13
2774,11471,188,1,5431.22
2775,11472,140,1,7850.48
2776,11473,160,2,3791.64
2777,11474,218,1,7496.47
2778,11474,127,1,32351.13
2779,11475,102,1,78709.55
2780,11476,114,2,3579.11
2781,11477,182,1,1810.76
2782,11477,128,1,32451.24
2783,11477,185,2,6112.84
2784,11478,108,1,29405.94
2785,11479,124,3,10080.04
2786,11479,120,2,1270.21
2787,11479,115,1,3148.62
2788,11479,180,2,2104.89
2789,11479,114,1,3777.95
2790,11480,200,2,5699.68
2791,11480,161,1,9315.28
2792,11480,101,1,77496.42
2793,11480,107,1,52550.35
2794,11481,201,1,956.2
2795,11481,104,2,73700.55
2796,11481,109,2,3436.63
2797,11482,155,2,1656.3
2798,11483,177,2,1545.08
2799,11483,166,1,7570.37
2800,11483,104,2,81889.5
2801,11483,108,2,34595.22
2802,11484,156,2,1231.36
2803,11485,115,4,2982.91
2804,11486,105,1,46718.06
2805,11487,120,1,1337.06
2806,11487,215,1,2663.28
2807,11487,130,2,33499.88
2808,11488,110,1,2560.63
2809,11489,115,1,2817.19
2810,11489,107,1,52550.35
2811,11490,109,1,3092.97
2812,11491,136,1,6618.08
2813,11491,112,2,8425.99
2814,11491,163,1,12214.44
2815,11491,172,1,1257.35
2816,11492,111,2,10914.12
2817,11493,174,2,5885.54
2818,11493,123,1,12491.16
2819,11494,174,1,5885.54
2820,11494,102,1,74774.07
2821,11494,208,1,1947.38
2822,11494,175,1,5134.73
2823,11495,139,1,16400.35
2824,11496,110,1,2702.88
2825,11496,101,1,81575.18
2826,11496,106,1,65296.5
2827,11496,131,1,18769.56
2828,11497,149,3,824.78
2829,11497,118,1,2537.73
2830,11497,136,1,7785.98
2831,11498,158,1,9728.12
2832,11498,186,2,5607.04
2833,11498,122,3,11960.35
2834,11498,181,4,1692.06
2835,11499,101,2,73417.66
2836,11499,135,1,20409.16
2837,11500,107,1,47295.32
2838,11501,129,3,36778.33
2839,11502,171,1,3211.45
2840,11502,173,1,6668.64
2841,11503,107,1,52550.35
2842,11503,101,3,73417.66
2843,11503,179,3,1205.24
2844,11504,172,2,1131.62
2845,11504,162,1,10389.18
2846,11505,180,2,2221.83
2847,11506,180,1,2221.83
2848,11506,121,2,9653.79
2849,11507,105,1,44259.22
2850,11508,129,2,36778.33
2851,11508,109,1,3092.97
2852,11509,160,1,4212.93
2853,11509,156,2,1231.36
2854,11509,122,1,11960.35
2855,11509,102,1,78709.55
2856,11509,113,2,5680.63
2857,11510,157,1,10756.16
2858,11510,108,2,29405.94
2859,11511,106,1,52237.2
2860,11512,162,1,9869.72
2861,11513,115,1,3314.34
2862,11514,106,1,65296.5
2863,11515,121,1,10726.43
2864,11516,165,1,9373.72
2865,11517,204,2,895.68
2866,11518,110,1,2845.14
2867,11518,112,1,8869.46
2868,11518,117,1,2280.6
2869,11518,123,1,12491.16
2870,11519,176,1,7691.81
2871,11520,121,3,9117.47
2872,11521,102,1,78709.55
2873,11521,171,1,3389.87
2874,11522,119,1,3965.73
2875,11522,203,1,939.28
2876,11523,174,1,5591.26
2877,11523,114,1,3976.79
2878,11523,214,4,2379.88
2879,11523,196,1,2777.87
2880,11524,175,1,4107.78
2881,11524,117,2,2708.21
2882,11525,129,2,33100.5
2883,11526,161,1,9315.28
2884,11527,115,2,3148.62
2885,11527,106,2,58766.85
2886,11528,121,1,10726.43
2887,11528,118,2,2410.84
2888,11529,156,3,1231.36
2889,11530,182,1,1906.06
2890,11531,131,1,17831.08
2891,11532,174,3,5885.54
2892,11532,216,2,5494.29
2893,11532,132,2,14928.86
2894,11532,106,1,65296.5
2895,11533,134,1,12567.16
2896,11534,122,1,11960.35
2897,11535,167,2,3801.49
2898,11536,173,1,7019.62
2899,11537,116,4,1204.55
2900,11537,112,2,8869.46
2901,11538,136,2,7785.98
2902,11538,106,2,65296.5
2903,11538,170,2,2201.22
2904,11539,112,1,7539.04
2905,11540,156,1,1108.22
2906,11541,167,1,3801.49
2907,11541,191,4,4864.92
2908,11542,169,1,3014.38
2909,11542,163,1,13571.6
2910,11543,134,1,11868.98
2911,11543,126,1,17826.16
2912,11544,160,1,3791.64
2913,11544,208,2,1947.38
2914,11544,108,1,31135.7
2915,11544,183,1,1118.7
2916,11545,195,1,3142.6
2917,11546,118,1,2410.84
2918,11547,188,1,4888.1
2919,11548,140,1,8286.62
2920,11548,114,1,3976.79
2921,11549,105,1,49176.91
2922,11550,121,1,10190.11
2923,11550,123,1,11242.04
2924,11551,151,1,1545.37
2925,11551,119,2,3569.16
2926,11552,211,1,1626.43
2927,11552,145,1,42869.36
2928,11553,153,2,831.4
2929,11553,126,1,16887.94
2930,11553,159,2,6925.65
2931,11554,109,2,3092.97
2932,11555,151,2,1313.56
2933,11556,114,2,3976.79
2934,11556,169,1,2863.66
2935,11556,107,2,49922.83
2936,11557,166,1,8906.32
2937,11558,151,1,1236.3
2938,11558,167,1,3421.34
2939,11558,141,2,15737.21
2940,11558,174,1,4708.43
2941,11558,172,1,1257.35
2942,11559,101,1,81575.18
2943,11559,189,2,2520.34
2944,11560,180,2,2338.77
2945,11560,177,1,1545.08
2946,11561,136,1,7396.68
2947,11562,133,1,21688.11
2948,11563,162,2,9350.26
2949,11563,181,1,1781.12
2950,11564,179,1,1417.93
2951,11565,113,2,5680.63
2952,11566,111,1,9822.71
2953,11567,176,1,8653.28
2954,11568,211,1,1626.43
2955,11568,116,1,1204.55
2956,11569,128,2,32451.24
2957,11570,179,2,1417.93
2958,11570,187,1,3099.28
2959,11570,199,1,6780.92
2960,11570,172,2,1194.48
2961,11571,105,2,49176.91
2962,11571,155,2,1743.47
2963,11571,117,1,2850.75
2964,11572,156,1,1231.36
2965,11573,184,1,1246.83
2966,11574,194,2,6457.01
2967,11574,185,2,5501.56
2968,11575,121,1,10726.43
2969,11575,194,1,6134.16
2970,11575,127,1,32351.13
2971,11576,164,3,8598.6
2972,11576,116,1,1084.1
2973,11577,105,1,46718.06
2974,11578,124,3,11200.05
2975,11579,218,1,7496.47
2976,11580,145,1,40347.63
2977,11581,151,3,1236.3
2978,11582,181,1,1692.06
2979,11583,127,1,34148.41
2980,11584,113,3,5112.57
2981,11584,144,1,12915.75
2982,11585,109,1,3092.97
2983,11585,145,3,50434.54
2984,11586,128,1,29206.12
2985,11587,105,1,39341.53
2986,11587,182,1,1810.76
2987,11588,123,2,11866.6
2988,11589,149,1,783.54
2989,11589,199,2,6780.92
2990,11589,215,2,2976.61
2991,11590,106,1,58766.85
2992,11590,173,1,7019.62
2993,11591,173,1,6317.66
2994,11591,216,1,5494.29
2995,11591,125,2,37638.62
2996,11591,159,3,7695.17
2997,11592,165,1,11027.91
2998,11592,175,1,4364.52
2999,11592,127,1,32351.13
3000,11592,192,1,2133.88
3001,11592,144,4,15195.0
3002,11593,160,1,4002.28
3003,11594,132,1,17563.36
3004,11595,155,1,1743.47
3005,11596,187,2,3281.59
3006,11596,119,1,3965.73
3007,11597,169,4,2712.94
3008,11597,119,1,3965.73
3009,11598,133,1,19519.3
3010,11599,114,1,3976.79
3011,11599,152,2,2831.05
3012,11600,214,1,2379.88
3013,11600,154,1,1551.25
3014,11600,110,1,2560.63
3015,11601,183,1,1243.0
3016,11601,118,4,2030.18
3017,11601,186,1,5046.34
3018,11602,128,1,30828.68
3019,11603,115,1,3314.34
3020,11603,162,1,10389.18
3021,11604,118,1,2537.73
3022,11605,191,1,4378.43
3023,11606,124,1,9520.04
3024,11607,164,1,9554.0
3025,11608,123,1,12491.16
3026,11608,103,1,86981.38
3027,11608,120,4,1337.06
3028,11608,107,1,47295.32
3029,11609,108,1,34595.22
3030,11610,162,1,9869.72
3031,11611,184,1,1246.83
3032,11612,110,1,2560.63
3033,11613,146,1,61738.52
3034,11613,207,1,4375.21
3035,11614,121,1,9653.79
3036,11614,140,4,8722.76
3037,11615,186,2,5607.04
3038,11615,219,1,2921.3
3039,11615,123,2,12491.16
3040,11616,128,2,25960.99
3041,11616,115,2,3314.34
3042,11616,144,1,15195.0
3043,11617,126,1,18764.38
3044,11618,155,1,1743.47
3045,11618,177,1,1467.83
3046,11618,125,1,33874.76
3047,11619,132,2,16685.19
3048,11619,116,2,1204.55
3049,11619,205,1,3006.35
3050,11620,128,1,27583.55
3051,11621,125,1,37638.62
3052,11621,105,2,44259.22
3053,11622,110,1,2845.14
3054,11622,176,1,8172.55
3055,11623,192,1,2510.45
3056,11624,113,1,5680.63
3057,11624,121,1,9653.79
3058,11625,207,1,3937.69
3059,11625,169,2,3014.38
3060,11626,171,1,3033.04
3061,11627,120,1,1069.65
3062,11627,175,4,4621.26
3063,11628,118,1,2157.07
3064,11629,107,1,49922.83
3065,11630,103,2,78283.24
3066,11630,115,2,3314.34
3067,11630,165,1,8822.33
3068,11631,153,1,665.12
3069,11631,167,1,3421.34
3070,11631,206,1,3566.37
3071,11631,130,1,28210.42
3072,11631,110,1,2845.14
3073,11632,135,1,16327.33
3074,11632,182,1,1715.45
3075,11632,145,1,50434.54
3076,11632,107,1,44667.8
3077,11633,130,1,35263.03
3078,11633,179,1,1276.14
3079,11634,186,1,5046.34
3080,11634,135,1,17347.79
3081,11635,112,1,8869.46
3082,11636,135,1,20409.16
3083,11637,132,1,17563.36
3084,11638,167,1,3801.49
3085,11638,162,1,8830.8
3086,11639,113,3,5112.57
3087,11639,107,1,52550.35
3088,11640,112,1,8869.46
3089,11640,142,1,10923.86
3090,11640,167,1,3421.34
3091,11641,204,1,995.2
3092,11641,193,1,6307.84
3093,11642,180,1,2104.89
3094,11642,113,1,5680.63
3095,11643,156,1,1231.36
3096,11643,206,1,3566.37
3097,11643,168,4,11952.32
3098,11643,169,1,2863.66
3099,11644,102,2,74774.07
3100,11644,109,1,3264.8
3101,11645,115,3,3314.34
3102,11646,212,2,2154.9
3103,11647,185,1,5807.2
3104,11648,127,1,35945.7
3105,11648,158,2,9728.12
3106,11649,150,1,1677.42
3107,11649,166,1,8015.69
3108,11650,188,1,5431.22
3109,11650,150,1,1863.8
3110,11650,121,3,9117.47
3111,11651,147,2,41373.68
3112,11652,127,1,28756.56
3113,11652,113,1,5396.6
3114,11653,186,2,5607.04
3115,11654,111,1,10368.41
3116,11654,107,1,52550.35
3117,11654,159,1,7310.41
3118,11655,104,1,73700.55
3119,11656,111,1,9277.0
3120,11656,117,1,2280.6
3121,11656,159,1,6156.14
3122,11656,207,1,3500.17
3123,11657,141,2,14163.49
3124,11658,128,3,32451.24
3125,11658,177,1,1313.32
3126,11659,177,2,1390.57
3127,11659,188,3,4616.54
3128,11660,106,1,65296.5
3129,11660,116,1,1204.55
3130,11660,146,2,52477.74
3131,11661,126,1,18764.38
3132,11661,125,1,37638.62
3133,11661,127,1,34148.41
3134,11661,163,1,12893.02
3135,11662,153,4,789.83
3136,11663,196,1,2777.87
3137,11663,125,1,35756.69
3138,11664,184,1,1059.81
3139,11665,218,1,7080.0
3140,11665,178,1,938.23
3141,11665,110,2,2845.14
3142,11665,166,1,8906.32
3143,11666,159,2,7695.17
3144,11666,162,1,9350.26
3145,11667,130,1,35263.03
3146,11667,102,1,78709.55
3147,11668,112,2,7539.04
3148,11669,138,3,14571.14
3149,11670,110,3,2845.14
3150,11670,185,3,6112.84
3151,11670,135,1,20409.16
3152,11670,102,1,70838.6
3153,11670,212,1,2154.9
3154,11671,116,1,1204.55
3155,11672,118,1,2537.73
3156,11672,126,1,18764.38
3157,11672,120,2,1337.06
3158,11673,112,1,8425.99
3159,11673,106,4,65296.5
3160,11673,114,1,3976.79
3161,11674,122,2,12589.84
3162,11675,117,1,2850.75
3163,11675,126,1,18764.38
3164,11675,128,2,32451.24
3165,11676,120,1,1337.06
3166,11676,187,4,3646.21
3167,11677,149,3,742.3
3168,11677,125,2,30110.9
3169,11678,107,2,52550.35
3170,11679,132,3,17563.36
3171,11680,128,3,32451.24
3172,11680,110,1,2845.14
3173,11680,183,2,1243.0
3174,11681,166,1,8906.32
3175,11682,195,2,2977.2
3176,11682,205,1,2856.03
3177,11682,119,1,3569.16
3178,11683,176,1,9614.76
3179,11683,112,3,7982.51
3180,11684,113,1,5396.6
3181,11685,119,1,3767.44
3182,11685,160,3,4002.28
3183,11686,217,1,1982.71
3184,11687,120,1,1136.5
3185,11687,112,2,8425.99
3186,11688,187,1,3646.21
3187,11689,125,1,35756.69
3188,11690,189,1,2520.34
3189,11690,121,2,10726.43
3190,11691,178,1,891.32
3191,11692,140,1,7850.48
3192,11692,113,2,5396.6
3193,11692,122,2,12589.84
3194,11692,180,1,2104.89
3195,11693,119,1,3569.16
3196,11694,177,2,1390.57
3197,11694,132,1,17563.36
3198,11695,188,1,5431.22
3199,11695,112,1,7982.51
3200,11696,161,2,7452.22
3201,11697,171,3,3568.28
3202,11698,196,1,2361.19
3203,11699,107,1,52550.35
3204,11699,130,1,33499.88
3205,11700,106,1,58766.85
3206,11700,178,2,938.23
3207,11701,193,2,7008.71
3208,11702,102,1,62967.64
3209,11702,142,2,12209.02
3210,11703,122,1,11960.35
3211,11704,150,1,1584.23
3212,11705,148,2,25939.61
3213,11705,158,1,9241.71
3214,11705,110,3,2845.14
3215,11705,115,1,2817.19
3216,11706,128,2,29206.12
3217,11706,118,1,2537.73
3218,11707,112,1,8869.46
3219,11708,208,1,1947.38
3220,11709,164,1,9076.3
3221,11710,206,1,3209.73
3222,11710,165,1,11027.91
3223,11710,107,3,47295.32
3224,11711,184,1,997.46
3225,11711,155,1,1656.3
3226,11711,171,1,3568.28
3227,11712,124,1,10640.05
3228,11712,151,1,1545.37
3229,11713,121,2,9653.79
3230,11713,130,1,29973.58
3231,11713,134,2,12567.16
3232,11714,172,2,1068.75
3233,11714,132,2,16685.19
3234,11715,107,1,49922.83
3235,11715,145,1,47912.81
3236,11715,160,2,3791.64
3237,11716,219,1,2921.3
3238,11717,217,1,2203.01
3239,11717,180,1,2221.83
3240,11718,123,1,11242.04
3241,11718,129,2,36778.33
3242,11719,102,1,78709.55
3243,11720,191,1,3891.94
3244,11720,126,2,18764.38
3245,11720,148,1,28821.79
3246,11721,167,2,3611.42
3247,11721,121,4,10726.43
3248,11722,120,1,1203.35
3249,11723,171,1,3568.28
3250,11724,206,1,3566.37
3251,11724,128,2,32451.24
3252,11724,212,1,1939.41
3253,11725,109,1,3092.97
3254,11726,128,1,29206.12
3255,11726,189,2,2268.31
3256,11727,163,1,13571.6
3257,11727,128,1,32451.24
3258,11728,151,2,1545.37
3259,11729,131,1,18769.56
3260,11730,139,2,17263.53
3261,11731,161,1,9315.28
3262,11732,207,1,4375.21
3263,11732,119,2,3965.73
3264,11733,183,1,1243.0
3265,11733,217,1,2203.01
3266,11734,170,1,2201.22
3267,11734,180,2,1987.95
3268,11735,157,1,11322.27
3269,11735,142,1,12851.6
3270,11736,159,1,7695.17
3271,11736,140,1,8722.76
3272,11737,123,1,10617.49
3273,11737,120,2,1337.06
3274,11737,104,1,77795.02
3275,11737,157,1,10190.04
3276,11737,159,1,7695.17
3277,11738,131,2,18769.56
3278,11739,155,1,1743.47
3279,11740,115,1,3314.34
3280,11741,147,1,33098.94
3281,11742,165,2,11027.91
3282,11743,181,4,1781.12
3283,11743,116,1,1084.1
3284,11744,165,2,8822.33
3285,11745,212,1,2047.16
3286,11745,128,1,30828.68
3287,11746,128,3,30828.68
3288,11746,140,1,7850.48
3289,11747,179,1,1417.93
3290,11748,106,1,65296.5
3291,11749,139,1,15537.18
3292,11749,120,1,1337.06
3293,11749,168,1,11952.32
3294,11750,197,1,4020.29
3295,11750,124,1,10640.05
3296,11751,127,2,35945.7
3297,11751,126,1,16887.94
3298,11752,128,2,27583.55
3299,11752,188,1,5431.22
3300,11752,114,1,3976.79
3301,11752,115,2,3148.62
3302,11753,151,2,1545.37
3303,11754,199,2,6102.83
3304,11754,115,1,3314.34
3305,11755,136,1,7007.38
3306,11755,141,1,15737.21
3307,11756,162,1,10389.18
3308,11757,108,1,32865.46
3309,11758,160,1,3370.34
3310,11758,132,1,15807.02
3311,11759,165,1,10476.51
3312,11759,115,2,3314.34
3313,11759,121,2,9653.79
3314,11759,102,1,78709.55
3315,11760,135,1,18368.24
3316,11760,108,1,34595.22
3317,11761,154,1,1637.43
3318,11761,153,3,831.4
3319,11761,132,1,17563.36
3320,11762,145,1,50434.54
3321,11762,108,1,27676.18
3322,11763,101,1,73417.66
3323,11763,117,1,2280.6
3324,11764,139,1,17263.53
3325,11764,178,1,891.32
3326,11765,112,1,8869.46
3327,11766,195,1,2977.2
3328,11767,164,1,8598.6
3329,11767,215,1,2663.28
3330,11768,191,1,4621.67
3331,11768,101,1,81575.18
3332,11768,120,2,1337.06
3333,11769,112,1,8869.46
3334,11769,125,2,35756.69
3335,11769,156,2,1046.66
3336,11770,193,3,5957.4
3337,11770,183,2,1180.85
3338,11771,193,2,7008.71
3339,11772,164,1,9554.0
3340,11773,171,1,3389.87
3341,11774,172,1,1131.62
3342,11774,112,1,8869.46
3343,11774,107,2,44667.8
3344,11775,106,1,65296.5
3345,11776,134,1,13963.51
3346,11777,155,1,1481.95
3347,11777,152,1,2831.05
3348,11777,217,1,2092.86
3349,11778,165,1,9925.12
3350,11779,164,1,7643.2
3351,11780,215,1,2819.94
3352,11781,180,2,2104.89
3353,11782,180,1,2338.77
3354,11783,132,2,17563.36
3355,11784,159,4,7310.41
3356,11785,147,3,39305.0
3357,11785,175,1,4364.52
3358,11786,109,1,3092.97
3359,11786,150,1,1863.8
3360,11786,177,4,1467.83
3361,11786,142,2,11566.44
3362,11787,182,1,1810.76
3363,11787,119,1,3965.73
3364,11788,119,1,3172.58
3365,11789,116,2,1023.87
3366,11789,121,1,10726.43
3367,11789,103,1,86981.38
3368,11789,127,2,34148.41
3369,11790,150,1,1677.42
3370,11790,118,2,2283.96
3371,11790,116,1,1084.1
3372,11791,107,1,49922.83
3373,11792,163,1,13571.6
3374,11792,111,1,9822.71
3375,11792,115,1,2982.91
3376,11793,122,1,11960.35
3377,11793,128,1,27583.55
3378,11794,203,1,939.28
3379,11795,137,1,11699.51
3380,11795,105,2,46718.06
3381,11796,104,1,81889.5
3382,11797,161,1,9315.28
3383,11798,165,1,9373.72
3384,11799,106,2,62031.68
3385,11800,127,1,32351.13
3386,11801,167,1,3421.34
3387,11802,157,1,10190.04
3388,11802,128,2,32451.24
3389,11802,126,2,17826.16
3390,11803,102,1,78709.55
3391,11803,126,1,15011.5
3392,11804,145,1,40347.63
3393,11804,142,3,11566.44
3394,11805,114,1,3777.95
3395,11806,165,1,11027.91
3396,11807,113,1,5680.63
3397,11807,180,1,1871.02
3398,11808,128,1,32451.24
3399,11808,107,4,42040.28
3400,11809,212,1,2154.9
3401,11809,107,1,42040.28
3402,11810,184,2,1246.83
3403,11811,101,1,77496.42
3404,11812,151,2,1545.37
3405,11813,177,1,1545.08
3406,11814,201,1,1062.45
3407,11814,195,3,3308.0
3408,11814,110,1,2418.37
3409,11815,165,1,11027.91
3410,11815,108,1,29405.94
3411,11815,133,1,19519.3
3412,11815,179,1,1347.03
3413,11816,122,2,11330.86
3414,11816,162,1,10389.18
3415,11816,112,1,7539.04
3416,11816,109,1,3092.97
3417,11817,203,2,1043.64
3418,11818,112,1,8869.46
3419,11818,115,1,3314.34
3420,11818,131,1,17831.08
3421,11819,164,2,9076.3
3422,11819,159,1,7310.41
3423,11820,140,1,8722.76
3424,11820,164,1,9554.0
3425,11821,134,1,13265.33
3426,11822,218,1,8329.41
3427,11823,106,1,65296.5
3428,11824,126,1,16887.94
3429,11825,185,1,6112.84
3430,11825,115,1,3148.62
3431,11826,126,2,18764.38
3432,11827,201,1,956.2
3433,11828,114,2,3976.79
3434,11828,115,1,3314.34
3435,11828,173,2,7019.62
3436,11829,220,1,8485.96
3437,11829,175,1,5134.73
3438,11829,161,1,8849.52
3439,11829,126,2,18764.38
3440,11830,131,3,16892.6
3441,11831,126,3,18764.38
3442,11832,118,1,2537.73
3443,11833,156,1,1169.79
3444,11834,134,1,13963.51
3445,11834,105,1,46718.06
3446,11835,101,1,73417.66
3447,11835,109,1,3092.97
3448,11836,184,1,1122.15
3449,11836,125,1,35756.69
3450,11837,194,1,6457.01
3451,11838,117,1,2565.68
3452,11838,204,1,895.68
3453,11839,176,3,9134.02
3454,11839,183,2,1118.7
3455,11839,107,1,49922.83
3456,11840,165,1,11027.91
3457,11841,190,1,4806.88
3458,11841,188,2,4616.54
3459,11841,176,2,8172.55
3460,11841,164,1,9554.0
3461,11842,131,2,17831.08
3462,11842,158,1,9728.12
3463,11842,125,1,31992.83
3464,11842,157,1,11322.27
3465,11843,197,1,3216.23
3466,11844,131,1,18769.56
3467,11844,176,1,9614.76
3468,11845,106,1,65296.5
3469,11846,113,1,5396.6
3470,11846,123,2,11242.04
3471,11846,105,1,49176.91
3472,11847,212,1,2154.9
3473,11848,133,1,19519.3
3474,11849,154,1,1637.43
3475,11849,131,1,18769.56
3476,11850,182,1,1906.06
3477,11850,110,1,2845.14
3478,11851,107,2,49922.83
3479,11851,105,2,46718.06
3480,11852,166,1,8906.32
3481,11852,122,1,12589.84
3482,11853,178,1,891.32
3483,11853,202,2,781.76
3484,11853,220,1,8932.59
3485,11853,129,1,36778.33
3486,11854,187,1,2916.97
3487,11855,205,1,2705.72
3488,11856,160,2,4212.93
3489,11857,121,1,10726.43
3490,11858,115,2,2982.91
3491,11858,161,1,8849.52
3492,11859,123,1,10617.49
3493,11860,109,1,2749.3
3494,11860,132,3,17563.36
3495,11861,153,1,831.4
3496,11862,123,1,11242.04
3497,11862,160,1,4002.28
3498,11863,131,1,18769.56
3499,11863,108,1,31135.7
3500,11864,107,2,47295.32
3501,11865,117,1,2708.21
3502,11866,113,1,5680.63
3503,11866,149,1,742.3
3504,11866,209,1,1831.36
3505,11867,181,1,1692.06
3506,11867,207,1,3937.69
3507,11868,102,1,70838.6
3508,11868,170,1,2445.8
3509,11868,176,2,8172.55
3510,11869,150,2,1677.42
3511,11870,102,2,70838.6
3512,11870,169,2,3014.38
3513,11871,174,1,5591.26
3514,11871,150,1,1863.8
3515,11871,201,1,1009.33
3516,11871,192,1,2133.88
3517,11871,179,1,1347.03
3518,11872,104,2,81889.5
3519,11873,154,1,1723.61
3520,11873,151,1,1468.1
3521,11874,129,1,36778.33
3522,11874,114,1,3579.11
3523,11874,106,1,62031.68
3524,11875,200,1,5699.68
3525,11876,122,1,10701.36
3526,11876,158,1,9241.71
3527,11876,121,1,10726.43
3528,11876,108,1,34595.22
3529,11877,130,2,35263.03
3530,11878,115,1,2982.91
3531,11878,117,1,2850.75
3532,11879,109,2,3436.63
3533,11879,168,1,11952.32
3534,11879,164,1,8120.9
3535,11879,202,1,740.62
3536,11880,182,2,1906.06
3537,11880,146,2,61738.52
3538,11881,111,2,9822.71
3539,11881,121,1,10726.43
3540,11881,135,1,19388.7
3541,11882,129,1,31261.58
3542,11882,161,1,8849.52
3543,11883,119,1,3965.73
3544,11883,128,1,32451.24
3545,11884,130,1,35263.03
3546,11885,159,1,6540.89
3547,11886,108,1,32865.46
3548,11887,127,1,28756.56
3549,11887,177,1,1545.08
3550,11888,102,3,78709.55
3551,11889,122,1,12589.84
3552,11889,117,1,2280.6
3553,11890,142,2,12851.6
3554,11890,103,2,82632.31
3555,11891,130,4,35263.03
3556,11892,108,1,34595.22
3557,11893,196,1,2777.87
3558,11893,200,1,5129.71
3559,11893,108,1,29405.94
3560,11894,119,1,3965.73
3561,11894,157,3,11322.27
3562,11894,101,1,73417.66
3563,11895,170,1,2323.51
3564,11895,120,1,1337.06
3565,11895,164,3,9554.0
3566,11896,113,1,5680.63
3567,11897,196,1,2638.98
3568,11897,122,1,10701.36
3569,11898,134,1,12567.16
3570,11899,116,3,1084.1
3571,11899,109,1,3092.97
3572,11900,139,2,17263.53
3573,11900,101,2,81575.18
3574,11901,102,1,74774.07
3575,11901,116,1,963.64
3576,11901,118,1,2410.84
3577,11902,127,1,32351.13
3578,11903,172,1,1005.88
3579,11904,101,1,65260.14
3580,11905,106,2,65296.5
3581,11905,143,1,4895.78
3582,11906,166,1,8015.69
3583,11906,218,1,7496.47
3584,11906,106,2,65296.5
3585,11907,124,1,11200.05
3586,11908,115,2,3314.34
3587,11908,101,2,81575.18
3588,11908,137,1,12999.46
3589,11909,126,1,18764.38
3590,11909,194,1,6457.01
3591,11910,150,1,1863.8
3592,11910,177,1,1545.08
3593,11911,210,1,918.18
3594,11912,110,1,2845.14
3595,11913,123,4,12491.16
3596,11913,184,1,1122.15
3597,11914,196,1,2500.08
3598,11915,125,1,31992.83
3599,11916,104,1,81889.5
3600,11917,173,2,5966.68
3601,11917,184,2,1059.81
3602,11918,135,4,18368.24
3603,11919,103,1,86981.38
3604,11919,186,1,4765.98
3605,11919,165,1,9373.72
3606,11920,202,1,822.91
3607,11921,219,1,3245.89
3608,11922,119,2,3767.44
3609,11923,197,2,4020.29
3610,11923,138,3,15338.04
3611,11924,160,1,4212.93
3612,11924,113,1,5396.6
3613,11925,147,4,35167.63
3614,11925,144,1,14435.25
3615,11925,103,1,78283.24
3616,11925,110,1,2560.63
3617,11925,138,1,13037.33
3618,11926,132,2,16685.19
3619,11927,116,1,1204.55
3620,11928,122,2,12589.84
3621,11929,127,1,34148.41
3622,11929,151,1,1545.37
3623,11930,184,1,1246.83
3624,11930,105,1,39341.53
3625,11930,153,1,706.69
3626,11931,102,2,74774.07
3627,11931,106,1,62031.68
3628,11932,172,3,1068.75
3629,11932,117,1,2565.68
3630,11932,118,1,2537.73
3631,11933,106,2,62031.68
3632,11934,183,2,1243.0
3633,11935,168,1,11952.32
3634,11935,169,2,2562.22
3635,11936,102,2,78709.55
3636,11937,123,1,12491.16
3637,11938,106,3,55502.02
3638,11938,212,2,1939.41
3639,11939,104,1,81889.5
3640,11940,219,1,2921.3
3641,11940,129,1,31261.58
3642,11941,119,1,3767.44
3643,11941,201,1,956.2
3644,11942,185,3,5807.2
3645,11943,184,4,1122.15
3646,11943,125,1,33874.76
3647,11944,108,1,31135.7
3648,11944,177,1,1467.83
3649,11945,217,1,1982.71
3650,11945,187,1,3646.21
3651,11945,185,1,5195.91
3652,11946,110,1,2702.88
3653,11947,128,1,32451.24
3654,11947,144,1,14435.25
3655,11947,111,1,9822.71
3656,11948,108,1,29405.94
3657,11948,102,1,78709.55
3658,11948,176,1,9614.76
3659,11948,113,1,5396.6
3660,11948,124,2,11200.05
3661,11949,122,1,10071.87
3662,11950,120,1,1270.21
3663,11951,107,1,47295.32
3664,11951,130,1,29973.58
3665,11951,102,1,74774.07
3666,11951,174,1,5591.26
3667,11952,121,1,10726.43
3668,11953,108,2,34595.22
3669,11953,157,1,9623.93
3670,11954,107,1,49922.83
3671,11954,127,1,34148.41
3672,11955,122,1,11330.86
3673,11955,167,1,3801.49
3674,11955,218,3,8329.41
3675,11956,132,1,16685.19
3676,11957,105,1,46718.06
3677,11958,153,1,748.26
3678,11958,145,1,50434.54
3679,11959,119,1,3767.44
3680,11959,134,1,11170.81
3681,11960,156,2,1169.79
3682,11961,149,2,824.78
3683,11961,135,2,19388.7
3684,11962,101,2,81575.18
3685,11962,185,1,5807.2
3686,11962,108,1,32865.46
3687,11963,147,2,41373.68
3688,11964,155,3,1656.3
3689,11964,120,1,1337.06
3690,11965,125,1,35756.69
3691,11965,113,1,5680.63
3692,11966,207,2,3937.69
3693,11966,214,1,2379.88
3694,11967,155,2,1743.47
3695,11968,159,1,7695.17
3696,11968,130,4,33499.88
3697,11969,115,1,3314.34
3698,11969,138,1,15338.04
3699,11970,126,1,18764.38
3700,11970,189,2,2520.34
3701,11971,112,2,7982.51
3702,11972,161,1,7917.99
3703,11973,179,1,1417.93
3704,11974,166,1,8461.0
3705,11975,158,1,9728.12
3706,11975,175,1,5134.73
3707,11976,164,1,8598.6
3708,11976,167,1,3231.27
3709,11977,153,2,706.69
3710,11978,124,1,11200.05
3711,11979,201,1,903.08
3712,11979,109,1,3264.8
3713,11980,190,1,4566.54
3714,11980,138,1,15338.04
3715,11980,102,2,70838.6
3716,11981,107,2,47295.32
3717,11981,114,4,3380.27
3718,11981,181,1,1781.12
3719,11982,158,2,9728.12
3720,11982,123,2,12491.16
3721,11983,184,1,1246.83
3722,11983,106,2,58766.85
3723,11984,186,1,5326.69
3724,11984,170,2,2445.8
3725,11984,113,1,5396.6
3726,11984,120,1,1203.35
3727,11985,171,3,3568.28
3728,11985,105,1,44259.22
3729,11986,106,1,62031.68
3730,11987,146,1,61738.52
3731,11987,153,2,831.4
3732,11987,123,4,12491.16
3733,11988,206,2,3566.37
3734,11988,124,1,11200.05
3735,11989,118,1,2537.73
3736,11989,119,4,3965.73
3737,11989,220,1,8039.33
3738,11990,116,1,1084.1
3739,11991,125,1,37638.62
3740,11992,120,1,1337.06
3741,11992,154,1,1723.61
3742,11993,155,1,1743.47
3743,11994,215,1,2819.94
3744,11994,105,1,44259.22
3745,11995,106,1,65296.5
3746,11995,180,1,2338.77
3747,11995,126,2,17826.16
3748,11995,110,1,2845.14
3749,11996,113,2,5680.63
3750,11997,119,1,3965.73
3751,11997,160,1,4212.93
3752,11998,169,2,2863.66
3753,11998,143,1,5167.76
3754,11998,186,1,5326.69
3755,11999,158,1,9728.12
3756,11999,162,1,9869.72
3757,12000,173,1,7019.62
3758,12001,136,1,7785.98
3759,12001,118,1,2537.73
3760,12002,185,1,5501.56
3761,12002,118,2,2537.73
3762,12003,111,1,10368.41
3763,12004,163,1,13571.6
3764,12004,216,1,5494.29
3765,12004,129,1,33100.5
3766,12004,189,1,2394.32
3767,12005,176,1,9134.02
3768,12006,176,1,9614.76
3769,12007,118,1,2410.84
3770,12008,165,2,11027.91
3771,12009,152,1,2831.05
3772,12010,105,1,46718.06
3773,12011,122,1,11330.86
3774,12012,145,2,45391.09
3775,12013,120,2,1203.35
3776,12013,180,1,2338.77
3777,12014,205,2,2856.03
3778,12014,174,1,5296.99
3779,12015,162,1,10389.18
3780,12015,205,2,3006.35
3781,12016,186,2,5607.04
3782,12016,121,2,10726.43
3783,12017,163,1,11535.86
3784,12017,134,2,11170.81
3785,12018,141,1,12589.77
3786,12019,124,1,11200.05
3787,12020,125,1,37638.62
3788,12020,195,1,3308.0
3789,12020,128,1,32451.24
3790,12020,184,1,1246.83
3791,12021,126,4,18764.38
3792,12021,167,1,3801.49
3793,12022,169,1,3014.38
3794,12023,180,1,1871.02
3795,12024,110,1,2702.88
3796,12024,103,1,86981.38
3797,12024,127,1,30553.84
3798,12025,108,3,34595.22
3799,12025,115,1,3314.34
3800,12025,106,1,58766.85
3801,12025,186,1,4485.63
3802,12026,177,1,1545.08
3803,12027,199,2,6102.83
3804,12027,168,1,10757.09
3805,12028,142,2,12851.6
3806,12028,143,2,4895.78
3807,12028,173,1,6317.66
3808,12029,107,1,44667.8
3809,12030,180,1,1987.95
3810,12031,186,1,5607.04
3811,12031,174,1,5296.99
3812,12031,182,1,1906.06
3813,12032,166,1,8906.32
3814,12032,186,1,5607.04
3815,12032,110,1,2845.14
3816,12033,126,1,16887.94
3817,12033,104,2,77795.02
3818,12034,194,1,6134.16
3819,12034,145,3,47912.81
3820,12034,130,4,29973.58
3821,12034,101,3,81575.18
3822,12035,177,2,1545.08
3823,12036,150,3,1770.61
3824,12036,108,2,34595.22
3825,12036,136,2,6618.08
3826,12037,123,2,12491.16
3827,12037,159,1,7695.17
3828,12038,143,1,5167.76
3829,12038,204,2,995.2
3830,12039,172,1,1194.48
3831,12039,122,1,12589.84
3832,12040,136,2,7007.38
3833,12040,184,1,1184.49
3834,12040,113,1,5112.57
3835,12040,203,2,1043.64
3836,12041,202,2,781.76
3837,12041,152,2,2547.95
3838,12041,113,1,5396.6
3839,12042,205,1,2555.4
3840,12042,120,1,1203.35
3841,12043,149,1,824.78
3842,12044,109,1,3436.63
3843,12044,126,3,18764.38
3844,12044,129,1,36778.33
3845,12044,157,1,11322.27
3846,12045,112,1,8869.46
3847,12046,156,3,1108.22
3848,12046,101,3,81575.18
3849,12047,112,1,8869.46
3850,12047,179,1,1347.03
3851,12048,107,3,44667.8
3852,12048,128,1,30828.68
3853,12049,114,1,3777.95
3854,12050,131,1,18769.56
3855,12050,109,2,3436.63
3856,12051,165,1,10476.51
3857,12051,116,1,1144.32
3858,12052,122,3,11960.35
3859,12052,133,4,21688.11
3860,12053,159,1,7695.17
3861,12053,186,1,4765.98
3862,12054,193,1,7008.71
3863,12055,152,2,2831.05
3864,12056,117,1,2850.75
3865,12056,165,1,9373.72
3866,12056,170,3,2201.22
3867,12056,119,2,3965.73
3868,12057,178,1,844.41
3869,12058,128,1,29206.12
3870,12058,110,1,2845.14
3871,12058,177,1,1390.57
3872,12059,127,1,35945.7
3873,12059,134,1,13963.51
3874,12060,136,1,7785.98
3875,12061,119,4,3965.73
3876,12062,112,2,8869.46
3877,12062,182,2,1906.06
3878,12063,121,1,10726.43
3879,12064,128,1,32451.24
3880,12065,134,1,13963.51
3881,12066,137,1,11049.54
3882,12067,102,1,62967.64
3883,12068,124,1,11200.05
3884,12068,102,1,74774.07
3885,12069,105,2,46718.06
3886,12070,118,1,2283.96
3887,12070,159,2,7695.17
3888,12070,108,2,31135.7
3889,12071,186,1,5326.69
3890,12072,130,1,35263.03
3891,12072,183,2,1118.7
3892,12073,113,1,5680.63
3893,12074,106,1,65296.5
3894,12075,162,1,10389.18
3895,12075,133,1,20603.7
3896,12076,101,1,81575.18
3897,12076,167,1,3421.34
3898,12077,216,1,5494.29
3899,12077,125,1,37638.62
3900,12077,192,1,2510.45
3901,12078,145,1,50434.54
3902,12078,191,1,4378.43
3903,12078,101,1,81575.18
3904,12079,140,1,8286.62
3905,12079,116,1,1204.55
3906,12080,153,2,831.4
3907,12080,171,1,3568.28
3908,12081,105,2,44259.22
3909,12082,118,1,2157.07
3910,12083,118,1,2410.84
3911,12083,155,1,1743.47
3912,12083,115,1,3314.34
3913,12084,114,1,3976.79
3914,12084,188,1,5431.22
3915,12085,120,2,1203.35
3916,12086,107,2,42040.28
3917,12086,131,2,18769.56
3918,12086,116,1,1204.55
3919,12087,106,1,65296.5
3920,12088,127,2,35945.7
3921,12089,156,1,1231.36
3922,12090,122,1,11960.35
3923,12090,125,1,37638.62
3924,12090,128,2,32451.24
3925,12091,123,1,11242.04
3926,12091,129,2,36778.33
3927,12092,197,2,3819.28
3928,12093,179,1,1347.03
3929,12093,110,2,2845.14
3930,12094,146,1,52477.74
3931,12094,182,2,1906.06
3932,12095,157,2,11322.27
3933,12096,108,1,31135.7
3934,12096,102,1,66903.12
3935,12097,107,2,49922.83
3936,12098,170,2,2201.22
3937,12099,119,1,3965.73
3938,12099,120,1,1203.35
3939,12099,185,1,5501.56
3940,12100,121,1,10726.43
3941,12101,187,1,3463.9
3942,12102,123,1,12491.16
3943,12103,128,1,32451.24
3944,12103,132,3,14050.69
3945,12104,176,1,9614.76
3946,12105,121,1,10190.11
3947,12106,176,1,9614.76
3948,12106,184,1,1122.15
3949,12106,188,1,4888.1
3950,12106,178,3,891.32
3951,12107,182,1,1906.06
3952,12108,170,1,2323.51
3953,12108,128,1,32451.24
3954,12108,188,1,4616.54
3955,12109,112,1,8869.46
3956,12110,107,2,49922.83
3957,12110,155,1,1394.78
3958,12110,123,1,11866.6
3959,12111,164,3,9554.0
3960,12111,170,1,2445.8
3961,12111,103,1,86981.38
3962,12111,102,2,66903.12
3963,12111,218,2,7912.94
3964,12112,170,1,2201.22
3965,12112,132,3,16685.19
3966,12112,123,2,12491.16
3967,12113,184,1,1246.83
3968,12113,157,1,10756.16
3969,12113,201,2,1062.45
3970,12114,174,1,5885.54
3971,12114,108,1,34595.22
3972,12115,109,1,3092.97
3973,12116,142,2,10281.28
3974,12116,207,1,3718.93
3975,12117,123,1,12491.16
3976,12117,108,1,31135.7
3977,12117,163,3,12893.02
3978,12118,121,1,9117.47
3979,12118,164,1,9076.3
3980,12119,179,3,1417.93
3981,12120,166,1,8906.32
3982,12120,188,1,5159.66
3983,12121,113,1,5112.57
3984,12122,196,1,2500.08
3985,12122,163,3,11535.86
3986,12122,182,1,1715.45
3987,12122,117,3,2850.75
3988,12122,156,2,1231.36
3989,12123,107,1,52550.35
3990,12123,112,1,7982.51
3991,12123,168,1,10757.09
3992,12124,150,1,1863.8
3993,12124,159,1,7695.17
3994,12124,103,1,78283.24
3995,12125,194,1,6134.16
3996,12125,110,1,2560.63
3997,12126,133,1,21688.11
3998,12126,124,1,11200.05
3999,12127,110,1,2845.14
4000,12127,175,1,5134.73
4001,12128,110,1,2845.14
4002,12129,182,1,1715.45
4003,12129,113,3,5680.63
4004,12129,109,1,3092.97
4005,12130,105,1,46718.06
4006,12130,163,1,12214.44
4007,12130,120,2,1203.35
4008,12131,101,1,77496.42
4009,12132,126,1,18764.38
4010,12132,142,1,12851.6
4011,12133,164,1,9554.0
4012,12133,108,2,34595.22
4013,12133,133,1,18434.89
4014,12134,129,1,34939.41
4015,12134,101,1,81575.18
4016,12135,122,1,12589.84
4017,12135,143,2,5167.76
4018,12135,149,1,742.3
4019,12135,141,1,14163.49
4020,12136,160,2,4212.93
4021,12136,174,2,5885.54
4022,12137,107,1,52550.35
4023,12137,102,1,74774.07
4024,12138,170,1,2445.8
4025,12139,126,1,15011.5
4026,12140,168,1,10159.47
4027,12141,190,1,4806.88
4028,12142,140,1,7850.48
4029,12142,108,1,32865.46
4030,12143,164,1,9554.0
4031,12143,103,1,82632.31
4032,12144,109,1,2749.3
4033,12144,112,4,8869.46
4034,12144,162,1,8830.8
4035,12144,125,1,35756.69
4036,12145,120,4,1203.35
4037,12146,181,1,1513.95
4038,12147,115,1,3148.62
4039,12148,110,4,2418.37
4040,12149,188,1,5159.66
4041,12149,201,2,1009.33
4042,12150,125,1,31992.83
4043,12151,186,1,5046.34
4044,12151,172,1,1257.35
4045,12152,154,2,1723.61
4046,12152,180,1,2338.77
4047,12152,117,1,2850.75
4048,12153,161,1,8849.52
4049,12154,204,1,995.2
4050,12154,201,1,1062.45
4051,12155,116,1,1144.32
4052,12156,112,2,7539.04
4053,12157,126,1,18764.38
4054,12157,104,2,65511.6
4055,12157,108,2,31135.7
4056,12158,174,1,5885.54
4057,12158,205,1,2856.03
4058,12159,193,1,6307.84
4059,12160,135,1,18368.24
4060,12161,214,1,2141.89
4061,12162,219,1,3245.89
4062,12162,114,1,3777.95
4063,12162,179,1,1276.14
4064,12162,111,1,10914.12
4065,12163,145,1,47912.81
4066,12163,134,1,13963.51
4067,12163,217,1,1982.71
4068,12164,134,1,12567.16
4069,12165,185,1,5501.56
4070,12165,126,1,15011.5
4071,12166,120,1,1136.5
4072,12166,162,1,9350.26
4073,12166,168,1,11952.32
4074,12167,170,1,2445.8
4075,12168,132,2,15807.02
4076,12169,108,1,31135.7
4077,12169,120,1,1270.21
4078,12170,210,3,918.18
4079,12170,220,2,8039.33
4080,12171,207,1,3937.69
4081,12171,130,2,29973.58
4082,12171,128,1,32451.24
4083,12172,116,1,1204.55
4084,12172,115,1,3314.34
4085,12172,168,1,11952.32
4086,12172,112,2,8869.46
4087,12172,127,1,35945.7
4088,12173,131,1,15015.65
4089,12174,154,1,1723.61
4090,12174,103,2,73934.17
4091,12174,107,1,49922.83
4092,12175,114,1,3976.79
4093,12175,199,2,6780.92
4094,12176,148,1,27380.7
4095,12177,108,1,27676.18
4096,12177,132,1,17563.36
4097,12178,216,1,4944.86
4098,12178,180,1,2338.77
4099,12178,106,1,65296.5
4100,12178,147,1,37236.31
4101,12179,130,1,35263.03
4102,12179,186,1,5607.04
4103,12180,127,3,30553.84
4104,12181,110,1,2845.14
4105,12181,112,1,7982.51
4106,12182,120,2,1270.21
4107,12182,175,1,4364.52
4108,12183,117,1,2708.21
4109,12183,154,1,1637.43
4110,12184,154,1,1723.61
4111,12184,106,1,65296.5
4112,12185,113,2,5680.63
4113,12185,166,1,7125.06
4114,12186,193,1,6658.27
4115,12187,171,1,3211.45
4116,12188,140,1,7414.35
4117,12188,118,1,2537.73
4118,12188,110,1,2418.37
4119,12189,219,2,3245.89
4120,12189,170,1,2445.8
4121,12190,168,1,11354.7
4122,12190,112,1,8425.99
4123,12191,163,1,12893.02
4124,12192,119,2,3569.16
4125,12193,156,2,1108.22
4126,12193,107,1,44667.8
4127,12194,164,3,9554.0
4128,12195,170,1,2078.93
4129,12196,159,1,7695.17
4130,12197,171,2,3211.45
4131,12197,123,1,11866.6
4132,12197,119,1,3370.87
4133,12198,139,1,15537.18
4134,12198,138,2,13037.33
4135,12199,156,1,1231.36
4136,12199,184,1,1059.81
4137,12200,115,1,3314.34
4138,12201,151,2,1468.1
4139,12202,185,1,6112.84
4140,12203,176,2,9134.02
4141,12204,178,1,844.41
4142,12205,118,1,2537.73
4143,12205,115,1,3148.62
4144,12206,151,2,1313.56
4145,12206,158,1,9241.71
4146,12207,108,1,32865.46
4147,12208,129,2,36778.33
4148,12208,109,1,3436.63
4149,12209,128,1,25960.99
4150,12209,136,2,7785.98
4151,12209,174,1,5002.71
4152,12209,157,1,10756.16
4153,12209,182,2,1810.76
4154,12210,122,1,12589.84
4155,12211,172,1,1257.35
4156,12212,155,1,1743.47
4157,12212,112,1,8869.46
4158,12212,178,2,891.32
4159,12213,187,1,3646.21
4160,12213,102,1,70838.6
4161,12214,114,1,3181.43
4162,12214,110,1,2702.88
4163,12215,129,1,29422.66
4164,12216,155,1,1743.47
4165,12216,151,1,1468.1
4166,12217,105,1,41800.37
4167,12218,101,3,69338.9
4168,12218,108,1,34595.22
4169,12218,151,1,1545.37
4170,12218,183,1,1243.0
4171,12219,167,2,3611.42
4172,12219,106,2,55502.02
4173,12220,126,1,16887.94
4174,12221,199,1,5424.74
4175,12221,114,1,3976.79
4176,12222,112,1,8869.46
4177,12222,103,2,86981.38
4178,12223,102,1,78709.55
4179,12223,101,1,77496.42
4180,12224,124,2,11200.05
4181,12224,104,1,81889.5
4182,12224,113,2,5680.63
4183,12224,189,1,2394.32
4184,12224,165,1,11027.91
4185,12225,103,1,86981.38
4186,12225,219,1,2921.3
4187,12226,132,1,17563.36
4188,12227,113,2,4828.54
4189,12227,165,1,10476.51
4190,12228,174,1,5296.99
4191,12228,108,1,34595.22
4192,12228,136,1,7785.98
4193,12228,197,1,3417.25
4194,12229,170,1,2445.8
4195,12229,155,3,1656.3
4196,12230,219,2,2759.01
4197,12230,126,1,18764.38
4198,12231,129,2,31261.58
4199,12231,101,2,69338.9
4200,12231,135,1,18368.24
4201,12231,155,1,1743.47
4202,12232,128,2,32451.24
4203,12232,195,1,3142.6
4204,12232,103,1,82632.31
4205,12233,160,1,4002.28
4206,12233,120,1,1203.35
4207,12233,112,1,8425.99
4208,12233,128,1,32451.24
4209,12234,155,2,1569.12
4210,12234,159,1,7695.17
4211,12234,135,1,20409.16
4212,12235,127,1,34148.41
4213,12235,189,2,2142.29
4214,12235,112,2,7539.04
4215,12235,129,1,36778.33
4216,12235,209,2,1723.63
4217,12236,118,1,2537.73
4218,12236,149,1,783.54
4219,12237,121,1,10190.11
4220,12237,111,1,10914.12
4221,12238,134,3,12567.16
4222,12239,137,2,12999.46
4223,12239,141,2,15737.21
4224,12239,114,1,3976.79
4225,12240,118,1,2537.73
4226,12240,199,1,6441.87
4227,12240,160,2,4212.93
4228,12241,108,1,29405.94
4229,12241,114,1,3976.79
4230,12241,212,1,2047.16
4231,12242,128,1,32451.24
4232,12242,130,4,35263.03
4233,12242,108,1,31135.7
4234,12242,158,2,9728.12
4235,12243,106,1,58766.85
4236,12244,161,2,8849.52
4237,12244,137,2,12349.49
4238,12245,127,1,34148.41
4239,12245,129,2,33100.5
4240,12245,183,1,1243.0
4241,12246,193,1,6307.84
4242,12247,116,1,1084.1
4243,12248,103,1,86981.38
4244,12249,114,2,3976.79
4245,12250,211,1,1382.47
4246,12251,127,1,34148.41
4247,12252,117,1,2850.75
4248,12252,177,1,1390.57
4249,12253,103,2,69585.1
4250,12254,202,1,699.47
4251,12255,188,1,5431.22
4252,12255,176,1,9614.76
4253,12256,207,1,4375.21
4254,12256,120,1,1337.06
4255,12257,184,2,1122.15
4256,12258,131,1,18769.56
4257,12258,169,1,3014.38
4258,12258,126,1,17826.16
4259,12259,166,1,7570.37
4260,12260,164,1,7643.2
4261,12261,121,1,10726.43
4262,12262,182,1,1906.06
4263,12262,119,1,3370.87
4264,12263,121,1,10190.11
4265,12263,117,2,2708.21
4266,12263,192,1,2510.45
4267,12264,102,1,78709.55
4268,12264,127,1,35945.7
4269,12264,176,1,8653.28
4270,12264,182,1,1906.06
4271,12265,134,1,12567.16
4272,12266,156,1,1231.36
4273,12266,161,1,9315.28
4274,12267,127,1,34148.41
4275,12268,132,1,16685.19
4276,12268,191,1,4864.92
4277,12269,123,1,11866.6
4278,12269,117,1,2850.75
4279,12269,144,2,13675.5
4280,12270,150,2,1677.42
4281,12271,120,1,1337.06
4282,12272,112,2,8425.99
4283,12273,154,2,1723.61
4284,12274,105,1,49176.91
4285,12274,152,1,2689.5
4286,12275,128,1,27583.55
4287,12275,102,2,62967.64
4288,12276,115,1,3314.34
4289,12277,127,1,35945.7
4290,12278,116,1,1204.55
4291,12278,109,2,3436.63
4292,12278,178,4,891.32
4293,12278,168,1,10159.47
4294,12279,120,1,1203.35
4295,12280,126,1,16887.94
4296,12281,117,1,2565.68
4297,12282,123,1,11242.04
4298,12282,179,1,1347.03
4299,12282,131,3,17831.08
4300,12283,186,1,5326.69
4301,12284,120,1,1337.06
4302,12285,180,1,2104.89
4303,12285,123,1,11866.6
4304,12286,127,1,35945.7
4305,12287,109,2,3436.63
4306,12287,211,1,1463.79
4307,12288,210,1,867.17
4308,12288,117,1,2565.68
4309,12289,173,1,6317.66
4310,12290,208,1,1947.38
4311,12290,103,2,82632.31
4312,12291,109,1,3436.63
4313,12291,133,2,21688.11
4314,12292,180,2,2338.77
4315,12292,192,1,2510.45
4316,12293,158,2,9728.12
4317,12294,148,1,27380.7
4318,12295,108,1,29405.94
4319,12296,180,2,2338.77
4320,12296,118,2,2410.84
4321,12297,118,1,2537.73
4322,12298,118,1,2410.84
4323,12298,123,2,12491.16
4324,12298,116,3,1204.55
4325,12298,101,2,81575.18
4326,12299,150,1,1770.61
4327,12299,124,1,10640.05
4328,12300,170,1,2445.8
4329,12300,218,1,7496.47
4330,12301,213,1,2055.59
4331,12301,205,2,3006.35
4332,12301,187,1,3646.21
4333,12301,218,2,7912.94
4334,12302,171,1,3211.45
4335,12303,213,1,2418.34
4336,12303,110,1,2702.88
4337,12303,192,4,2384.93
4338,12304,117,3,2565.68
4339,12304,127,1,32351.13
4340,12304,136,1,7785.98
4341,12304,122,1,11960.35
4342,12305,103,1,78283.24
4343,12305,138,1,15338.04
4344,12305,107,1,52550.35
4345,12305,110,2,2845.14
4346,12305,154,1,1637.43
4347,12306,184,2,1246.83
4348,12306,117,1,2850.75
4349,12306,113,1,5396.6
4350,12306,156,1,1231.36
4351,12307,130,1,33499.88
4352,12308,102,1,78709.55
4353,12308,157,1,10756.16
4354,12308,182,1,1715.45
4355,12308,121,2,10726.43
4356,12309,117,1,2565.68
4357,12309,162,1,9869.72
4358,12310,169,1,3014.38
4359,12311,103,2,69585.1
4360,12312,184,1,997.46
4361,12312,101,1,81575.18
4362,12312,108,1,34595.22
4363,12313,167,1,3231.27
4364,12314,188,1,4616.54
4365,12314,194,1,6457.01
4366,12314,102,1,78709.55
4367,12314,214,3,2141.89
4368,12315,140,1,7850.48
4369,12315,171,1,3389.87
4370,12316,132,4,16685.19
4371,12316,128,1,32451.24
4372,12316,192,1,2259.4
4373,12316,191,1,4621.67
4374,12317,206,1,3209.73
4375,12317,101,2,81575.18
4376,12317,121,1,10190.11
4377,12317,182,1,1906.06
4378,12318,191,1,4135.18
4379,12318,119,1,3965.73
4380,12318,210,1,1020.2
4381,12319,185,1,4890.27
4382,12320,110,4,2702.88
4383,12320,144,1,12915.75
4384,12321,164,1,9554.0
4385,12322,199,2,6441.87
4386,12323,107,1,49922.83
4387,12324,103,1,78283.24
4388,12325,151,1,1390.83
4389,12325,169,2,3014.38
4390,12325,125,1,31992.83
4391,12326,158,1,9241.71
4392,12326,176,3,9614.76
4393,12327,153,1,789.83
4394,12328,150,1,1863.8
4395,12329,117,1,2708.21
4396,12330,175,1,5134.73
4397,12331,101,1,81575.18
4398,12332,124,3,10080.04
4399,12333,110,3,2845.14
4400,12333,105,1,49176.91
4401,12333,101,2,81575.18
4402,12334,219,1,3083.6
4403,12334,130,2,35263.03
4404,12335,172,1,1068.75
4405,12336,148,2,25939.61
4406,12336,105,1,49176.91
4407,12337,122,1,10701.36
4408,12337,111,1,10914.12
4409,12337,217,1,2203.01
4410,12337,171,2,3211.45
4411,12338,188,1,5159.66
4412,12339,184,1,1184.49
4413,12339,124,1,11200.05
4414,12339,113,2,5680.63
4415,12339,114,1,3181.43
4416,12340,177,1,1545.08
4417,12341,136,1,7396.68
4418,12341,139,1,17263.53
4419,12342,185,2,6112.84
4420,12342,188,1,5431.22
4421,12342,164,1,9554.0
4422,12342,111,4,9822.71
4423,12342,149,1,783.54
4424,12343,154,2,1637.43
4425,12344,130,1,31736.73
4426,12344,140,1,6978.21
4427,12345,175,1,4877.99
4428,12345,183,1,1118.7
4429,12345,119,1,3965.73
4430,12346,104,2,77795.02
4431,12346,115,3,3314.34
4432,12346,124,2,11200.05
4433,12347,135,1,20409.16
4434,12348,111,2,10914.12
4435,12349,190,2,4566.54
4436,12349,113,1,5396.6
4437,12349,136,2,7007.38
4438,12349,153,2,748.26
4439,12349,180,1,1871.02
4440,12350,109,1,3436.63
4441,12350,108,1,34595.22
4442,12350,143,1,5167.76
4443,12350,172,2,1194.48
4444,12351,160,1,4212.93
4445,12351,145,1,42869.36
4446,12352,150,3,1863.8
4447,12352,194,1,6134.16
4448,12352,187,2,3646.21
4449,12353,128,2,32451.24
4450,12353,181,1,1603.01
4451,12354,147,2,41373.68
4452,12354,172,1,1131.62
4453,12355,119,3,3767.44
4454,12355,107,1,52550.35
4455,12355,116,1,1084.1
4456,12356,150,1,1677.42
4457,12356,108,1,29405.94
4458,12357,112,1,7539.04
4459,12358,160,1,4212.93
4460,12359,200,1,5129.71
4461,12360,108,1,31135.7
4462,12360,127,1,30553.84
4463,12360,115,1,3314.34
4464,12360,109,1,3436.63
4465,12361,133,2,17350.49
4466,12362,180,2,2338.77
4467,12363,218,1,6663.53
4468,12364,127,4,35945.7
4469,12364,117,1,2708.21
4470,12365,118,1,2537.73
4471,12366,102,1,78709.55
4472,12367,168,1,11952.32
4473,12368,115,1,2982.91
4474,12368,118,2,2410.84
4475,12369,176,1,9614.76
4476,12370,128,1,32451.24
4477,12370,167,2,3801.49
4478,12371,108,1,34595.22
4479,12371,112,4,7539.04
4480,12372,184,1,1246.83
4481,12372,152,1,2831.05
4482,12373,180,1,2338.77
4483,12374,146,1,58651.59
4484,12375,137,1,10399.57
4485,12376,171,1,3568.28
4486,12376,166,1,8015.69
4487,12377,106,1,65296.5
4488,12378,192,1,2510.45
4489,12379,179,1,1417.93
4490,12379,132,1,17563.36
4491,12380,109,2,3436.63
4492,12381,215,1,3133.27
4493,12382,210,1,918.18
4494,12383,102,1,78709.55
4495,12383,169,2,2863.66
4496,12383,220,2,8485.96
4497,12384,115,1,3314.34
4498,12385,128,1,27583.55
4499,12386,149,1,783.54
4500,12386,133,1,19519.3
4501,12387,167,2,3611.42
4502,12388,143,1,5167.76
4503,12389,108,1,34595.22
4504,12389,113,1,5680.63
4505,12390,170,2,2445.8
4506,12391,182,1,1906.06
4507,12392,123,4,12491.16
4508,12392,151,3,1545.37
4509,12393,131,1,17831.08
4510,12393,175,2,4877.99
4511,12394,117,1,2423.14
4512,12395,147,1,41373.68
4513,12396,160,4,3791.64
4514,12397,150,1,1863.8
4515,12398,123,1,11866.6
4516,12399,115,4,3314.34
4517,12399,125,3,37638.62
4518,12399,122,1,12589.84
4519,12399,116,2,1204.55
4520,12400,128,1,29206.12
4521,12400,117,1,2708.21
4522,12400,155,1,1743.47
4523,12400,109,1,3264.8
4524,12401,136,1,7785.98
4525,12401,175,2,4621.26
4526,12401,108,1,34595.22
4527,12402,184,1,1184.49
4528,12402,172,2,1257.35
4529,12403,121,3,9117.47
4530,12403,115,1,3314.34
4531,12404,117,1,2708.21
4532,12404,112,1,8425.99
4533,12405,188,3,4888.1
4534,12406,117,3,2850.75
4535,12406,171,1,3568.28
4536,12407,127,3,35945.7
4537,12408,206,2,3566.37
4538,12408,132,3,17563.36
4539,12409,112,1,7095.57
4540,12409,130,1,31736.73
4541,12409,121,1,9653.79
4542,12409,129,1,29422.66
4543,12410,113,1,5112.57
4544,12411,175,1,4364.52
4545,12411,105,1,49176.91
4546,12412,121,1,8581.14
4547,12412,160,2,3791.64
4548,12413,118,2,2410.84
4549,12414,130,1,31736.73
4550,12414,107,1,52550.35
4551,12414,122,1,10701.36
4552,12415,138,2,15338.04
4553,12415,121,2,9653.79
4554,12416,218,1,8329.41
4555,12416,171,1,3568.28
4556,12416,103,1,86981.38
4557,12417,189,3,2520.34
4558,12417,171,1,3568.28
4559,12418,146,1,55564.67
4560,12418,103,2,82632.31
4561,12419,127,1,28756.56
4562,12420,105,1,41800.37
4563,12420,111,2,10914.12
4564,12420,150,1,1677.42
4565,12421,158,1,9728.12
4566,12422,130,1,33499.88
4567,12422,116,2,1204.55
4568,12423,113,2,5112.57
4569,12423,123,1,12491.16
4570,12424,182,1,1906.06
4571,12425,130,2,35263.03
4572,12426,106,1,65296.5
4573,12426,131,1,16892.6
4574,12427,128,1,30828.68
4575,12427,108,2,27676.18
4576,12428,124,1,10640.05
4577,12428,165,1,11027.91
4578,12429,128,1,29206.12
4579,12430,218,1,7496.47
4580,12430,106,1,65296.5
4581,12430,134,1,11170.81
4582,12431,127,1,32351.13
4583,12431,186,1,5607.04
4584,12431,103,2,82632.31
4585,12432,109,1,3436.63
4586,12432,124,2,11200.05
4587,12432,121,1,10726.43
4588,12432,187,1,3646.21
4589,12432,117,1,2423.14
4590,12433,107,1,42040.28
4591,12434,179,2,1417.93
4592,12435,163,1,12214.44
4593,12436,118,1,2410.84
4594,12436,164,1,9554.0
4595,12436,109,1,3436.63
4596,12437,142,1,12851.6
4597,12437,171,1,3389.87
4598,12437,112,2,8869.46
4599,12438,101,1,73417.66
4600,12438,103,1,86981.38
4601,12439,144,1,13675.5
4602,12439,106,1,58766.85
4603,12440,172,2,1257.35
4604,12441,127,1,35945.7
4605,12442,103,2,78283.24
4606,12442,114,1,3579.11
4607,12443,105,1,49176.91
4608,12443,128,2,25960.99
4609,12443,169,2,2411.5
4610,12443,161,1,7917.99
4611,12444,193,2,7008.71
4612,12444,111,1,10368.41
4613,12445,103,4,78283.24
4614,12446,220,1,8485.96
4615,12446,126,1,17826.16
4616,12446,117,1,2850.75
4617,12447,106,2,65296.5
4618,12448,107,2,52550.35
4619,12449,142,2,10923.86
4620,12450,168,1,11952.32
4621,12451,116,3,1204.55
4622,12451,177,1,1545.08
4623,12452,195,1,3308.0
4624,12452,188,2,5431.22
4625,12453,101,1,73417.66
4626,12453,149,2,783.54
4627,12453,106,1,55502.02
4628,12453,127,2,35945.7
4629,12454,213,1,2418.34
4630,12454,157,1,10756.16
4631,12454,119,3,3767.44
4632,12455,169,1,3014.38
4633,12456,101,3,77496.42
4634,12457,118,1,2030.18
4635,12457,171,1,3211.45
4636,12457,148,1,28821.79
4637,12458,173,1,6668.64
4638,12458,143,1,5167.76
4639,12458,190,1,4806.88
4640,12459,108,1,34595.22
4641,12459,107,1,49922.83
4642,12459,103,2,69585.1
4643,12459,122,1,12589.84
4644,12460,175,1,5134.73
4645,12461,172,1,1194.48
4646,12462,156,2,1046.66
4647,12463,150,1,1863.8
4648,12463,162,2,9869.72
4649,12464,218,1,8329.41
4650,12464,216,1,4670.15
4651,12465,220,1,8485.96
4652,12466,117,1,2850.75
4653,12466,206,1,3209.73
4654,12467,187,1,3646.21
4655,12468,107,1,42040.28
4656,12469,115,1,3148.62
4657,12470,172,1,1194.48
4658,12470,101,1,81575.18
4659,12471,123,1,12491.16
4660,12471,116,1,1023.87
4661,12471,121,1,10726.43
4662,12472,171,2,3568.28
4663,12472,125,1,37638.62
4664,12472,153,4,831.4
4665,12473,132,2,17563.36
4666,12474,162,1,8830.8
4667,12474,158,2,8268.9
4668,12474,183,2,1056.55
4669,12475,122,1,12589.84
4670,12476,109,2,2921.14
4671,12476,104,2,73700.55
4672,12477,188,4,5431.22
4673,12477,135,2,19388.7
4674,12478,169,2,3014.38
4675,12478,182,1,1906.06
4676,12479,118,2,2410.84
4677,12480,133,1,19519.3
4678,12480,146,2,61738.52
4679,12481,115,2,2982.91
4680,12482,116,1,1204.55
4681,12482,112,1,8869.46
4682,12483,124,1,10080.04
4683,12483,130,1,35263.03
4684,12484,196,2,2361.19
4685,12484,121,1,10726.43
4686,12484,102,2,78709.55
4687,12485,115,3,3314.34
4688,12485,184,1,1059.81
4689,12485,105,1,49176.91
4690,12485,118,1,2410.84
4691,12486,187,1,3646.21
4692,12486,143,2,4895.78
4693,12487,210,1,1020.2
4694,12487,120,1,1136.5
4695,12487,141,1,14950.35
4696,12488,172,1,1194.48
4697,12488,110,2,2702.88
4698,12489,124,1,11200.05
4699,12489,211,2,1545.11
4700,12489,186,1,5326.69
4701,12489,151,2,1545.37
4702,12490,107,1,52550.35
4703,12491,124,4,11200.05
4704,12491,102,3,78709.55
4705,12491,132,1,15807.02
4706,12492,173,1,6317.66
4707,12492,185,1,5195.91
4708,12493,104,1,65511.6
4709,12494,116,1,1084.1
4710,12495,116,1,1204.55
4711,12496,127,1,35945.7
4712,12497,124,2,11200.05
4713,12498,111,2,10914.12
4714,12498,105,1,41800.37
4715,12499,172,1,1005.88
4716,12499,163,2,13571.6
4717,12500,128,1,32451.24
4718,12500,163,1,13571.6
4719,12500,111,1,9822.71
4720,12501,111,2,10368.41
4721,12501,188,2,4888.1
4722,12501,126,1,18764.38
4723,12502,177,4,1545.08
4724,12502,126,2,18764.38
4725,12502,112,3,7982.51
4726,12502,175,1,5134.73
4727,12503,152,2,2689.5
4728,12503,196,3,2638.98
4729,12504,182,1,1810.76
4730,12504,196,1,2638.98
4731,12504,105,2,49176.91
4732,12505,114,1,3976.79
4733,12505,117,1,2708.21
4734,12506,109,2,3092.97
4735,12507,123,3,12491.16
4736,12508,152,3,2831.05
4737,12508,176,1,8653.28
4738,12509,188,1,5431.22
4739,12509,161,1,8849.52
4740,12509,184,2,1184.49
4741,12509,106,1,65296.5
4742,12510,131,1,17831.08
4743,12510,159,1,7310.41
4744,12511,127,1,32351.13
4745,12512,193,1,6307.84
4746,12512,157,1,11322.27
4747,12513,109,2,3092.97
4748,12513,112,2,8869.46
4749,12514,168,1,11952.32
4750,12514,181,1,1603.01
4751,12514,167,1,3421.34
4752,12515,147,1,41373.68
4753,12515,125,2,37638.62
4754,12516,220,1,8039.33
4755,12517,153,1,831.4
4756,12517,177,1,1390.57
4757,12517,214,2,2141.89
4758,12517,184,1,1184.49
4759,12518,101,2,81575.18
4760,12519,182,1,1620.15
4761,12520,203,1,1043.64
4762,12521,188,1,4344.98
4763,12521,129,1,33100.5
4764,12522,129,1,36778.33
4765,12523,121,1,10190.11
4766,12524,151,3,1545.37
4767,12524,120,1,1270.21
4768,12525,101,2,77496.42
4769,12525,119,1,3370.87
4770,12526,155,1,1743.47
4771,12527,156,1,1169.79
4772,12528,177,1,1236.06
4773,12528,123,4,12491.16
4774,12528,110,1,2418.37
4775,12528,131,2,17831.08
4776,12529,130,2,35263.03
4777,12530,102,1,78709.55
4778,12530,197,1,4020.29
4779,12530,136,1,7785.98
4780,12531,136,1,7396.68
4781,12532,151,1,1545.37
4782,12533,110,1,2702.88
4783,12534,177,1,1467.83
4784,12535,171,1,3211.45
4785,12536,173,1,5966.68
4786,12536,183,2,1180.85
4787,12536,123,1,10617.49
4788,12537,111,1,10914.12
4789,12538,178,1,797.5
4790,12539,179,2,1347.03
4791,12539,217,1,2092.86
4792,12539,141,1,14163.49
4793,12539,149,1,742.3
4794,12540,132,2,17563.36
4795,12540,109,4,3092.97
4796,12541,211,1,1545.11
4797,12541,154,1,1723.61
4798,12542,174,1,5591.26
4799,12543,143,1,5439.75
4800,12544,123,1,11866.6
4801,12544,104,2,65511.6
4802,12545,129,1,34939.41
4803,12545,120,1,1203.35
4804,12546,122,1,11330.86
4805,12547,154,1,1637.43
4806,12548,112,1,8869.46
4807,12549,180,1,2338.77
4808,12550,164,1,8598.6
4809,12550,120,1,1270.21
4810,12551,102,4,78709.55
4811,12552,213,2,2297.42
4812,12553,167,1,3801.49
4813,12553,173,1,7019.62
4814,12554,155,1,1743.47
4815,12555,150,2,1491.04
4816,12555,185,1,5501.56
4817,12556,182,1,1620.15
4818,12556,168,2,10757.09
4819,12556,136,1,7785.98
4820,12557,182,2,1906.06
4821,12558,106,1,58766.85
4822,12558,128,2,32451.24
4823,12559,159,4,6540.89
4824,12559,122,1,11960.35
4825,12560,138,1,15338.04
4826,12561,152,2,2547.95
4827,12561,217,1,2203.01
4828,12561,102,2,74774.07
4829,12562,192,1,2384.93
4830,12563,154,1,1551.25
4831,12563,118,1,2283.96
4832,12564,181,1,1424.9
4833,12565,126,1,17826.16
4834,12566,170,2,2445.8
4835,12567,186,1,5607.04
4836,12568,129,1,33100.5
4837,12569,176,1,9614.76
4838,12569,121,3,10190.11
4839,12570,119,1,3965.73
4840,12571,123,1,11242.04
4841,12571,210,1,1020.2
4842,12572,178,1,938.23
4843,12572,157,1,10190.04
4844,12572,165,1,9925.12
4845,12572,218,1,7080.0
4846,12573,159,3,7310.41
4847,12573,103,1,73934.17
4848,12574,115,1,3314.34
4849,12574,200,1,5129.71
4850,12574,170,1,2201.22
4851,12574,102,2,74774.07
4852,12575,179,1,1134.34
4853,12575,115,1,3148.62
4854,12575,177,2,1390.57
4855,12575,207,2,4156.45
4856,12576,166,1,8015.69
4857,12576,134,1,13265.33
4858,12577,164,1,9076.3
4859,12578,102,1,78709.55
4860,12579,114,3,3976.79
4861,12580,170,4,2323.51
4862,12580,112,1,8425.99
4863,12580,132,1,15807.02
4864,12581,106,1,55502.02
4865,12581,121,1,9653.79
4866,12581,120,1,1136.5
4867,12581,219,1,2921.3
4868,12582,165,1,11027.91
4869,12583,145,1,50434.54
4870,12584,123,1,12491.16
4871,12584,130,1,31736.73
4872,12585,161,1,7452.22
4873,12586,181,1,1781.12
4874,12587,127,1,35945.7
4875,12588,124,1,10080.04
4876,12588,128,1,32451.24
4877,12588,173,1,7019.62
4878,12588,177,1,1545.08
4879,12589,150,2,1770.61
4880,12590,185,2,6112.84
4881,12590,186,1,5326.69
4882,12591,109,1,2749.3
4883,12592,128,1,29206.12
4884,12593,107,3,47295.32
4885,12594,208,1,1947.38
4886,12594,127,1,35945.7
4887,12595,129,1,34939.41
4888,12596,155,1,1656.3
4889,12596,107,1,52550.35
4890,12597,176,1,9614.76
4891,12597,105,2,49176.91
4892,12598,189,1,2394.32
4893,12599,216,2,5219.58
4894,12600,105,1,49176.91
4895,12601,152,1,2689.5
4896,12601,182,2,1810.76
4897,12602,109,1,3436.63
4898,12602,170,1,2323.51
4899,12602,204,1,995.2
4900,12603,181,1,1692.06
4901,12603,192,2,2510.45
4902,12604,155,1,1743.47
4903,12604,125,1,35756.69
4904,12605,128,1,32451.24
4905,12605,119,1,3965.73
4906,12605,131,1,18769.56
4907,12606,116,1,1204.55
4908,12606,108,1,32865.46
4909,12606,206,1,3566.37
4910,12607,199,1,6780.92
4911,12608,109,1,2921.14
4912,12609,218,1,8329.41
4913,12610,151,1,1390.83
4914,12611,127,1,34148.41
4915,12611,170,1,2445.8
4916,12612,110,1,2845.14
4917,12612,202,2,699.47
4918,12612,188,1,4616.54
4919,12613,132,1,17563.36
4920,12613,177,2,1545.08
4921,12613,130,1,29973.58
4922,12613,148,1,28821.79
4923,12614,117,1,2708.21
4924,12614,183,1,1243.0
4925,12615,104,1,77795.02
4926,12616,106,1,58766.85
4927,12617,107,2,52550.35
4928,12617,187,1,3463.9
4929,12618,137,2,11699.51
4930,12618,209,2,1831.36
4931,12618,114,1,3777.95
4932,12618,123,1,11866.6
4933,12619,155,1,1743.47
4934,12620,198,1,5797.42
4935,12621,118,1,2537.73
4936,12622,177,2,1545.08
4937,12623,154,1,1723.61
4938,12623,167,1,3801.49
4939,12624,127,2,34148.41
4940,12625,181,2,1781.12
4941,12626,154,1,1551.25
4942,12627,127,1,35945.7
4943,12627,112,1,8869.46
4944,12627,102,1,74774.07
4945,12628,156,1,1231.36
4946,12629,166,1,8461.0
4947,12629,174,2,5002.71
4948,12629,109,2,3436.63
4949,12630,189,1,2520.34
4950,12630,104,1,69606.08
4951,12630,128,2,27583.55
4952,12631,128,1,32451.24
4953,12631,161,1,9315.28
4954,12632,102,3,78709.55
4955,12633,206,1,3566.37
4956,12634,106,2,65296.5
4957,12634,107,1,49922.83
4958,12635,139,1,17263.53
4959,12636,116,1,1144.32
4960,12636,160,1,4212.93
4961,12637,157,3,10756.16
4962,12637,209,2,1831.36
4963,12637,119,1,3370.87
4964,12638,153,1,789.83
4965,12638,130,3,31736.73
4966,12639,158,1,9728.12
4967,12639,123,1,11242.04
4968,12640,118,1,2410.84
4969,12640,107,1,52550.35
4970,12640,123,2,12491.16
4971,12641,156,1,1231.36
4972,12641,123,1,11242.04
4973,12641,179,1,1417.93
4974,12642,111,2,9822.71
4975,12643,120,1,1203.35
4976,12643,201,1,1009.33
4977,12644,123,1,11242.04
4978,12644,169,1,2712.94
4979,12644,160,4,3370.34
4980,12645,142,1,12851.6
4981,12645,162,1,10389.18
4982,12645,169,2,2863.66
4983,12646,127,2,30553.84
4984,12647,175,1,4877.99
4985,12648,115,1,3314.34
4986,12648,141,1,14950.35
4987,12648,122,1,11960.35
4988,12649,191,4,4864.92
4989,12649,156,1,1231.36
4990,12650,126,1,18764.38
4991,12650,154,2,1465.07
4992,12651,197,1,3618.26
4993,12652,110,2,2560.63
4994,12652,129,3,36778.33
4995,12652,123,1,12491.16
4996,12652,126,2,18764.38
4997,12653,132,1,16685.19
4998,12653,156,1,1231.36
4999,12653,124,2,11200.05
5000,12653,183,2,1180.85
5001,12653,147,1,39305.0
5002,12654,166,1,7570.37
5003,12654,180,1,1987.95
5004,12655,102,1,78709.55
5005,12656,107,1,52550.35
5006,12656,104,1,81889.5
5007,12656,103,1,78283.24
5008,12656,115,2,2982.91
5009,12656,150,3,1584.23
5010,12657,128,1,32451.24
5011,12657,195,1,2646.4
5012,12658,119,1,3370.87
5013,12658,207,2,4375.21
5014,12658,215,1,3133.27
5015,12659,194,1,5488.46
5016,12659,135,3,20409.16
5017,12660,106,2,65296.5
5018,12660,123,1,10617.49
5019,12660,173,1,7019.62
5020,12660,175,2,4877.99
5021,12661,111,2,8731.3
5022,12662,146,1,55564.67
5023,12663,167,1,3611.42
5024,12664,132,1,16685.19
5025,12664,183,1,1180.85
5026,12664,125,2,35756.69
5027,12665,138,2,15338.04
5028,12665,115,1,3314.34
5029,12665,109,1,3264.8
5030,12666,139,1,15537.18
5031,12667,164,2,9554.0
5032,12667,132,1,14928.86
5033,12667,115,3,2817.19
5034,12668,185,1,5807.2
5035,12668,166,1,7125.06
5036,12668,120,1,1337.06
5037,12668,207,1,3500.17
5038,12668,186,1,5607.04
5039,12669,107,1,49922.83
5040,12669,105,1,46718.06
5041,12670,204,1,995.2
5042,12671,107,1,52550.35
5043,12672,118,3,2537.73
5044,12672,129,2,36778.33
5045,12673,131,1,15954.13
5046,12674,152,1,2831.05
5047,12675,131,2,18769.56
5048,12675,168,1,11952.32
5049,12676,101,3,81575.18
5050,12677,101,1,81575.18
5051,12678,105,1,44259.22
5052,12679,128,2,32451.24
5053,12679,182,2,1620.15
5054,12679,102,2,70838.6
5055,12680,118,1,2537.73
5056,12680,158,1,8755.31
5057,12681,155,1,1743.47
5058,12682,210,2,1020.2
5059,12683,109,1,3436.63
5060,12684,209,1,2046.81
5061,12684,179,1,1276.14
5062,12684,124,2,10080.04
5063,12684,110,1,2560.63
5064,12685,163,1,13571.6
5065,12686,113,4,5680.63
5066,12687,111,1,10914.12
5067,12687,114,2,3976.79
5068,12687,147,1,41373.68
5069,12687,124,1,10080.04
5070,12688,119,1,3370.87
5071,12689,177,1,1467.83
5072,12690,153,1,706.69
5073,12690,181,2,1781.12
5074,12690,138,1,14571.14
5075,12690,117,1,2850.75
5076,12691,173,2,6317.66
5077,12692,121,1,10726.43
5078,12692,184,1,1059.81
5079,12692,161,2,8383.75
5080,12692,208,1,1752.64
5081,12693,172,1,1194.48
5082,12693,163,3,12893.02
5083,12693,104,1,65511.6
5084,12694,119,1,3965.73
5085,12695,188,1,5431.22
5086,12696,106,1,65296.5
5087,12697,150,1,1863.8
5088,12697,104,1,69606.08
5089,12697,120,1,1337.06
5090,12698,122,3,10701.36
5091,12698,106,1,62031.68
5092,12698,112,1,7982.51
5093,12699,104,2,81889.5
5094,12700,181,2,1603.01
5095,12701,133,1,20603.7
5096,12701,109,1,3436.63
5097,12701,105,1,49176.91
5098,12701,122,1,12589.84
5099,12702,218,1,7912.94
5100,12703,155,1,1656.3
5101,12703,102,1,78709.55
5102,12704,109,2,3436.63
5103,12705,156,1,1169.79
5104,12706,131,2,18769.56
5105,12707,208,1,1947.38
5106,12708,102,1,78709.55
5107,12709,124,1,10080.04
5108,12710,128,2,32451.24
5109,12710,216,2,4670.15
5110,12710,163,1,12214.44
5111,12711,121,1,10726.43
5112,12711,132,1,16685.19
5113,12712,195,1,3308.0
5114,12712,144,2,14435.25
5115,12713,101,1,81575.18
5116,12713,133,2,20603.7
5117,12714,178,1,938.23
5118,12715,117,1,2850.75
5119,12715,181,1,1603.01
5120,12715,179,1,1417.93
5121,12715,111,1,10368.41
5122,12716,173,2,7019.62
5123,12716,165,1,11027.91
5124,12717,130,1,35263.03
5125,12717,209,1,2154.54
5126,12717,174,2,5296.99
5127,12717,168,2,11952.32
5128,12718,163,1,11535.86
5129,12719,110,1,2702.88
5130,12719,153,1,831.4
5131,12719,165,2,11027.91
5132,12720,141,1,15737.21
5133,12720,202,1,822.91
5134,12720,220,1,8485.96
5135,12721,118,2,2537.73
5136,12721,128,1,27583.55
5137,12721,146,1,55564.67
5138,12722,126,2,18764.38
5139,12722,131,1,17831.08
5140,12723,149,3,701.06
5141,12724,120,1,1136.5
5142,12725,130,2,33499.88
5143,12726,129,1,33100.5
5144,12727,108,2,29405.94
5145,12727,121,1,10726.43
5146,12728,145,1,40347.63
5147,12728,111,1,10914.12
5148,12729,115,1,2817.19
5149,12729,128,1,32451.24
5150,12729,141,2,15737.21
5151,12730,141,3,14950.35
5152,12731,151,3,1390.83
5153,12732,178,2,844.41
5154,12733,130,2,35263.03
5155,12733,158,1,9728.12
5156,12734,163,1,11535.86
5157,12734,130,1,33499.88
5158,12734,180,1,2338.77
5159,12735,128,2,30828.68
5160,12736,129,3,36778.33
5161,12736,116,1,1204.55
5162,12737,191,4,4864.92
5163,12738,121,1,10190.11
5164,12739,174,1,5296.99
5165,12739,166,2,8461.0
5166,12740,175,1,5134.73
5167,12740,152,2,2831.05
5168,12740,192,1,2384.93
5169,12740,153,1,748.26
5170,12741,117,1,2423.14
5171,12741,184,1,1184.49
5172,12742,126,1,17826.16
5173,12742,179,1,1347.03
5174,12743,112,1,8425.99
5175,12743,164,1,9076.3
5176,12744,182,1,1810.76
5177,12744,132,1,17563.36
5178,12745,148,1,28821.79
5179,12746,124,1,10640.05
5180,12747,125,1,35756.69
5181,12748,157,1,11322.27
5182,12748,144,1,15195.0
5183,12748,162,1,9869.72
5184,12749,201,2,849.96
5185,12750,183,2,1056.55
5186,12751,176,1,9614.76
5187,12751,104,2,81889.5
5188,12752,200,1,4844.73
5189,12753,103,4,73934.17
5190,12753,102,1,78709.55
5191,12753,142,1,11566.44
5192,12754,110,2,2702.88
5193,12755,176,1,9134.02
5194,12756,137,2,12349.49
5195,12756,159,1,7310.41
5196,12757,112,1,8869.46
5197,12757,123,1,11242.04
5198,12758,163,1,13571.6
5199,12759,112,1,8869.46
5200,12760,162,1,9350.26
5201,12761,113,1,4828.54
5202,12761,119,2,3965.73
5203,12762,209,1,2154.54
5204,12762,171,1,3211.45
5205,12763,141,2,15737.21
5206,12763,108,1,32865.46
5207,12763,201,1,1062.45
5208,12764,207,2,4375.21
5209,12765,163,1,12214.44
5210,12765,122,1,11960.35
5211,12765,186,1,5607.04
5212,12766,205,1,3006.35
5213,12766,153,2,831.4
5214,12767,177,3,1390.57
5215,12768,126,2,15949.72
5216,12769,138,3,15338.04
5217,12769,180,1,1987.95
5218,12769,104,1,81889.5
5219,12769,119,2,3569.16
5220,12769,125,1,31992.83
5221,12770,194,2,6457.01
5222,12771,109,1,3436.63
5223,12771,200,1,4844.73
5224,12771,107,3,49922.83
5225,12772,143,1,5439.75
5226,12773,130,1,29973.58
5227,12774,168,2,10159.47
5228,12774,121,3,10726.43
5229,12775,158,4,9728.12
5230,12775,120,1,1270.21
5231,12776,198,1,5797.42
5232,12777,106,2,62031.68
5233,12777,172,3,1194.48
5234,12778,198,1,5797.42
5235,12778,161,2,7452.22
5236,12779,123,2,12491.16
5237,12779,139,2,14674.0
5238,12780,109,1,3264.8
5239,12780,162,1,9869.72
5240,12781,181,2,1424.9
5241,12782,105,1,49176.91
5242,12783,152,1,2831.05
5243,12784,141,1,13376.63
5244,12785,117,1,2850.75
5245,12786,119,1,3370.87
5246,12786,168,2,11952.32
5247,12786,129,2,34939.41
5248,12787,162,3,10389.18
5249,12788,114,1,3976.79
5250,12788,126,1,16887.94
5251,12788,186,1,5607.04
5252,12789,198,1,5217.68
5253,12790,106,1,65296.5
5254,12790,150,2,1863.8
5255,12790,125,1,37638.62
5256,12791,131,2,18769.56
5257,12792,168,1,10757.09
5258,12793,178,1,891.32
5259,12794,114,2,3976.79
5260,12795,152,1,2689.5
5261,12796,136,3,7396.68
5262,12796,134,1,13963.51
5263,12797,102,1,78709.55
5264,12797,147,1,41373.68
5265,12797,126,1,16887.94
5266,12798,104,1,65511.6
5267,12799,105,1,49176.91
5268,12800,181,1,1603.01
5269,12801,191,1,4621.67
5270,12801,213,2,2418.34
5271,12802,210,1,1020.2
5272,12803,153,1,706.69
5273,12803,112,3,8869.46
5274,12803,102,2,78709.55
5275,12804,123,1,12491.16
5276,12804,139,1,17263.53
5277,12805,211,1,1626.43
5278,12805,181,1,1692.06
5279,12805,116,1,1084.1
5280,12805,130,1,35263.03
5281,12806,116,1,1084.1
5282,12806,118,1,2410.84
5283,12807,119,1,3767.44
5284,12808,168,1,10757.09
5285,12808,115,1,3314.34
5286,12809,171,1,3568.28
5287,12810,167,1,3421.34
5288,12810,126,1,18764.38
5289,12811,133,1,21688.11
5290,12811,172,1,1194.48
5291,12812,171,1,3211.45
5292,12813,169,1,3014.38
5293,12814,102,1,78709.55
5294,12815,185,1,6112.84
5295,12815,180,1,2338.77
5296,12815,136,1,7785.98
5297,12815,178,1,797.5
5298,12815,118,1,2410.84
5299,12816,119,2,3965.73
5300,12816,197,1,3216.23
5301,12817,128,3,29206.12
5302,12817,104,1,81889.5
5303,12817,155,1,1743.47
5304,12817,120,1,1270.21
5305,12818,173,1,7019.62
5306,12818,185,1,6112.84
5307,12819,140,1,8722.76
5308,12819,194,1,6457.01
5309,12820,127,1,28756.56
5310,12821,159,1,7695.17
5311,12822,126,1,17826.16
5312,12823,157,2,10190.04
5313,12823,183,1,994.4
5314,12824,167,2,3421.34
5315,12824,139,1,17263.53
5316,12824,117,1,2565.68
5317,12824,172,1,1194.48
5318,12825,123,1,12491.16
5319,12825,106,1,58766.85
5320,12825,180,2,2221.83
5321,12826,183,1,1243.0
5322,12826,148,1,27380.7
5323,12827,123,4,12491.16
5324,12828,124,1,9520.04
5325,12829,182,1,1810.76
5326,12829,184,1,1246.83
5327,12829,197,1,4020.29
5328,12830,126,1,16887.94
5329,12830,121,1,8581.14
5330,12831,133,2,20603.7
5331,12831,117,1,2708.21
5332,12831,162,1,8830.8
5333,12832,120,1,1203.35
5334,12832,115,1,3148.62
5335,12833,124,1,11200.05
5336,12833,202,1,822.91
5337,12834,154,1,1465.07
5338,12835,120,1,1337.06
5339,12835,121,1,10726.43
5340,12836,109,1,2921.14
5341,12837,136,1,7785.98
5342,12838,109,1,3436.63
5343,12838,102,1,78709.55
5344,12839,101,3,77496.42
5345,12840,161,1,8383.75
5346,12840,177,1,1545.08
5347,12841,185,1,6112.84
5348,12841,110,3,2702.88
5349,12841,144,1,15195.0
5350,12842,108,1,32865.46
5351,12843,142,1,12851.6
5352,12843,117,4,2565.68
5353,12843,103,2,86981.38
5354,12844,113,1,5680.63
5355,12844,151,1,1545.37
5356,12844,130,1,31736.73
5357,12845,175,1,4107.78
5358,12845,131,1,16892.6
5359,12845,104,1,77795.02
5360,12845,103,3,86981.38
5361,12846,185,1,6112.84
5362,12847,172,1,1068.75
5363,12848,157,1,10756.16
5364,12849,183,2,1243.0
5365,12849,160,1,4212.93
5366,12850,161,1,8383.75
5367,12851,125,2,31992.83
5368,12852,179,3,1417.93
5369,12852,164,3,9076.3
5370,12852,194,1,6457.01
5371,12852,167,2,3611.42
5372,12853,108,1,34595.22
5373,12853,128,1,32451.24
5374,12853,122,2,12589.84
5375,12853,139,1,16400.35
5376,12853,157,2,11322.27
5377,12854,164,3,9076.3
5378,12855,139,3,16400.35
5379,12856,126,3,16887.94
5380,12857,116,1,1204.55
5381,12857,147,2,41373.68
5382,12858,200,1,5129.71
5383,12859,197,1,4020.29
5384,12859,181,1,1513.95
5385,12860,177,1,1545.08
5386,12861,104,4,69606.08
5387,12862,167,2,3421.34
5388,12862,146,1,58651.59
5389,12863,214,2,2141.89
5390,12863,163,1,11535.86
5391,12864,126,2,18764.38
5392,12865,154,1,1465.07
5393,12866,136,1,7007.38
5394,12866,143,2,5439.75
5395,12866,169,2,2863.66
5396,12866,131,1,16892.6
5397,12867,118,2,2157.07
5398,12868,199,1,6780.92
5399,12869,116,1,1023.87
5400,12870,125,2,37638.62
5401,12871,129,2,36778.33
5402,12871,113,1,5680.63
5403,12872,163,1,12893.02
5404,12873,125,3,35756.69
5405,12873,201,1,1009.33
5406,12874,132,1,15807.02
5407,12875,207,1,3937.69
5408,12876,117,3,2850.75
5409,12876,201,2,1062.45
5410,12876,126,1,18764.38
5411,12876,209,1,2046.81
5412,12877,176,1,7691.81
5413,12878,105,1,41800.37
5414,12879,134,1,13265.33
5415,12879,118,1,2410.84
5416,12879,101,2,73417.66
5417,12880,151,1,1545.37
5418,12881,165,2,11027.91
5419,12881,174,2,5885.54
5420,12881,111,1,10914.12
5421,12882,134,3,13963.51
5422,12883,188,1,4344.98
5423,12883,157,1,10756.16
5424,12884,101,1,81575.18
5425,12884,166,3,7570.37
5426,12884,118,1,2537.73
5427,12885,152,2,2264.84
5428,12886,153,1,789.83
5429,12886,110,1,2560.63
5430,12887,103,1,69585.1
5431,12888,103,1,86981.38
5432,12888,186,1,5326.69
5433,12888,132,1,16685.19
5434,12889,117,2,2565.68
5435,12890,113,1,5680.63
5436,12891,132,2,17563.36
5437,12892,166,1,8015.69
5438,12892,109,1,3436.63
5439,12892,158,1,9728.12
5440,12893,122,1,10701.36
5441,12894,123,1,12491.16
5442,12895,117,1,2850.75
5443,12895,174,1,5591.26
5444,12896,101,1,81575.18
5445,12897,150,1,1584.23
5446,12898,164,4,9554.0
5447,12898,154,1,1723.61
5448,12899,107,1,42040.28
5449,12899,118,3,2283.96
5450,12900,185,2,5195.91
5451,12901,114,2,3976.79
5452,12901,107,1,49922.83
5453,12902,192,1,2510.45
5454,12903,121,1,10726.43
5455,12903,186,3,5607.04
5456,12903,130,1,29973.58
5457,12903,161,1,8849.52
5458,12903,116,1,1204.55
5459,12904,202,1,822.91
5460,12905,116,1,1023.87
5461,12905,170,1,2445.8
5462,12906,122,1,12589.84
5463,12906,128,1,29206.12
5464,12906,177,1,1313.32
5465,12907,178,1,938.23
5466,12908,115,1,3314.34
5467,12909,107,1,44667.8
5468,12909,213,3,2418.34
5469,12909,101,1,81575.18
5470,12910,170,1,2445.8
5471,12911,105,1,41800.37
5472,12912,165,2,10476.51
5473,12913,159,1,6540.89
5474,12913,131,3,16892.6
5475,12914,130,1,31736.73
5476,12915,138,1,13804.24
5477,12915,163,1,12214.44
5478,12916,108,1,29405.94
5479,12917,124,1,10640.05
5480,12917,176,1,9614.76
5481,12918,108,1,34595.22
5482,12919,124,1,8960.04
5483,12920,106,1,65296.5
5484,12920,181,2,1513.95
5485,12920,133,1,18434.89
5486,12920,174,1,5885.54
5487,12921,109,2,2749.3
5488,12922,160,1,4212.93
5489,12922,171,1,3389.87
5490,12923,117,1,2708.21
5491,12923,132,1,16685.19
5492,12923,172,2,1257.35
5493,12924,123,2,12491.16
5494,12924,113,1,5112.57
5495,12924,131,1,18769.56
5496,12925,180,3,2338.77
5497,12926,107,1,52550.35
5498,12926,163,2,13571.6
5499,12927,208,4,1947.38
5500,12928,147,3,37236.31
5501,12928,130,2,35263.03
5502,12929,133,1,21688.11
5503,12930,112,1,8869.46
5504,12931,131,1,18769.56
5505,12932,146,1,61738.52
5506,12932,176,1,9614.76
5507,12932,198,1,5217.68
5508,12933,219,2,3083.6
5509,12934,138,1,15338.04
5510,12935,126,1,17826.16
5511,12935,130,1,35263.03
5512,12935,182,2,1620.15
5513,12936,131,2,16892.6
5514,12936,136,1,7785.98
5515,12937,118,1,2537.73
5516,12937,158,3,9728.12
5517,12937,181,1,1692.06
5518,12937,120,2,1337.06
5519,12938,120,1,1203.35
5520,12939,171,2,3033.04
5521,12940,123,3,10617.49
5522,12940,129,1,31261.58
5523,12941,190,2,4806.88
5524,12941,163,3,13571.6
5525,12941,184,1,1122.15
5526,12942,188,1,5431.22
5527,12942,127,1,32351.13
5528,12943,131,1,16892.6
5529,12944,166,1,8906.32
5530,12945,133,1,19519.3
5531,12945,153,2,789.83
5532,12945,170,1,2445.8
5533,12946,212,1,1939.41
5534,12946,124,1,10080.04
5535,12946,108,3,27676.18
5536,12947,208,2,1947.38
5537,12948,166,3,8906.32
5538,12949,132,3,14050.69
5539,12950,122,2,11330.86
5540,12951,188,2,5159.66
5541,12951,115,3,2651.47
5542,12951,173,1,7019.62
5543,12951,104,1,69606.08
5544,12952,210,1,1020.2
5545,12952,155,1,1481.95
5546,12952,117,1,2423.14
5547,12953,121,1,10726.43
5548,12954,131,1,18769.56
5549,12954,119,1,3965.73
5550,12954,182,1,1620.15
5551,12954,220,1,8485.96
5552,12955,183,1,1243.0
5553,12955,112,1,8869.46
5554,12956,102,1,62967.64
5555,12956,128,1,27583.55
5556,12957,179,1,1417.93
5557,12958,173,1,7019.62
5558,12958,219,1,3245.89
5559,12958,175,2,4877.99
5560,12959,151,2,1236.3
5561,12959,140,1,7850.48
5562,12959,105,1,39341.53
5563,12959,110,1,2702.88
5564,12960,144,1,14435.25
5565,12961,106,1,55502.02
5566,12961,171,1,3568.28
5567,12962,110,1,2845.14
5568,12962,159,1,7695.17
5569,12963,219,3,2759.01
5570,12963,146,1,61738.52
5571,12963,116,1,1023.87
5572,12963,193,2,7008.71
5573,12964,158,2,8755.31
5574,12965,116,2,1084.1
5575,12965,118,1,2537.73
5576,12966,126,1,16887.94
5577,12966,148,2,28821.79
5578,12967,109,2,3436.63
5579,12967,182,1,1906.06
5580,12968,107,1,49922.83
5581,12968,163,2,13571.6
5582,12969,103,1,86981.38
5583,12969,108,1,34595.22
5584,12969,128,2,30828.68
5585,12970,205,1,2856.03
5586,12970,173,1,7019.62
5587,12971,121,2,10726.43
5588,12972,115,1,3148.62
5589,12973,122,1,11960.35
5590,12973,190,3,3845.5
5591,12974,205,1,3006.35
5592,12974,143,1,5167.76
5593,12975,187,1,3646.21
5594,12976,212,2,2047.16
5595,12977,179,1,1417.93
5596,12977,200,3,4559.74
5597,12977,126,2,17826.16
5598,12978,129,1,36778.33
5599,12978,120,4,1337.06
5600,12979,169,2,3014.38
5601,12979,120,1,1203.35
5602,12979,115,1,3314.34
5603,12979,219,2,2921.3
5604,12980,204,2,995.2
5605,12980,163,1,13571.6
5606,12981,212,3,1939.41
5607,12982,175,1,4877.99
5608,12982,146,1,61738.52
5609,12983,119,1,3965.73
5610,12984,128,2,30828.68
5611,12984,124,1,9520.04
5612,12985,184,1,1246.83
5613,12986,119,1,3965.73
5614,12986,110,2,2560.63
5615,12987,118,1,2157.07
5616,12987,161,1,7452.22
5617,12987,116,2,1084.1
5618,12988,174,2,5885.54
5619,12988,219,1,3245.89
5620,12989,190,1,4566.54
5621,12989,149,1,742.3
5622,12989,175,1,4621.26
5623,12989,193,1,7008.71
5624,12990,108,1,32865.46
5625,12991,109,1,3436.63
5626,12991,154,1,1551.25
5627,12992,110,4,2560.63
5628,12993,157,2,11322.27
5629,12993,183,1,1180.85
5630,12994,205,1,3006.35
5631,12995,108,1,31135.7
5632,12995,103,1,86981.38
5633,12995,164,1,8598.6
5634,12996,131,2,15954.13
5635,12997,129,1,31261.58
5636,12997,149,2,701.06
5637,12998,110,2,2418.37
5638,12998,171,1,3211.45
5639,12998,179,1,1347.03
5640,12999,210,2,1020.2
5641,12999,190,1,4326.19
5642,13000,116,2,1204.55
5643,13001,150,3,1677.42
5644,13002,172,1,1131.62
5645,13002,129,2,36778.33
5646,13002,205,1,2555.4
5647,13002,123,1,11242.04
5648,13003,125,1,37638.62
5649,13004,199,2,6102.83
5650,13004,134,1,13265.33
5651,13005,102,4,74774.07
5652,13005,127,1,35945.7
5653,13006,127,1,35945.7
5654,13007,154,1,1723.61
5655,13008,118,1,2410.84
5656,13009,122,2,11960.35
5657,13010,120,3,1069.65
5658,13011,112,1,8425.99
5659,13012,141,1,15737.21
5660,13013,201,1,1062.45
5661,13013,110,1,2418.37
5662,13014,151,1,1545.37
5663,13015,128,1,32451.24
5664,13015,106,1,58766.85
5665,13016,159,3,7695.17
5666,13017,150,1,1770.61
5667,13018,110,1,2560.63
5668,13019,183,2,1243.0
5669,13020,120,1,1203.35
5670,13021,117,1,2850.75
5671,13022,132,1,17563.36
5672,13022,121,1,10726.43
5673,13023,130,1,35263.03
5674,13023,113,1,5680.63
5675,13024,128,1,30828.68
5676,13025,132,1,17563.36
5677,13025,105,1,49176.91
5678,13026,187,1,3099.28
5679,13027,181,1,1781.12
5680,13027,185,1,6112.84
5681,13027,106,2,65296.5
5682,13028,162,1,10389.18
5683,13029,183,1,1180.85
5684,13030,199,1,6102.83
5685,13031,137,1,11049.54
5686,13031,108,1,34595.22
5687,13031,126,1,18764.38
5688,13031,184,1,1246.83
5689,13032,195,1,3142.6
5690,13033,170,1,2445.8
5691,13034,188,2,5431.22
5692,13034,160,1,3370.34
5693,13034,197,1,4020.29
5694,13034,148,1,28821.79
5695,13035,153,4,831.4
5696,13036,109,2,3436.63
5697,13036,102,1,78709.55
5698,13036,158,2,9728.12
5699,13037,188,1,4616.54
5700,13038,131,1,16892.6
5701,13038,150,1,1863.8
5702,13038,116,1,1144.32
5703,13038,218,1,8329.41
5704,13039,117,1,2850.75
5705,13040,142,2,12209.02
5706,13041,107,1,52550.35
5707,13041,180,1,2221.83
5708,13041,137,1,12349.49
5709,13041,140,2,8722.76
5710,13042,115,1,3314.34
5711,13043,102,1,78709.55
5712,13044,218,1,8329.41
5713,13044,113,1,5112.57
5714,13044,115,2,2651.47
5715,13044,134,1,11868.98
5716,13044,110,1,2702.88
5717,13045,204,1,945.44
5718,13045,169,2,2712.94
5719,13045,123,1,12491.16
5720,13046,198,1,5507.55
5721,13047,128,1,32451.24
5722,13047,177,1,1545.08
5723,13047,178,1,891.32
5724,13048,128,1,32451.24
5725,13049,149,2,824.78
5726,13049,110,3,2845.14
5727,13050,173,1,7019.62
5728,13051,110,1,2845.14
5729,13052,189,1,2142.29
5730,13052,177,1,1545.08
5731,13053,122,1,11960.35
5732,13053,117,1,2565.68
5733,13054,130,2,33499.88
5734,13054,101,1,73417.66
5735,13055,125,1,35756.69
5736,13056,120,1,1069.65
5737,13057,114,2,3976.79
5738,13058,145,1,47912.81
5739,13059,180,1,2338.77
5740,13060,174,1,5296.99
5741,13061,107,1,52550.35
5742,13061,120,1,1136.5
5743,13062,123,1,12491.16
5744,13062,173,1,7019.62
5745,13063,117,3,2708.21
5746,13064,115,1,2817.19
5747,13064,112,1,7539.04
5748,13064,188,1,5431.22
5749,13065,177,4,1390.57
5750,13065,104,1,81889.5
5751,13066,115,1,2982.91
5752,13067,129,3,36778.33
5753,13067,108,1,32865.46
5754,13068,216,1,5494.29
5755,13068,212,1,2154.9
5756,13068,194,1,6457.01
5757,13069,132,1,17563.36
5758,13070,162,1,10389.18
5759,13070,202,1,740.62
5760,13070,130,1,29973.58
5761,13071,110,1,2845.14
5762,13071,158,1,8755.31
5763,13072,119,1,3965.73
5764,13072,199,1,5763.78
5765,13073,163,2,13571.6
5766,13073,214,2,2141.89
5767,13074,122,1,12589.84
5768,13075,166,2,8906.32
5769,13076,154,1,1378.89
5770,13077,155,1,1743.47
5771,13077,218,1,8329.41
5772,13078,121,1,9117.47
5773,13079,143,1,4895.78
5774,13080,199,1,6780.92
5775,13080,103,1,73934.17
5776,13081,127,2,35945.7
5777,13081,179,1,1417.93
5778,13081,119,1,3965.73
5779,13081,101,2,81575.18
5780,13082,118,2,2157.07
5781,13082,138,3,15338.04
5782,13083,120,3,1203.35
5783,13083,101,1,73417.66
5784,13083,174,2,5002.71
5785,13083,112,1,7982.51
5786,13083,104,2,73700.55
5787,13084,145,4,50434.54
5788,13084,132,1,15807.02
5789,13085,142,1,12209.02
5790,13086,168,1,11354.7
5791,13086,115,4,3314.34
5792,13086,212,1,2154.9
5793,13086,121,1,9117.47
5794,13087,172,2,1131.62
5795,13087,116,1,1144.32
5796,13088,183,1,1180.85
5797,13088,130,4,29973.58
5798,13088,161,2,9315.28
5799,13088,176,4,9134.02
5800,13089,162,2,10389.18
5801,13090,196,1,2777.87
5802,13090,101,1,81575.18
5803,13090,190,2,4806.88
5804,13090,205,3,2405.08
5805,13091,137,1,12349.49
5806,13092,111,1,10914.12
5807,13093,119,1,3965.73
5808,13093,106,1,62031.68
5809,13093,156,1,1169.79
5810,13094,144,2,15195.0
5811,13095,177,3,1313.32
5812,13096,140,2,7850.48
5813,13096,141,1,15737.21
5814,13097,120,3,1337.06
5815,13098,190,1,4806.88
5816,13099,152,1,2689.5
5817,13100,149,1,742.3
5818,13101,130,1,35263.03
5819,13102,176,1,8653.28
5820,13103,180,4,2338.77
5821,13104,130,1,31736.73
5822,13104,188,1,5431.22
5823,13105,116,2,1204.55
5824,13106,121,1,9117.47
5825,13106,118,1,2283.96
5826,13107,165,3,10476.51
5827,13107,129,1,34939.41
5828,13108,116,1,1084.1
5829,13109,126,2,17826.16
5830,13110,177,1,1467.83
5831,13111,116,1,1204.55
5832,13111,108,1,27676.18
5833,13112,185,1,5501.56
5834,13113,119,1,3370.87
5835,13114,137,1,12349.49
5836,13115,171,1,3389.87
5837,13115,110,4,2845.14
5838,13116,129,1,33100.5
5839,13117,166,1,8461.0
5840,13118,188,1,4888.1
5841,13119,143,1,4623.79
5842,13119,123,1,12491.16
5843,13119,214,1,2379.88
5844,13120,106,4,58766.85
5845,13121,115,1,3314.34
5846,13122,136,1,7785.98
5847,13122,160,1,4212.93
5848,13122,152,1,2689.5
5849,13123,114,1,3579.11
5850,13123,129,2,31261.58
5851,13123,112,3,7982.51
5852,13124,115,1,2651.47
5853,13125,114,3,3976.79
5854,13126,176,2,8653.28
5855,13126,182,1,1906.06
5856,13127,182,1,1906.06
5857,13127,124,1,11200.05
5858,13128,110,1,2845.14
5859,13128,109,1,2921.14
5860,13128,114,2,3380.27
5861,13129,185,3,6112.84
5862,13129,175,1,5134.73
5863,13130,153,3,748.26
5864,13130,129,2,36778.33
5865,13130,138,1,13037.33
5866,13130,181,2,1603.01
5867,13131,103,1,82632.31
5868,13132,204,1,995.2
5869,13132,165,2,10476.51
5870,13133,148,1,28821.79
5871,13133,108,1,31135.7
5872,13134,212,1,2047.16
5873,13134,184,1,1246.83
5874,13135,139,1,16400.35
5875,13135,193,2,7008.71
5876,13135,211,1,1382.47
5877,13135,150,4,1863.8
5878,13135,107,2,52550.35
5879,13136,119,1,3965.73
5880,13136,209,1,1939.09
5881,13136,165,2,9925.12
5882,13137,175,1,4621.26
5883,13137,214,1,1903.9
5884,13137,173,1,7019.62
5885,13138,160,1,3370.34
5886,13139,120,1,1337.06
5887,13140,125,1,37638.62
5888,13141,175,1,5134.73
5889,13142,146,1,58651.59
5890,13143,103,1,86981.38
5891,13143,112,2,8869.46
5892,13143,130,1,33499.88
5893,13143,136,1,7007.38
5894,13143,200,1,5414.7
5895,13144,116,1,1023.87
5896,13144,107,1,52550.35
5897,13145,167,1,3231.27
5898,13145,220,1,7592.7
5899,13146,112,2,7982.51
5900,13147,152,1,2831.05
5901,13148,104,1,81889.5
5902,13149,203,1,939.28
5903,13150,111,1,10368.41
5904,13150,115,1,2817.19
5905,13150,149,1,742.3
5906,13151,125,1,37638.62
5907,13152,107,1,47295.32
5908,13152,119,2,3569.16
5909,13152,125,1,35756.69
5910,13153,160,1,3370.34
5911,13154,191,2,4378.43
5912,13154,124,1,10080.04
5913,13154,125,1,37638.62
5914,13154,183,2,1243.0
5915,13155,131,1,17831.08
5916,13155,152,1,2689.5
5917,13156,121,1,10726.43
5918,13156,187,1,3281.59
5919,13156,127,1,28756.56
5920,13157,190,1,4566.54
5921,13158,125,1,35756.69
5922,13159,167,1,3801.49
5923,13159,186,1,5046.34
5924,13160,156,1,1231.36
5925,13161,131,1,18769.56
5926,13161,134,1,12567.16
5927,13162,101,1,81575.18
5928,13162,162,2,9869.72
5929,13163,147,1,35167.63
5930,13164,120,2,1203.35
5931,13164,108,1,34595.22
5932,13165,168,1,11952.32
5933,13165,112,1,8869.46
5934,13166,178,1,797.5
5935,13166,135,1,18368.24
5936,13167,117,1,2850.75
5937,13167,114,2,3976.79
5938,13167,186,1,5326.69
5939,13168,124,1,10640.05
5940,13168,110,2,2702.88
5941,13169,104,1,77795.02
5942,13169,188,2,4888.1
5943,13170,166,2,8461.0
5944,13170,197,1,4020.29
5945,13171,120,1,1337.06
5946,13171,129,1,36778.33
5947,13172,128,3,29206.12
5948,13173,112,1,7982.51
5949,13174,115,1,3148.62
5950,13174,102,2,66903.12
5951,13175,177,4,1390.57
5952,13176,193,1,5606.97
5953,13176,123,1,11242.04
5954,13177,127,1,34148.41
5955,13177,143,1,5439.75
5956,13177,115,1,2982.91
5957,13178,150,1,1863.8
5958,13178,128,1,32451.24
5959,13178,220,1,8932.59
5960,13179,137,1,12349.49
5961,13180,113,1,5680.63
5962,13180,179,1,1276.14
5963,13181,137,1,12349.49
5964,13181,121,2,10190.11
5965,13182,103,1,78283.24
5966,13183,132,1,17563.36
5967,13184,150,2,1677.42
5968,13184,129,1,33100.5
5969,13185,176,1,9614.76
5970,13185,158,1,9728.12
5971,13186,125,1,33874.76
5972,13186,157,1,11322.27
5973,13186,135,1,18368.24
5974,13187,111,3,10914.12
5975,13187,121,1,10726.43
5976,13187,119,2,3370.87
5977,13188,109,1,3436.63
5978,13189,187,2,2916.97
5979,13190,120,1,1337.06
5980,13190,174,1,4708.43
5981,13191,109,2,3092.97
5982,13191,107,1,52550.35
5983,13192,153,1,789.83
5984,13192,200,1,5699.68
5985,13193,182,1,1906.06
5986,13194,185,2,6112.84
5987,13195,145,1,50434.54
5988,13196,109,1,3436.63
5989,13196,213,1,2418.34
5990,13196,102,2,78709.55
5991,13197,186,3,5326.69
5992,13198,109,3,3264.8
5993,13198,118,1,2537.73
5994,13198,122,1,12589.84
5995,13199,122,1,12589.84
5996,13200,165,2,11027.91
5997,13200,127,1,32351.13
5998,13201,129,3,36778.33
5999,13202,202,1,740.62
6000,13203,132,1,17563.36
6001,13204,200,1,5699.68
6002,13204,106,3,62031.68
6003,13204,177,1,1467.83
6004,13205,131,1,15954.13
6005,13206,115,1,3314.34
6006,13207,202,1,822.91
6007,13207,172,1,1131.62
6008,13207,158,1,9241.71
6009,13207,183,1,1180.85
6010,13208,122,1,12589.84
6011,13208,155,1,1743.47
6012,13208,177,2,1236.06
6013,13209,115,1,3314.34
6014,13209,161,1,7917.99
6015,13210,181,1,1781.12
6016,13210,130,2,28210.42
6017,13210,172,2,1131.62
6018,13211,159,1,7695.17
6019,13211,184,2,1059.81
6020,13212,175,1,4364.52
6021,13213,149,2,701.06
6022,13213,175,2,5134.73
6023,13214,180,3,2338.77
6024,13215,122,1,11330.86
6025,13216,115,2,3314.34
6026,13217,124,1,11200.05
6027,13217,161,1,7917.99
6028,13218,103,1,73934.17
6029,13218,178,1,891.32
6030,13219,147,1,41373.68
6031,13220,187,2,3463.9
6032,13221,165,3,11027.91
6033,13221,110,1,2702.88
6034,13222,187,2,3463.9
6035,13222,120,1,1337.06
6036,13223,121,1,9117.47
6037,13223,132,1,16685.19
6038,13223,133,1,21688.11
6039,13224,101,2,73417.66
6040,13224,109,1,3436.63
6041,13224,170,1,2445.8
6042,13224,118,1,2157.07
6043,13225,101,1,81575.18
6044,13225,186,1,5046.34
6045,13225,106,1,62031.68
6046,13226,105,2,44259.22
6047,13227,125,1,35756.69
6048,13228,165,1,10476.51
6049,13228,211,1,1545.11
6050,13229,156,1,1169.79
6051,13230,137,2,11049.54
6052,13231,165,1,11027.91
6053,13231,111,2,10914.12
6054,13232,179,1,1347.03
6055,13232,188,1,5431.22
6056,13232,172,1,1257.35
6057,13233,111,1,10914.12
6058,13233,169,1,2712.94
6059,13233,113,1,5112.57
6060,13233,213,1,2418.34
6061,13234,174,1,5002.71
6062,13235,155,1,1569.12
6063,13236,186,2,5326.69
6064,13237,148,2,28821.79
6065,13237,205,1,2405.08
6066,13238,207,1,4375.21
6067,13239,132,2,17563.36
6068,13240,196,1,2638.98
6069,13241,104,1,81889.5
6070,13241,106,1,62031.68
6071,13242,144,1,15195.0
6072,13242,126,1,15949.72
6073,13243,128,2,29206.12
6074,13244,113,1,4828.54
6075,13244,102,1,78709.55
6076,13244,122,1,10701.36
6077,13244,110,1,2418.37
6078,13245,219,1,2921.3
6079,13245,186,1,5607.04
6080,13246,127,1,35945.7
6081,13247,207,1,4375.21
6082,13247,150,1,1677.42
6083,13248,127,1,35945.7
6084,13248,145,2,45391.09
6085,13248,166,1,8906.32
6086,13249,118,1,2537.73
6087,13249,179,1,1205.24
6088,13250,187,2,3646.21
6089,13250,130,4,29973.58
6090,13250,180,3,1987.95
6091,13251,204,1,895.68
6092,13251,128,2,29206.12
6093,13251,175,2,5134.73
6094,13252,101,1,77496.42
6095,13252,110,1,2845.14
6096,13253,168,1,11952.32
6097,13254,118,1,2030.18
6098,13254,162,1,9350.26
6099,13255,106,1,58766.85
6100,13255,102,1,70838.6
6101,13256,118,2,2537.73
6102,13256,106,1,58766.85
6103,13257,132,1,14050.69
6104,13258,220,1,8932.59
6105,13259,122,1,11330.86
6106,13259,129,1,36778.33
6107,13259,106,1,55502.02
6108,13259,208,2,1752.64
6109,13260,116,1,1144.32
6110,13261,125,1,37638.62
6111,13261,217,2,2092.86
6112,13262,173,1,7019.62
6113,13263,117,1,2708.21
6114,13263,108,1,29405.94
6115,13264,120,2,1270.21
6116,13264,164,1,9554.0
6117,13265,116,1,963.64
6118,13265,102,2,74774.07
6119,13265,158,2,9241.71
6120,13266,159,2,6156.14
6121,13266,102,2,78709.55
6122,13266,206,1,3566.37
6123,13267,115,1,2982.91
6124,13268,145,1,45391.09
6125,13269,164,3,9554.0
6126,13269,104,1,81889.5
6127,13269,132,2,16685.19
6128,13269,174,1,5885.54
6129,13269,144,1,12156.0
6130,13270,111,1,10914.12
6131,13271,131,2,18769.56
6132,13271,164,2,8120.9
6133,13272,108,2,31135.7
6134,13273,130,1,35263.03
6135,13274,164,1,9076.3
6136,13274,187,1,3646.21
6137,13275,161,2,8849.52
6138,13275,182,1,1620.15
6139,13276,210,1,1020.2
6140,13277,177,2,1467.83
6141,13277,176,1,8172.55
6142,13277,106,1,65296.5
6143,13278,157,1,10190.04
6144,13278,189,2,2520.34
6145,13279,150,2,1770.61
6146,13280,156,1,1108.22
6147,13280,160,2,4002.28
6148,13280,102,1,74774.07
6149,13281,161,1,8849.52
6150,13282,173,1,7019.62
6151,13282,122,2,12589.84
6152,13283,216,1,5494.29
6153,13284,170,1,2445.8
6154,13284,136,1,7785.98
6155,13285,148,1,27380.7
6156,13286,121,1,10726.43
6157,13286,110,1,2560.63
6158,13287,158,1,9241.71
6159,13287,121,1,9117.47
6160,13288,136,1,7007.38
6161,13289,203,1,887.09
6162,13289,149,1,824.78
6163,13289,163,1,13571.6
6164,13289,106,1,65296.5
6165,13290,122,1,10701.36
6166,13291,156,1,1108.22
6167,13291,154,3,1723.61
6168,13292,162,1,8830.8
6169,13293,125,1,37638.62
6170,13293,128,2,32451.24
6171,13294,112,1,8869.46
6172,13294,171,1,3568.28
6173,13294,103,1,82632.31
6174,13294,129,2,36778.33
6175,13295,127,2,30553.84
6176,13296,188,1,5431.22
6177,13296,178,1,938.23
6178,13297,151,1,1390.83
6179,13297,152,1,2689.5
6180,13298,119,2,3370.87
6181,13298,127,1,35945.7
6182,13298,162,1,10389.18
6183,13298,187,1,3099.28
6184,13298,109,1,3436.63
6185,13299,156,1,1108.22
6186,13300,132,1,17563.36
6187,13300,217,1,2203.01
6188,13300,195,1,3308.0
6189,13301,109,1,3436.63
6190,13302,123,1,10617.49
6191,13302,201,1,1009.33
6192,13303,180,1,1871.02
6193,13304,116,1,1084.1
6194,13305,129,1,36778.33
6195,13305,172,1,1131.62
6196,13305,169,1,2562.22
6197,13305,149,2,701.06
6198,13306,117,1,2280.6
6199,13307,125,1,37638.62
6200,13308,107,1,42040.28
6201,13309,166,2,7570.37
6202,13309,130,3,35263.03
6203,13310,115,1,3148.62
6204,13310,127,1,32351.13
6205,13310,123,1,12491.16
6206,13311,139,1,17263.53
6207,13312,186,1,5607.04
6208,13312,109,1,3436.63
6209,13312,150,1,1584.23
6210,13312,126,4,15949.72
6211,13312,144,4,15195.0
6212,13313,119,2,3965.73
6213,13313,185,1,6112.84
6214,13314,215,2,3133.27
6215,13315,108,4,29405.94
6216,13316,165,1,9373.72
6217,13316,171,1,3568.28
6218,13317,153,1,748.26
6219,13318,174,1,5591.26
6220,13318,158,1,8268.9
6221,13318,138,2,15338.04
6222,13319,166,2,8461.0
6223,13319,213,1,2418.34
6224,13319,131,1,18769.56
6225,13320,169,1,2411.5
6226,13321,202,1,781.76
6227,13322,166,2,8015.69
6228,13322,112,4,7539.04
6229,13323,167,3,3421.34
6230,13323,205,2,3006.35
6231,13324,117,1,2850.75
6232,13324,148,2,25939.61
6233,13324,127,1,32351.13
6234,13325,127,4,35945.7
6235,13325,145,1,50434.54
6236,13325,142,1,12209.02
6237,13325,202,1,822.91
6238,13325,124,1,10080.04
6239,13326,169,1,3014.38
6240,13326,207,1,4156.45
6241,13326,151,2,1390.83
6242,13327,139,1,13810.82
6243,13328,131,4,15015.65
6244,13329,101,1,69338.9
6245,13330,201,1,1009.33
6246,13331,123,1,11242.04
6247,13331,124,1,10640.05
6248,13332,147,1,39305.0
6249,13332,202,1,740.62
6250,13333,188,1,5159.66
6251,13334,114,1,3976.79
6252,13334,103,2,73934.17
6253,13335,120,2,1337.06
6254,13336,117,1,2708.21
6255,13336,170,1,2445.8
6256,13336,128,1,32451.24
6257,13336,109,1,3264.8
6258,13336,163,1,10857.28
6259,13337,111,1,10914.12
6260,13337,119,1,3965.73
6261,13337,106,1,65296.5
6262,13338,119,1,3965.73
6263,13339,105,1,44259.22
6264,13340,144,1,14435.25
6265,13341,185,1,4890.27
6266,13341,104,2,81889.5
6267,13341,124,1,10080.04
6268,13342,145,1,42869.36
6269,13342,154,2,1637.43
6270,13343,160,1,4212.93
6271,13343,113,2,5680.63
6272,13344,131,1,18769.56
6273,13345,137,1,11699.51
6274,13345,150,1,1770.61
6275,13346,130,1,35263.03
6276,13347,106,1,62031.68
6277,13348,214,1,2022.9
6278,13349,113,2,5396.6
6279,13349,213,1,2418.34
6280,13350,105,1,44259.22
6281,13350,158,1,9241.71
6282,13350,113,2,5396.6
6283,13351,128,4,30828.68
6284,13351,110,1,2560.63
6285,13352,116,1,1144.32
6286,13352,186,1,5607.04
6287,13353,160,3,4212.93
6288,13353,173,1,5966.68
6289,13353,128,1,32451.24
6290,13354,212,1,2154.9
6291,13354,174,1,5591.26
6292,13354,132,1,15807.02
6293,13354,137,1,11049.54
6294,13354,117,1,2850.75
6295,13355,114,1,3976.79
6296,13355,126,2,17826.16
6297,13356,133,2,20603.7
6298,13357,172,1,1257.35
6299,13357,105,1,44259.22
6300,13357,108,1,34595.22
6301,13358,110,1,2702.88
6302,13358,169,1,2712.94
6303,13359,104,2,77795.02
6304,13359,196,1,2222.3
6305,13360,142,1,12851.6
6306,13360,160,1,3791.64
6307,13360,119,1,3569.16
6308,13361,126,1,18764.38
6309,13361,120,1,1203.35
6310,13362,171,2,3568.28
6311,13362,167,4,3611.42
6312,13363,163,4,13571.6
6313,13363,148,1,28821.79
6314,13364,167,1,3231.27
6315,13365,130,1,29973.58
6316,13365,122,1,12589.84
6317,13366,122,1,11330.86
6318,13367,135,1,19388.7
6319,13367,187,1,3646.21
6320,13368,149,1,783.54
6321,13369,125,1,35756.69
6322,13369,108,1,29405.94
6323,13370,124,1,10640.05
6324,13370,181,1,1781.12
6325,13370,142,1,12851.6
6326,13371,123,1,12491.16
6327,13372,121,2,10726.43
6328,13373,131,2,17831.08
6329,13374,114,1,3777.95
6330,13375,119,1,3965.73
6331,13376,126,3,16887.94
6332,13376,215,3,3133.27
6333,13377,122,1,12589.84
6334,13377,169,3,3014.38
6335,13378,162,1,10389.18
6336,13378,121,3,8581.14
6337,13379,183,1,1243.0
6338,13379,106,1,65296.5
6339,13380,160,1,4212.93
6340,13380,109,2,3436.63
6341,13381,175,1,5134.73
6342,13382,149,1,824.78
6343,13382,146,1,61738.52
6344,13383,124,2,10640.05
6345,13383,128,1,30828.68
6346,13383,118,1,2410.84
6347,13384,128,1,32451.24
6348,13385,112,1,7539.04
6349,13386,208,1,1752.64
6350,13386,123,1,11866.6
6351,13387,151,1,1236.3
6352,13387,173,3,7019.62
6353,13388,101,1,81575.18
6354,13389,104,1,81889.5
6355,13390,107,2,52550.35
6356,13390,181,2,1781.12
6357,13391,144,1,12915.75
6358,13391,122,1,12589.84
6359,13391,106,1,65296.5
6360,13392,192,1,2510.45
6361,13393,127,1,35945.7
6362,13393,123,1,11242.04
6363,13393,119,1,3370.87
6364,13393,148,1,28821.79
6365,13394,113,1,5112.57
6366,13394,107,1,52550.35
6367,13395,172,1,1257.35
6368,13396,172,1,1194.48
6369,13396,140,3,8722.76
6370,13397,119,1,3569.16
6371,13398,115,3,2982.91
6372,13399,181,1,1781.12
6373,13399,127,1,30553.84
6374,13399,109,1,3436.63
6375,13399,156,1,1046.66
6376,13400,147,1,37236.31
6377,13400,103,1,86981.38
6378,13400,124,1,10080.04
6379,13400,196,4,2500.08
6380,13401,154,1,1378.89
6381,13401,180,1,1871.02
6382,13402,111,1,10368.41
6383,13402,124,1,11200.05
6384,13402,118,3,2537.73
6385,13403,105,1,44259.22
6386,13403,179,2,1417.93
6387,13403,112,1,7539.04
6388,13404,116,1,1204.55
6389,13405,126,1,17826.16
6390,13406,174,2,5885.54
6391,13407,200,1,5129.71
6392,13407,164,1,9554.0
6393,13407,219,1,3083.6
6394,13408,112,1,7982.51
6395,13409,136,1,6618.08
6396,13409,112,2,7982.51
6397,13410,188,2,5431.22
6398,13410,110,2,2702.88
6399,13410,127,2,35945.7
6400,13410,109,1,3264.8
6401,13410,131,2,15954.13
6402,13411,114,2,3976.79
6403,13411,113,1,5396.6
6404,13412,130,3,29973.58
6405,13413,127,1,34148.41
6406,13413,108,1,32865.46
6407,13413,220,1,7592.7
6408,13414,128,4,32451.24
6409,13414,105,1,44259.22
6410,13414,161,2,8849.52
6411,13414,125,1,37638.62
6412,13415,115,2,3314.34
6413,13416,171,1,3033.04
6414,13417,105,1,44259.22
6415,13417,188,2,4616.54
6416,13418,116,1,1084.1
6417,13419,105,1,49176.91
6418,13419,101,1,65260.14
6419,13419,180,3,2338.77
6420,13419,126,3,18764.38
6421,13420,115,1,2817.19
6422,13420,180,1,1871.02
6423,13420,124,1,11200.05
6424,13421,151,1,1545.37
6425,13421,128,1,30828.68
6426,13421,106,1,52237.2
6427,13422,123,1,12491.16
6428,13422,122,1,11330.86
6429,13423,156,1,1108.22
6430,13423,150,2,1863.8
6431,13423,129,2,33100.5
6432,13424,110,2,2702.88
6433,13425,113,1,5396.6
6434,13425,103,2,78283.24
6435,13425,111,4,10914.12
6436,13426,106,1,65296.5
6437,13427,109,1,3436.63
6438,13427,107,2,47295.32
6439,13428,179,1,1347.03
6440,13429,170,1,2445.8
6441,13430,141,1,13376.63
6442,13431,209,1,2046.81
6443,13431,173,1,6668.64
6444,13432,166,2,8906.32
6445,13432,106,1,62031.68
6446,13433,103,1,86981.38
6447,13433,138,1,15338.04
6448,13434,121,2,9653.79
6449,13434,132,1,17563.36
6450,13434,188,1,5431.22
6451,13435,124,2,11200.05
6452,13435,128,3,30828.68
6453,13435,141,2,14950.35
6454,13436,104,1,81889.5
6455,13436,177,2,1545.08
6456,13436,140,1,8722.76
6457,13437,161,1,9315.28
6458,13438,135,1,20409.16
6459,13439,129,1,31261.58
6460,13439,180,1,2104.89
6461,13440,120,1,1203.35
6462,13441,131,1,15954.13
6463,13442,127,2,34148.41
6464,13442,173,1,7019.62
6465,13442,121,3,9653.79
6466,13443,121,2,9117.47
6467,13443,120,1,1270.21
6468,13443,149,2,824.78
6469,13444,113,1,4828.54
6470,13445,162,2,9869.72
6471,13445,123,1,10617.49
6472,13445,161,2,7917.99
6473,13446,127,1,34148.41
6474,13446,184,1,1246.83
6475,13446,149,3,824.78
6476,13447,111,1,8731.3
6477,13447,125,2,33874.76
6478,13447,128,1,30828.68
6479,13447,169,3,3014.38
6480,13448,133,3,20603.7
6481,13449,159,3,7695.17
6482,13450,109,1,3436.63
6483,13451,145,1,50434.54
6484,13452,111,2,9822.71
6485,13452,126,1,15949.72
6486,13452,117,2,2850.75
6487,13452,145,1,45391.09
6488,13453,125,1,37638.62
6489,13453,116,1,1144.32
6490,13453,185,1,6112.84
6491,13453,114,2,3976.79
6492,13454,121,2,10726.43
6493,13454,172,1,1068.75
6494,13455,132,1,14050.69
6495,13456,101,1,81575.18
6496,13456,145,1,45391.09
6497,13456,186,1,5326.69
6498,13456,129,1,33100.5
6499,13457,146,2,58651.59
6500,13457,191,1,4864.92
6501,13457,108,1,29405.94
6502,13458,158,1,9241.71
6503,13458,106,2,65296.5
6504,13458,207,1,4375.21
6505,13459,168,1,11952.32
6506,13460,128,1,29206.12
6507,13461,182,1,1906.06
6508,13462,113,1,4544.5
6509,13462,118,1,2283.96
6510,13462,110,1,2845.14
6511,13463,212,1,2047.16
6512,13463,198,1,5217.68
6513,13463,136,2,7785.98
6514,13463,115,1,2651.47
6515,13464,123,1,12491.16
6516,13465,107,1,49922.83
6517,13466,102,2,74774.07
6518,13467,185,1,6112.84
6519,13468,112,1,8869.46
6520,13468,187,1,3646.21
6521,13468,178,2,938.23
6522,13469,146,1,61738.52
6523,13470,173,1,7019.62
6524,13471,146,1,61738.52
6525,13472,149,2,824.78
6526,13472,117,2,2708.21
6527,13473,145,2,40347.63
6528,13473,113,1,5396.6
6529,13473,180,1,2104.89
6530,13474,142,1,12851.6
6531,13474,164,1,9076.3
6532,13474,123,2,11866.6
6533,13474,120,1,1337.06
6534,13474,103,2,86981.38
6535,13475,132,1,16685.19
6536,13475,113,1,5112.57
6537,13475,124,2,10640.05
6538,13475,102,1,78709.55
6539,13475,112,1,7982.51
6540,13476,132,1,15807.02
6541,13476,107,1,42040.28
6542,13477,177,1,1390.57
6543,13477,118,3,2283.96
6544,13477,116,1,1204.55
6545,13477,117,1,2708.21
6546,13477,217,3,1872.56
6547,13478,120,1,1270.21
6548,13479,125,3,30110.9
6549,13480,157,2,11322.27
6550,13480,115,1,3314.34
6551,13481,183,4,1118.7
6552,13482,118,2,2410.84
6553,13482,139,1,15537.18
6554,13483,107,1,52550.35
6555,13484,158,3,8755.31
6556,13484,117,1,2565.68
6557,13485,172,2,1257.35
6558,13486,185,1,6112.84
6559,13486,122,1,12589.84
6560,13487,120,1,1203.35
6561,13488,190,2,4326.19
6562,13488,117,1,2850.75
6563,13488,174,1,5885.54
6564,13488,202,4,822.91
6565,13488,192,3,2259.4
6566,13489,108,1,31135.7
6567,13490,215,1,3133.27
6568,13490,109,2,3436.63
6569,13490,111,1,10914.12
6570,13491,155,1,1743.47
6571,13492,119,3,3569.16
6572,13492,158,1,8755.31
6573,13493,122,2,12589.84
6574,13493,166,3,8461.0
6575,13493,129,1,36778.33
6576,13494,110,1,2845.14
6577,13495,124,1,10640.05
6578,13496,114,1,3777.95
6579,13497,117,1,2850.75
6580,13498,123,2,11242.04
6581,13499,141,1,14950.35
6582,13499,150,1,1677.42
6583,13499,205,4,3006.35
6584,13499,127,2,35945.7
6585,13499,146,1,55564.67
6586,13500,131,1,17831.08
6587,13501,195,1,3308.0
6588,13501,168,3,10757.09
6589,13502,147,1,37236.31
6590,13502,127,1,28756.56
6591,13503,130,1,33499.88
6592,13504,117,4,2850.75
6593,13505,131,1,18769.56
6594,13506,131,2,18769.56
6595,13507,103,1,86981.38
6596,13507,121,1,10726.43
6597,13508,157,1,9623.93
6598,13508,117,1,2850.75
6599,13508,107,1,49922.83
6600,13508,103,1,69585.1
6601,13508,106,2,52237.2
6602,13509,151,2,1390.83
6603,13510,220,3,8932.59
6604,13511,121,1,10726.43
6605,13511,187,1,3646.21
6606,13512,110,1,2560.63
6607,13513,153,1,748.26
6608,13513,111,1,10914.12
6609,13514,152,2,2689.5
6610,13515,182,1,1810.76
6611,13516,202,2,781.76
6612,13517,142,1,12209.02
6613,13517,110,1,2845.14
6614,13518,151,1,1545.37
6615,13519,157,1,11322.27
6616,13520,121,1,9117.47
6617,13520,180,2,2338.77
6618,13521,166,1,8906.32
6619,13521,200,2,5129.71
6620,13521,132,1,14928.86
6621,13521,130,4,35263.03
6622,13522,150,3,1584.23
6623,13522,131,1,18769.56
6624,13523,142,1,12851.6
6625,13523,117,1,2565.68
6626,13524,173,1,6668.64
6627,13525,173,1,6317.66
6628,13525,128,1,32451.24
6629,13526,108,1,32865.46
6630,13527,150,2,1770.61
6631,13527,124,1,11200.05
6632,13528,153,2,748.26
6633,13528,151,2,1545.37
6634,13529,122,1,12589.84
6635,13530,126,1,18764.38
6636,13530,115,1,3314.34
6637,13530,120,1,1337.06
6638,13531,125,2,35756.69
6639,13532,143,4,4895.78
6640,13532,210,1,1020.2
6641,13532,114,1,3976.79
6642,13532,120,1,1337.06
6643,13532,166,1,8015.69
6644,13533,121,1,10726.43
6645,13534,117,3,2850.75
6646,13535,131,1,18769.56
6647,13536,109,2,3092.97
6648,13537,164,1,9554.0
6649,13538,146,1,55564.67
6650,13539,184,1,1246.83
6651,13539,107,3,47295.32
6652,13540,139,2,15537.18
6653,13540,141,1,15737.21
6654,13540,120,2,1337.06
6655,13541,130,1,29973.58
6656,13541,162,4,9869.72
6657,13541,159,1,7310.41
6658,13542,205,1,2555.4
6659,13542,117,1,2565.68
6660,13543,209,2,1831.36
6661,13544,106,1,55502.02
6662,13544,129,1,31261.58
6663,13544,159,1,7310.41
6664,13544,178,1,938.23
6665,13545,129,1,33100.5
6666,13546,127,2,32351.13
6667,13547,179,4,1205.24
6668,13548,156,1,1231.36
6669,13548,119,1,3965.73
6670,13548,160,1,4212.93
6671,13549,190,3,4566.54
6672,13549,120,1,1337.06
6673,13550,118,2,2283.96
6674,13551,151,1,1468.1
6675,13551,129,1,31261.58
6676,13551,118,1,2283.96
6677,13552,121,1,10190.11
6678,13552,170,1,2445.8
6679,13553,121,1,9653.79
6680,13554,123,2,12491.16
6681,13554,136,1,7396.68
6682,13555,146,1,61738.52
6683,13555,110,2,2845.14
6684,13555,126,1,18764.38
6685,13556,131,2,18769.56
6686,13556,107,1,52550.35
6687,13557,173,1,7019.62
6688,13557,169,1,2562.22
6689,13557,103,1,82632.31
6690,13557,140,1,7850.48
6691,13558,116,1,963.64
6692,13559,117,2,2708.21
6693,13559,107,1,49922.83
6694,13559,151,1,1390.83
6695,13559,128,1,29206.12
6696,13560,120,3,1270.21
6697,13561,164,2,8598.6
6698,13561,198,1,5507.55
6699,13561,121,2,10726.43
6700,13561,106,1,65296.5
6701,13562,129,2,33100.5
6702,13563,103,1,86981.38
6703,13563,126,1,17826.16
6704,13563,111,3,9822.71
6705,13563,119,2,3569.16
6706,13564,167,2,3801.49
6707,13565,131,1,17831.08
6708,13565,102,1,74774.07
6709,13565,158,1,7782.5
6710,13566,173,1,6668.64
6711,13566,112,1,8425.99
6712,13566,122,1,11960.35
6713,13567,122,2,11960.35
6714,13568,165,1,10476.51
6715,13568,184,3,1122.15
6716,13568,101,1,81575.18
6717,13569,130,1,35263.03
6718,13569,175,1,5134.73
6719,13570,123,1,11242.04
6720,13571,135,2,19388.7
6721,13572,133,1,21688.11
6722,13572,126,1,16887.94
6723,13573,206,2,3209.73
6724,13574,104,3,81889.5
6725,13574,149,1,824.78
6726,13575,108,1,34595.22
6727,13575,132,2,17563.36
6728,13576,119,2,3370.87
6729,13577,107,2,49922.83
6730,13578,147,2,41373.68
6731,13579,119,1,3965.73
6732,13580,172,4,1194.48
6733,13580,147,1,33098.94
6734,13580,108,2,32865.46
6735,13581,107,3,47295.32
6736,13582,172,2,1257.35
6737,13583,117,1,2565.68
6738,13583,176,1,9614.76
6739,13584,160,1,4002.28
6740,13585,165,1,11027.91
6741,13586,123,1,11242.04
6742,13587,161,1,9315.28
6743,13588,120,3,1337.06
6744,13588,161,1,7917.99
6745,13589,125,1,35756.69
6746,13590,161,2,9315.28
6747,13590,144,3,15195.0
6748,13591,203,2,939.28
6749,13592,178,1,844.41
6750,13593,113,1,5680.63
6751,13593,136,1,7785.98
6752,13593,172,1,1257.35
6753,13593,129,1,36778.33
6754,13594,187,1,3281.59
6755,13595,148,2,27380.7
6756,13595,114,1,3976.79
6757,13596,125,1,37638.62
6758,13597,202,1,740.62
6759,13597,123,1,12491.16
6760,13598,188,1,5159.66
6761,13598,151,1,1545.37
6762,13598,113,1,5680.63
6763,13599,191,2,4378.43
6764,13600,125,1,35756.69
6765,13601,109,2,3436.63
6766,13601,155,1,1656.3
6767,13602,106,1,55502.02
6768,13602,186,1,5607.04
6769,13603,184,1,1246.83
6770,13603,215,1,3133.27
6771,13603,108,1,29405.94
6772,13604,156,1,1231.36
6773,13605,123,1,11866.6
6774,13605,191,1,4378.43
6775,13605,206,2,3566.37
6776,13605,172,1,1257.35
6777,13605,117,1,2850.75
6778,13606,162,1,9869.72
6779,13606,112,1,7095.57
6780,13607,127,2,35945.7
6781,13608,161,1,9315.28
6782,13609,123,1,11866.6
6783,13610,160,1,4212.93
6784,13610,117,1,2565.68
6785,13611,115,1,3314.34
6786,13611,187,1,3463.9
6787,13612,183,1,1056.55
6788,13613,161,2,9315.28
6789,13614,131,3,17831.08
6790,13615,162,1,10389.18
6791,13615,103,1,78283.24
6792,13616,219,1,2921.3
6793,13616,112,1,8869.46
6794,13617,126,4,17826.16
6795,13618,188,1,5431.22
6796,13618,111,2,10914.12
6797,13618,167,1,3801.49
6798,13619,129,1,36778.33
6799,13620,123,1,9992.93
6800,13620,103,1,86981.38
6801,13620,112,1,8425.99
6802,13620,168,1,11952.32
6803,13621,185,1,5501.56
6804,13621,169,1,3014.38
6805,13622,110,2,2845.14
6806,13623,164,1,9076.3
6807,13623,158,1,8268.9
6808,13624,104,1,81889.5
6809,13625,220,2,7592.7
6810,13626,116,2,1084.1
6811,13627,188,1,5431.22
6812,13627,211,1,1301.14
6813,13628,155,1,1743.47
6814,13629,121,1,9653.79
6815,13629,184,1,1246.83
6816,13630,126,1,18764.38
6817,13630,112,1,7982.51
6818,13630,107,1,44667.8
6819,13631,134,1,11868.98
6820,13632,127,1,30553.84
6821,13632,121,1,10190.11
6822,13632,119,1,3370.87
6823,13632,184,1,1246.83
6824,13633,104,1,73700.55
6825,13633,132,1,17563.36
6826,13633,131,2,15015.65
6827,13633,110,2,2560.63
6828,13634,178,1,797.5
6829,13634,215,1,2819.94
6830,13634,171,1,3033.04
6831,13634,161,1,9315.28
6832,13635,124,1,11200.05
6833,13635,113,1,4828.54
6834,13635,117,1,2708.21
6835,13636,124,1,8960.04
6836,13636,160,1,4002.28
6837,13636,158,1,9241.71
6838,13637,121,1,10726.43
6839,13638,115,1,3314.34
6840,13638,174,2,5591.26
6841,13638,133,1,19519.3
6842,13639,122,1,12589.84
6843,13639,146,2,58651.59
6844,13639,120,1,1337.06
6845,13640,122,1,12589.84
6846,13641,112,2,7982.51
6847,13641,157,1,10190.04
6848,13641,130,1,35263.03
6849,13642,111,2,10914.12
6850,13642,116,1,1204.55
6851,13642,109,1,3264.8
6852,13642,132,1,17563.36
6853,13643,104,2,73700.55
6854,13643,106,1,65296.5
6855,13643,218,1,8329.41
6856,13644,143,1,5439.75
6857,13644,208,1,1947.38
6858,13645,136,3,6618.08
6859,13645,125,3,37638.62
6860,13646,205,1,2705.72
6861,13646,149,2,742.3
6862,13647,113,1,5396.6
6863,13648,108,1,34595.22
6864,13648,109,1,3436.63
6865,13649,174,2,5296.99
6866,13649,113,1,4828.54
6867,13650,128,1,30828.68
6868,13651,155,1,1743.47
6869,13651,105,1,44259.22
6870,13652,122,1,11330.86
6871,13652,104,4,81889.5
6872,13653,185,1,4890.27
6873,13653,104,1,81889.5
6874,13653,195,3,3308.0
6875,13654,112,3,8869.46
6876,13654,162,1,9869.72
6877,13654,128,3,32451.24
6878,13655,131,1,16892.6
6879,13656,166,1,8906.32
6880,13657,181,1,1781.12
6881,13657,130,2,35263.03
6882,13658,155,2,1656.3
6883,13658,129,1,34939.41
6884,13658,148,1,25939.61
6885,13658,131,3,18769.56
6886,13659,134,2,11170.81
6887,13660,116,1,1204.55
6888,13660,135,1,20409.16
6889,13660,118,1,2537.73
6890,13660,125,2,37638.62
6891,13661,125,1,37638.62
6892,13661,178,1,797.5
6893,13662,105,3,49176.91
6894,13663,199,2,6780.92
6895,13664,149,1,659.82
6896,13664,105,1,44259.22
6897,13664,166,1,8906.32
6898,13664,143,1,4895.78
6899,13665,186,1,5607.04
6900,13665,147,1,39305.0
6901,13665,122,1,11960.35
6902,13666,120,1,1337.06
6903,13666,125,1,33874.76
6904,13666,161,2,9315.28
6905,13666,153,1,831.4
6906,13667,116,1,1144.32
6907,13668,147,1,37236.31
6908,13669,127,1,34148.41
6909,13669,104,1,81889.5
6910,13669,116,2,1204.55
6911,13669,107,1,47295.32
6912,13670,163,3,12214.44
6913,13671,139,1,13810.82
6914,13672,109,1,3436.63
6915,13672,193,2,7008.71
6916,13672,113,2,4544.5
6917,13672,122,2,12589.84
6918,13673,142,1,12209.02
6919,13673,176,2,8653.28
6920,13674,104,1,81889.5
6921,13674,123,2,10617.49
6922,13674,132,1,17563.36
6923,13674,121,1,10190.11
6924,13675,105,3,41800.37
6925,13675,157,3,11322.27
6926,13675,110,1,2845.14
6927,13676,116,1,1144.32
6928,13676,174,2,5591.26
6929,13677,155,3,1656.3
6930,13678,201,4,1062.45
6931,13678,138,1,15338.04
6932,13679,112,1,8869.46
6933,13680,109,2,3436.63
6934,13681,102,1,66903.12
6935,13682,182,1,1810.76
6936,13682,128,2,27583.55
6937,13682,110,1,2845.14
6938,13683,174,1,5591.26
6939,13684,172,1,1131.62
6940,13684,104,1,69606.08
6941,13684,101,2,69338.9
6942,13684,176,1,9614.76
6943,13685,200,1,5699.68
6944,13686,174,2,5296.99
6945,13687,219,2,3245.89
6946,13687,105,1,49176.91
6947,13688,121,1,10190.11
6948,13689,110,2,2418.37
6949,13690,163,1,13571.6
6950,13690,174,1,5296.99
6951,13690,182,1,1810.76
6952,13690,160,1,4212.93
6953,13691,138,1,14571.14
6954,13691,129,3,31261.58
6955,13692,132,1,16685.19
6956,13693,114,1,3181.43
6957,13693,175,1,5134.73
6958,13694,165,3,11027.91
6959,13694,150,1,1584.23
6960,13695,124,1,11200.05
6961,13695,168,1,11952.32
6962,13696,204,1,995.2
6963,13697,169,1,2562.22
6964,13697,170,1,2445.8
6965,13698,117,2,2850.75
6966,13698,184,3,1122.15
6967,13698,143,1,5439.75
6968,13699,130,1,31736.73
6969,13699,135,1,18368.24
6970,13699,175,1,4877.99
6971,13699,119,1,3569.16
6972,13700,132,2,16685.19
6973,13700,126,1,16887.94
6974,13700,117,2,2850.75
6975,13701,183,1,994.4
6976,13701,218,1,7912.94
6977,13701,116,1,1144.32
6978,13702,198,1,5507.55
6979,13703,118,3,2410.84
6980,13703,113,1,5112.57
6981,13704,167,1,3421.34
6982,13705,181,1,1781.12
6983,13706,110,2,2845.14
6984,13707,116,1,1204.55
6985,13707,219,1,2596.71
6986,13708,131,1,18769.56
6987,13708,120,1,1203.35
6988,13709,177,1,1467.83
6989,13709,109,1,3436.63
6990,13709,174,1,5591.26
6991,13710,144,1,12915.75
6992,13711,215,3,2976.61
6993,13711,189,2,2520.34
6994,13711,216,1,4670.15
6995,13711,166,1,8906.32
6996,13712,166,1,8906.32
6997,13712,174,3,5296.99
6998,13713,179,1,1417.93
6999,13714,186,1,4765.98
7000,13714,127,2,34148.41
7001,13714,101,1,81575.18
7002,13715,122,1,12589.84
7003,13715,138,1,13804.24
7004,13715,169,2,2863.66
7005,13716,130,1,35263.03
7006,13717,208,2,1752.64
7007,13717,182,2,1715.45
7008,13718,125,1,31992.83
7009,13718,107,1,52550.35
7010,13719,131,1,16892.6
7011,13719,200,1,4559.74
7012,13720,186,1,5607.04
7013,13720,102,1,78709.55
7014,13721,151,1,1468.1
7015,13722,199,1,6780.92
7016,13723,122,1,10701.36
7017,13723,137,4,12999.46
7018,13724,115,1,3314.34
7019,13725,127,2,35945.7
7020,13725,154,2,1551.25
7021,13725,131,1,18769.56
7022,13726,164,2,9554.0
7023,13727,111,1,9822.71
7024,13728,122,2,12589.84
7025,13728,110,1,2702.88
7026,13729,182,1,1906.06
7027,13730,164,1,8598.6
7028,13731,101,1,65260.14
7029,13732,155,2,1743.47
7030,13733,120,1,1203.35
7031,13733,119,1,3965.73
7032,13734,110,2,2845.14
7033,13735,179,1,1417.93
7034,13735,182,1,1906.06
7035,13735,119,3,3965.73
7036,13735,118,1,2283.96
7037,13736,108,1,34595.22
7038,13737,118,1,2537.73
7039,13738,155,1,1481.95
7040,13738,116,1,1204.55
7041,13739,165,4,11027.91
7042,13739,111,1,9822.71
7043,13739,212,1,2154.9
7044,13739,125,2,37638.62
7045,13740,129,1,33100.5
7046,13740,186,1,5607.04
7047,13740,128,1,32451.24
7048,13740,141,1,14163.49
7049,13741,120,2,1270.21
7050,13742,193,3,6658.27
7051,13742,105,1,44259.22
7052,13742,207,2,4156.45
7053,13742,104,1,81889.5
7054,13743,109,1,3264.8
7055,13743,169,2,2562.22
7056,13743,141,1,13376.63
7057,13744,179,1,1276.14
7058,13744,187,3,3463.9
7059,13744,165,2,9925.12
7060,13744,103,1,86981.38
7061,13745,116,1,1084.1
7062,13745,117,1,2423.14
7063,13746,117,1,2565.68
7064,13747,101,2,81575.18
7065,13747,163,1,12893.02
7066,13748,128,1,32451.24
7067,13749,108,1,31135.7
7068,13750,164,2,9554.0
7069,13751,158,1,9241.71
7070,13752,110,1,2845.14
7071,13752,155,1,1394.78
7072,13752,204,1,995.2
7073,13753,124,1,11200.05
7074,13754,213,2,2418.34
7075,13754,180,1,2221.83
7076,13755,139,1,17263.53
7077,13755,108,1,34595.22
7078,13756,101,2,65260.14
7079,13756,203,1,991.46
7080,13756,185,2,6112.84
7081,13757,127,2,34148.41
7082,13757,129,1,31261.58
7083,13758,188,3,4616.54
7084,13759,171,1,3568.28
7085,13759,166,1,8015.69
7086,13760,151,2,1390.83
7087,13760,159,1,7695.17
7088,13761,143,1,4895.78
7089,13762,118,2,2537.73
7090,13763,198,1,5217.68
7091,13763,155,1,1656.3
7092,13764,117,1,2708.21
7093,13765,186,1,5046.34
7094,13765,129,1,36778.33
7095,13765,125,1,37638.62
7096,13766,136,1,6618.08
7097,13766,108,1,34595.22
7098,13767,163,1,10857.28
7099,13767,153,1,789.83
7100,13768,102,2,74774.07
7101,13768,128,2,30828.68
7102,13769,178,1,891.32
7103,13769,164,1,9554.0
7104,13769,172,2,1257.35
7105,13770,117,3,2565.68
7106,13770,165,1,10476.51
7107,13771,114,1,3380.27
7108,13771,123,1,11866.6
7109,13772,139,1,17263.53
7110,13772,117,2,2423.14
7111,13772,126,1,18764.38
7112,13772,125,1,37638.62
7113,13773,157,3,11322.27
7114,13773,127,1,30553.84
7115,13774,109,3,3436.63
7116,13775,142,1,12209.02
7117,13776,158,1,8268.9
7118,13777,158,3,9728.12
7119,13778,105,3,44259.22
7120,13779,165,1,11027.91
7121,13779,123,1,12491.16
7122,13779,109,1,3264.8
7123,13779,199,1,6780.92
7124,13780,156,1,985.09
7125,13780,113,1,5680.63
7126,13781,115,1,2817.19
7127,13782,174,1,5591.26
7128,13782,193,1,7008.71
7129,13783,166,1,8906.32
7130,13783,128,1,32451.24
7131,13784,123,2,11242.04
7132,13784,161,1,9315.28
7133,13784,177,1,1545.08
7134,13785,148,1,28821.79
7135,13785,158,1,8755.31
7136,13785,175,2,5134.73
7137,13785,149,1,824.78
7138,13786,114,2,3777.95
7139,13787,103,1,86981.38
7140,13787,156,1,1231.36
7141,13788,183,1,1180.85
7142,13789,154,2,1551.25
7143,13789,147,1,39305.0
7144,13790,106,1,55502.02
7145,13791,162,1,10389.18
7146,13791,111,2,10914.12
7147,13792,194,2,6457.01
7148,13792,188,3,4888.1
7149,13793,200,1,5129.71
7150,13793,202,1,822.91
7151,13793,116,1,1204.55
7152,13794,124,1,10080.04
7153,13795,161,2,8383.75
7154,13795,160,1,3791.64
7155,13795,101,3,81575.18
7156,13795,138,1,15338.04
7157,13796,186,3,5326.69
7158,13797,161,2,8383.75
7159,13797,125,1,35756.69
7160,13797,157,1,10190.04
7161,13798,124,1,11200.05
7162,13798,166,2,8906.32
7163,13799,110,1,2702.88
7164,13800,130,1,33499.88
7165,13800,114,1,3976.79
7166,13801,106,1,65296.5
7167,13802,123,1,11866.6
7168,13802,102,1,78709.55
7169,13803,164,1,9554.0
7170,13803,127,2,34148.41
7171,13804,125,2,35756.69
7172,13805,158,1,9241.71
7173,13806,184,1,1122.15
7174,13806,165,2,10476.51
7175,13807,187,1,3646.21
7176,13808,126,2,18764.38
7177,13809,157,1,10190.04
7178,13810,106,1,65296.5
7179,13811,175,1,4877.99
7180,13812,127,1,35945.7
7181,13812,104,3,73700.55
7182,13813,105,1,44259.22
7183,13814,103,1,78283.24
7184,13814,193,1,6307.84
7185,13814,126,1,16887.94
7186,13814,115,1,3314.34
7187,13815,178,1,938.23
7188,13816,173,1,5966.68
7189,13817,146,1,61738.52
7190,13817,157,3,10190.04
7191,13817,160,1,4002.28
7192,13817,118,1,2283.96
7193,13818,158,1,9241.71
7194,13819,111,1,10368.41
7195,13820,162,1,8830.8
7196,13820,139,1,15537.18
7197,13820,194,1,5811.31
7198,13820,181,1,1781.12
7199,13820,145,2,45391.09
7200,13821,129,1,36778.33
7201,13822,110,1,2560.63
7202,13823,107,2,47295.32
7203,13824,106,1,65296.5
7204,13825,127,1,35945.7
7205,13825,211,1,1545.11
7206,13826,101,1,77496.42
7207,13827,107,1,44667.8
7208,13827,161,2,7917.99
7209,13828,130,1,31736.73
7210,13828,133,1,21688.11
7211,13828,119,1,3370.87
7212,13828,137,1,11049.54
7213,13829,159,1,7695.17
7214,13830,115,1,3148.62
7215,13830,114,1,3777.95
7216,13830,151,1,1545.37
7217,13830,171,1,3568.28
7218,13830,215,1,3133.27
7219,13831,154,1,1723.61
7220,13832,112,1,7982.51
7221,13833,132,1,15807.02
7222,13834,184,4,1246.83
7223,13835,101,1,73417.66
7224,13835,104,1,81889.5
7225,13836,131,1,15954.13
7226,13837,132,3,15807.02
7227,13837,131,1,18769.56
7228,13838,217,1,2203.01
7229,13839,122,1,12589.84
7230,13840,107,1,52550.35
7231,13841,118,2,2410.84
7232,13841,103,1,78283.24
7233,13841,175,1,4364.52
7234,13842,144,4,13675.5
7235,13842,119,1,3965.73
7236,13842,103,1,69585.1
7237,13843,106,1,55502.02
7238,13843,127,1,32351.13
7239,13844,109,1,3092.97
7240,13845,128,1,29206.12
7241,13846,107,2,44667.8
7242,13846,144,1,12156.0
7243,13847,132,2,17563.36
7244,13848,124,1,11200.05
7245,13848,115,2,3314.34
7246,13848,120,2,1337.06
7247,13848,152,1,2831.05
7248,13849,177,1,1467.83
7249,13849,217,1,1762.41
7250,13850,127,2,32351.13
7251,13850,132,3,16685.19
7252,13850,117,1,2850.75
7253,13851,124,1,11200.05
7254,13851,170,1,2078.93
7255,13852,169,1,3014.38
7256,13852,180,3,1987.95
7257,13853,115,2,2982.91
7258,13854,108,4,34595.22
7259,13855,145,1,50434.54
7260,13856,118,2,2410.84
7261,13857,121,1,10726.43
7262,13858,108,2,34595.22
7263,13858,132,1,14928.86
7264,13859,187,2,3646.21
7265,13859,149,1,824.78
7266,13859,207,1,4375.21
7267,13860,109,1,3264.8
7268,13861,121,1,10190.11
7269,13861,176,1,8653.28
7270,13862,185,1,6112.84
7271,13862,111,1,10914.12
7272,13863,146,1,61738.52
7273,13863,122,1,11960.35
7274,13863,171,1,3568.28
7275,13864,200,3,5699.68
7276,13865,116,2,1144.32
7277,13865,125,2,35756.69
7278,13866,103,3,82632.31
7279,13866,172,1,1005.88
7280,13867,128,1,32451.24
7281,13868,145,1,47912.81
7282,13869,135,3,20409.16
7283,13869,178,1,938.23
7284,13870,187,1,3463.9
7285,13871,146,1,55564.67
7286,13872,121,1,9653.79
7287,13872,118,1,2537.73
7288,13872,130,1,35263.03
7289,13872,155,1,1743.47
7290,13873,132,1,16685.19
7291,13873,148,1,28821.79
7292,13873,113,1,5680.63
7293,13874,203,2,1043.64
7294,13874,129,1,34939.41
7295,13874,196,1,2777.87
7296,13875,129,1,36778.33
7297,13876,198,1,5797.42
7298,13876,173,1,5615.7
7299,13877,148,2,24498.52
7300,13877,110,1,2702.88
7301,13877,167,1,3231.27
7302,13878,118,2,2410.84
7303,13878,157,1,10190.04
7304,13879,104,1,69606.08
7305,13879,169,3,3014.38
7306,13880,121,2,9117.47
7307,13880,163,1,13571.6
7308,13880,105,1,41800.37
7309,13880,110,1,2845.14
7310,13881,201,1,1062.45
7311,13881,107,2,47295.32
7312,13881,178,1,891.32
7313,13882,113,1,5680.63
7314,13882,131,1,17831.08
7315,13883,126,1,16887.94
7316,13884,107,2,49922.83
7317,13884,207,1,4375.21
7318,13885,101,1,77496.42
7319,13885,165,2,11027.91
7320,13885,137,1,12999.46
7321,13885,191,1,4864.92
7322,13886,177,1,1545.08
7323,13886,208,2,1752.64
7324,13887,119,1,3965.73
7325,13887,193,2,6658.27
7326,13888,162,2,9350.26
7327,13889,102,1,66903.12
7328,13890,128,1,32451.24
7329,13891,109,1,2921.14
7330,13891,174,1,5296.99
7331,13891,123,2,12491.16
7332,13892,118,1,2537.73
7333,13892,181,2,1692.06
7334,13893,103,3,82632.31
7335,13893,193,1,7008.71
7336,13894,149,1,701.06
7337,13895,171,1,3568.28
7338,13896,173,1,7019.62
7339,13896,169,2,2712.94
7340,13897,118,1,2537.73
7341,13897,176,1,9614.76
7342,13898,102,1,70838.6
7343,13899,106,1,62031.68
7344,13899,119,1,3569.16
7345,13899,134,4,12567.16
7346,13899,112,1,7982.51
7347,13900,130,1,31736.73
7348,13900,202,1,699.47
7349,13901,120,1,1337.06
7350,13901,104,3,73700.55
7351,13901,105,1,49176.91
7352,13902,107,1,49922.83
7353,13903,195,1,3308.0
7354,13903,179,1,1205.24
7355,13903,156,1,1231.36
7356,13903,184,1,1246.83
7357,13904,126,3,15949.72
7358,13905,108,1,34595.22
7359,13905,102,1,78709.55
7360,13905,194,1,6457.01
7361,13905,113,1,5680.63
7362,13906,132,1,17563.36
7363,13906,204,1,945.44
7364,13907,201,1,903.08
7365,13907,182,1,1715.45
7366,13907,126,4,17826.16
7367,13908,166,1,8906.32
7368,13908,113,1,5396.6
7369,13909,173,1,6317.66
7370,13909,186,1,5326.69
7371,13910,117,2,2565.68
7372,13910,153,2,831.4
7373,13910,132,1,16685.19
7374,13911,125,1,37638.62
7375,13912,104,2,69606.08
7376,13913,179,2,1276.14
7377,13913,115,1,3148.62
7378,13913,134,1,13963.51
7379,13914,188,1,5431.22
7380,13915,179,1,1417.93
7381,13915,120,1,1337.06
7382,13916,104,1,73700.55
7383,13916,115,1,3314.34
7384,13916,123,2,11242.04
7385,13917,163,1,12214.44
7386,13917,172,1,1257.35
7387,13917,126,2,17826.16
7388,13918,120,1,1136.5
7389,13918,103,3,86981.38
7390,13919,102,1,78709.55
7391,13920,177,2,1545.08
7392,13921,139,2,17263.53
7393,13921,109,1,3436.63
7394,13922,165,3,9925.12
7395,13922,128,1,29206.12
7396,13922,180,1,1987.95
7397,13922,115,2,3314.34
7398,13923,105,1,49176.91
7399,13924,121,2,9653.79
7400,13925,101,1,69338.9
7401,13926,216,2,5494.29
7402,13926,187,1,2916.97
7403,13927,149,1,824.78
7404,13928,151,1,1390.83
7405,13928,173,3,5615.7
7406,13928,162,2,9869.72
7407,13929,103,1,86981.38
7408,13930,115,1,3148.62
7409,13931,171,1,3211.45
7410,13932,106,1,65296.5
7411,13932,217,2,2092.86
7412,13932,158,1,8268.9
7413,13933,170,1,2323.51
7414,13933,188,2,5431.22
7415,13933,174,1,5885.54
7416,13934,107,2,47295.32
7417,13935,166,1,8906.32
7418,13936,117,2,2850.75
7419,13937,102,2,70838.6
7420,13938,204,1,995.2
7421,13938,120,1,1203.35
7422,13939,120,2,1337.06
7423,13939,106,1,55502.02
7424,13939,124,1,9520.04
7425,13940,161,2,9315.28
7426,13941,198,1,5507.55
7427,13942,131,1,17831.08
7428,13943,163,1,13571.6
7429,13944,144,1,14435.25
7430,13944,119,1,3569.16
7431,13945,134,1,13265.33
7432,13945,176,2,9614.76
7433,13945,117,1,2850.75
7434,13945,173,2,6317.66
7435,13946,124,1,11200.05
7436,13947,125,1,35756.69
7437,13948,143,3,5439.75
7438,13949,156,1,1169.79
7439,13949,198,2,5797.42
7440,13950,139,1,17263.53
7441,13950,129,1,33100.5
7442,13951,116,2,1204.55
7443,13951,105,2,44259.22
7444,13951,220,1,8932.59
7445,13951,164,1,9554.0
7446,13952,124,1,11200.05
7447,13952,173,1,5615.7
7448,13952,178,1,938.23
7449,13952,126,2,16887.94
7450,13953,184,2,1059.81
7451,13953,102,1,74774.07
7452,13954,104,1,77795.02
7453,13955,155,3,1481.95
7454,13955,184,1,1184.49
7455,13955,109,1,3264.8
7456,13955,114,2,3579.11
7457,13956,121,1,9653.79
7458,13957,206,1,3209.73
7459,13957,179,1,1417.93
7460,13958,212,1,1939.41
7461,13959,125,2,37638.62
7462,13959,177,1,1467.83
7463,13960,175,1,4621.26
7464,13961,120,1,1337.06
7465,13961,123,1,12491.16
7466,13962,138,1,13804.24
7467,13962,110,1,2702.88
7468,13963,109,1,3436.63
7469,13964,131,1,18769.56
7470,13964,106,2,65296.5
7471,13964,157,2,11322.27
7472,13965,199,1,6441.87
7473,13965,173,1,6668.64
7474,13966,135,1,20409.16
7475,13966,105,1,46718.06
7476,13967,137,3,11699.51
7477,13967,111,1,8731.3
7478,13968,110,1,2845.14
7479,13968,160,1,4212.93
7480,13968,147,2,41373.68
7481,13969,182,1,1810.76
7482,13969,170,1,2201.22
7483,13969,118,1,2283.96
7484,13969,167,2,3611.42
7485,13970,119,1,3965.73
7486,13971,103,2,86981.38
7487,13972,130,1,35263.03
7488,13972,173,1,7019.62
7489,13972,109,1,3092.97
7490,13972,199,1,6102.83
7491,13973,192,1,2510.45
7492,13973,110,1,2702.88
7493,13973,109,1,3264.8
7494,13974,125,1,35756.69
7495,13975,173,2,7019.62
7496,13975,191,1,4135.18
7497,13976,175,2,5134.73
7498,13976,168,1,11952.32
7499,13976,118,1,2410.84
7500,13977,146,1,61738.52
7501,13978,176,1,9134.02
7502,13978,132,1,17563.36
7503,13979,161,1,9315.28
7504,13980,189,4,2016.27
7505,13980,123,2,11242.04
7506,13981,127,3,35945.7
7507,13982,111,1,10914.12
7508,13983,179,1,1347.03
7509,13984,113,1,5396.6
7510,13985,170,1,2445.8
7511,13985,118,2,2537.73
7512,13985,183,1,1243.0
7513,13986,154,1,1723.61
7514,13987,122,2,11960.35
7515,13987,178,1,891.32
7516,13988,105,2,49176.91
7517,13988,122,1,12589.84
7518,13989,107,2,52550.35
7519,13989,184,1,1122.15
7520,13989,108,1,34595.22
7521,13990,126,1,18764.38
7522,13990,166,1,8906.32
7523,13990,110,1,2845.14
7524,13991,123,1,12491.16
7525,13991,126,2,16887.94
7526,13992,109,1,3092.97
7527,13992,164,1,9554.0
7528,13993,210,2,1020.2
7529,13994,110,1,2845.14
7530,13994,170,1,2445.8
7531,13994,160,1,3791.64
7532,13994,180,1,2338.77
7533,13995,122,2,11330.86
7534,13996,173,2,7019.62
7535,13996,117,4,2423.14
7536,13996,107,1,52550.35
7537,13997,170,1,2201.22
7538,13997,172,1,1257.35
7539,13998,138,1,15338.04
7540,13999,194,1,6457.01
7541,14000,171,1,3211.45
7542,14001,152,1,2831.05
7543,14001,127,1,35945.7
7544,14002,137,2,12349.49
7545,14002,141,1,15737.21
7546,14002,151,1,1545.37
7547,14003,185,2,6112.84
7548,14004,134,1,12567.16
7549,14005,185,1,6112.84
7550,14006,101,1,69338.9
7551,14006,126,3,16887.94
7552,14006,118,1,2030.18
7553,14006,142,2,12851.6
7554,14007,161,2,9315.28
7555,14008,217,1,1872.56
7556,14008,122,1,10701.36
7557,14009,126,1,16887.94
7558,14009,106,1,58766.85
7559,14009,102,1,74774.07
7560,14010,169,1,2562.22
7561,14010,195,1,3308.0
7562,14010,116,1,1204.55
7563,14010,167,1,3611.42
7564,14011,113,1,4544.5
7565,14011,120,1,1337.06
7566,14011,184,1,997.46
7567,14012,179,3,1417.93
7568,14012,111,1,8731.3
7569,14012,212,1,2154.9
7570,14013,132,1,16685.19
7571,14013,217,1,2203.01
7572,14013,145,1,50434.54
7573,14014,208,1,1947.38
7574,14014,156,1,1169.79
7575,14015,184,3,1122.15
7576,14015,161,1,8849.52
7577,14016,204,1,995.2
7578,14016,126,2,15949.72
7579,14016,169,1,3014.38
7580,14017,132,1,15807.02
7581,14017,105,1,49176.91
7582,14017,113,2,4544.5
7583,14018,116,1,1204.55
7584,14019,123,3,9992.93
7585,14020,165,1,10476.51
7586,14020,168,2,11952.32
7587,14020,132,1,14050.69
7588,14021,118,1,2537.73
7589,14022,114,1,3976.79
7590,14023,107,2,47295.32
7591,14023,103,1,86981.38
7592,14024,179,1,1276.14
7593,14025,170,1,2445.8
7594,14025,158,1,8755.31
7595,14026,126,1,17826.16
7596,14027,201,1,903.08
7597,14028,113,1,5680.63
7598,14028,109,3,3264.8
7599,14028,184,1,1184.49
7600,14029,108,2,31135.7
7601,14029,124,1,10080.04
7602,14029,122,1,11960.35
7603,14030,142,1,12209.02
7604,14030,217,1,1872.56
7605,14030,171,1,3033.04
7606,14030,108,3,34595.22
7607,14030,177,2,1545.08
7608,14031,209,1,2046.81
7609,14032,115,1,3314.34
7610,14032,162,3,8311.34
7611,14033,112,2,8869.46
7612,14033,128,1,27583.55
7613,14034,106,1,55502.02
7614,14035,111,2,10914.12
7615,14035,188,1,5431.22
7616,14036,119,1,3767.44
7617,14036,121,1,10726.43
7618,14037,112,1,8869.46
7619,14037,157,1,11322.27
7620,14037,106,1,65296.5
7621,14037,164,1,8598.6
7622,14038,108,1,34595.22
7623,14039,119,1,3370.87
7624,14040,184,2,1246.83
7625,14041,104,1,73700.55
7626,14042,143,2,5439.75
7627,14042,112,4,8869.46
7628,14043,188,1,4888.1
7629,14044,187,2,3646.21
7630,14045,159,3,7310.41
7631,14046,123,1,11242.04
7632,14046,195,1,2811.8
7633,14046,108,2,31135.7
7634,14046,124,1,11200.05
7635,14047,173,1,6668.64
7636,14047,109,2,3436.63
7637,14048,111,2,10914.12
7638,14048,115,4,3314.34
7639,14049,122,4,12589.84
7640,14049,219,1,2921.3
7641,14050,161,1,8383.75
7642,14050,185,1,5501.56
7643,14050,105,3,41800.37
7644,14051,122,1,12589.84
7645,14052,111,1,10914.12
7646,14052,173,1,6317.66
7647,14052,123,2,12491.16
7648,14052,149,1,742.3
7649,14053,116,1,1144.32
7650,14053,106,2,65296.5
7651,14053,111,2,10368.41
7652,14054,177,1,1545.08
7653,14054,183,2,1118.7
7654,14054,158,1,8268.9
7655,14054,179,1,1417.93
7656,14055,149,1,659.82
7657,14055,143,3,5439.75
7658,14056,104,2,69606.08
7659,14057,182,1,1906.06
7660,14057,166,1,8906.32
7661,14058,112,1,7095.57
7662,14058,101,2,73417.66
7663,14059,128,1,30828.68
7664,14059,120,1,1203.35
7665,14059,125,1,37638.62
7666,14060,107,1,49922.83
7667,14060,135,1,17347.79
7668,14060,105,1,49176.91
7669,14060,106,1,58766.85
7670,14061,110,1,2845.14
7671,14061,124,1,8960.04
7672,14062,175,1,5134.73
7673,14062,119,1,3965.73
7674,14063,104,2,77795.02
7675,14064,173,2,7019.62
7676,14065,179,1,1276.14
7677,14066,135,1,18368.24
7678,14067,128,1,25960.99
7679,14067,107,1,52550.35
7680,14067,121,1,10190.11
7681,14067,188,2,5431.22
7682,14067,173,2,6317.66
7683,14068,118,1,2157.07
7684,14068,212,1,1723.92
7685,14069,206,1,3566.37
7686,14069,115,1,2651.47
7687,14069,129,1,36778.33
7688,14070,170,1,1956.64
7689,14070,192,1,2259.4
7690,14070,199,2,6780.92
7691,14070,172,1,1257.35
7692,14071,101,2,81575.18
7693,14072,153,1,831.4
7694,14072,155,1,1656.3
7695,14072,181,1,1781.12
7696,14073,130,1,29973.58
7697,14073,178,1,797.5
7698,14074,147,1,35167.63
7699,14074,125,1,37638.62
7700,14075,150,1,1770.61
7701,14075,119,2,3965.73
7702,14075,129,1,33100.5
7703,14076,117,2,2565.68
7704,14076,124,1,8960.04
7705,14076,152,1,2547.95
7706,14077,192,1,2384.93
7707,14077,217,2,1982.71
7708,14077,135,1,20409.16
7709,14078,132,2,17563.36
7710,14078,106,1,65296.5
7711,14079,170,1,1956.64
7712,14079,126,2,16887.94
7713,14079,156,1,1231.36
7714,14080,110,1,2845.14
7715,14080,175,1,4107.78
7716,14081,109,3,3092.97
7717,14081,122,3,10701.36
7718,14081,126,2,16887.94
7719,14081,120,2,1203.35
7720,14082,159,1,6156.14
7721,14083,103,2,69585.1
7722,14083,118,2,2537.73
7723,14084,132,4,14928.86
7724,14085,156,2,1231.36
7725,14085,184,2,1122.15
7726,14085,122,1,12589.84
7727,14085,102,1,70838.6
7728,14086,127,1,35945.7
7729,14087,126,1,17826.16
7730,14088,101,2,77496.42
7731,14088,191,1,4864.92
7732,14088,129,2,36778.33
7733,14088,161,1,9315.28
7734,14089,176,2,9134.02
7735,14090,115,1,2982.91
7736,14091,212,4,1939.41
7737,14091,102,2,78709.55
7738,14092,177,1,1545.08
7739,14092,173,1,5966.68
7740,14093,124,2,10080.04
7741,14094,104,2,81889.5
7742,14095,154,1,1723.61
7743,14096,168,1,11952.32
7744,14096,119,1,3569.16
7745,14097,160,1,4212.93
7746,14097,119,1,3370.87
7747,14097,113,2,5396.6
7748,14097,116,1,1084.1
7749,14098,108,1,34595.22
7750,14099,111,1,9277.0
7751,14100,115,1,3314.34
7752,14101,117,1,2565.68
7753,14101,152,1,2689.5
7754,14102,169,1,2712.94
7755,14102,213,1,2297.42
7756,14102,199,1,6441.87
7757,14102,154,1,1723.61
7758,14103,185,2,5807.2
7759,14104,102,1,78709.55
7760,14105,113,1,5112.57
7761,14106,114,1,3976.79
7762,14106,131,1,18769.56
7763,14106,218,1,8329.41
7764,14106,200,2,5699.68
7765,14107,120,1,1203.35
7766,14107,152,1,2831.05
7767,14108,150,1,1770.61
7768,14109,123,1,12491.16
7769,14110,155,2,1743.47
7770,14111,158,3,9728.12
7771,14112,192,1,2259.4
7772,14112,131,1,18769.56
7773,14113,115,1,2982.91
7774,14114,126,2,17826.16
7775,14114,104,2,81889.5
7776,14114,168,1,11952.32
7777,14114,143,1,4623.79
7778,14115,186,1,4765.98
7779,14115,115,1,3314.34
7780,14115,169,2,2712.94
7781,14116,111,1,10368.41
7782,14116,187,2,3646.21
7783,14116,163,1,12893.02
7784,14117,111,1,10914.12
7785,14117,115,1,2817.19
7786,14118,123,1,11866.6
7787,14119,194,1,6457.01
7788,14120,136,1,6618.08
7789,14121,165,2,9925.12
7790,14122,143,1,4895.78
7791,14123,111,1,10914.12
7792,14123,168,1,11952.32
7793,14124,124,1,11200.05
7794,14124,149,3,742.3
7795,14124,206,1,3566.37
7796,14124,127,2,34148.41
7797,14125,159,3,6925.65
7798,14125,173,3,6317.66
7799,14126,108,2,34595.22
7800,14127,183,1,1243.0
7801,14127,128,2,32451.24
7802,14127,124,3,11200.05
7803,14128,104,1,73700.55
7804,14128,142,3,12851.6
7805,14128,124,1,10080.04
7806,14129,113,1,5680.63
7807,14129,105,1,49176.91
7808,14129,101,1,81575.18
7809,14130,101,1,81575.18
7810,14130,116,2,1204.55
7811,14131,132,1,17563.36
7812,14131,159,1,7695.17
7813,14132,163,1,10857.28
7814,14133,117,2,2850.75
7815,14134,103,1,86981.38
7816,14134,108,1,34595.22
7817,14134,116,3,1204.55
7818,14134,129,2,36778.33
7819,14134,139,1,16400.35
7820,14135,189,1,2268.31
7821,14135,144,1,13675.5
7822,14135,120,1,1136.5
7823,14136,174,1,5885.54
7824,14136,120,1,1270.21
7825,14137,169,1,2562.22
7826,14137,156,1,1108.22
7827,14138,179,1,1417.93
7828,14138,131,2,18769.56
7829,14139,113,1,5680.63
7830,14139,168,2,10757.09
7831,14140,198,1,5797.42
7832,14140,111,1,10914.12
7833,14141,118,1,2537.73
7834,14141,119,1,3965.73
7835,14142,121,1,9653.79
7836,14142,183,3,1243.0
7837,14142,141,1,15737.21
7838,14142,116,1,1084.1
7839,14143,105,1,44259.22
7840,14143,197,1,4020.29
7841,14144,106,3,58766.85
7842,14145,155,1,1743.47
7843,14146,167,1,3231.27
7844,14147,101,1,69338.9
7845,14147,184,1,1122.15
7846,14148,119,1,3965.73
7847,14148,124,4,10080.04
7848,14148,137,1,12349.49
7849,14149,184,1,1246.83
7850,14150,216,1,5494.29
7851,14151,120,1,1337.06
7852,14151,116,1,1204.55
7853,14152,122,1,12589.84
7854,14152,149,1,824.78
7855,14153,157,1,11322.27
7856,14154,150,3,1863.8
7857,14155,118,1,2537.73
7858,14156,134,1,13963.51
7859,14156,117,1,2850.75
7860,14156,206,2,3566.37
7861,14157,173,1,6668.64
7862,14157,116,2,1204.55
7863,14158,187,1,3646.21
7864,14159,121,2,10190.11
7865,14159,131,1,18769.56
7866,14160,170,2,2445.8
7867,14160,116,1,1204.55
7868,14160,122,1,12589.84
7869,14161,134,1,13963.51
7870,14161,131,1,17831.08
7871,14161,111,1,10914.12
7872,14162,127,1,35945.7
7873,14162,176,1,9614.76
7874,14162,114,1,3579.11
7875,14162,117,1,2850.75
7876,14162,149,2,824.78
7877,14163,200,1,4559.74
7878,14163,116,1,1204.55
7879,14164,116,1,1144.32
7880,14164,218,1,7912.94
7881,14165,217,1,2092.86
7882,14165,186,1,5607.04
7883,14166,167,1,3421.34
7884,14167,198,1,5217.68
7885,14168,214,2,2379.88
7886,14168,171,1,3568.28
7887,14169,167,1,3801.49
7888,14170,114,1,3976.79
7889,14171,143,1,4623.79
7890,14172,121,1,10190.11
7891,14172,118,2,2157.07
7892,14172,107,2,47295.32
7893,14172,191,2,4135.18
7894,14173,213,1,2418.34
7895,14174,164,1,8598.6
7896,14175,192,1,2510.45
7897,14176,116,3,1204.55
7898,14176,182,1,1620.15
7899,14176,120,1,1136.5
7900,14177,106,1,65296.5
7901,14177,130,1,28210.42
7902,14177,105,1,49176.91
7903,14178,112,1,7539.04
7904,14178,167,1,3801.49
7905,14179,182,1,1906.06
7906,14179,177,1,1545.08
7907,14180,172,1,1257.35
7908,14181,109,1,3092.97
7909,14182,138,1,15338.04
7910,14182,123,1,11242.04
7911,14182,181,3,1692.06
7912,14182,105,1,49176.91
7913,14183,198,1,5797.42
7914,14184,138,1,15338.04
7915,14185,151,2,1313.56
7916,14185,161,1,8849.52
7917,14186,110,1,2560.63
7918,14186,182,1,1715.45
7919,14187,126,1,18764.38
7920,14188,108,1,29405.94
7921,14188,127,2,28756.56
7922,14188,163,1,10857.28
7923,14188,107,1,52550.35
7924,14188,111,1,10914.12
7925,14189,102,1,78709.55
7926,14189,169,1,2411.5
7927,14189,127,1,34148.41
7928,14190,126,1,16887.94
7929,14191,152,1,2831.05
7930,14192,173,1,6317.66
7931,14192,113,1,5680.63
7932,14193,201,1,1062.45
7933,14194,112,1,8425.99
7934,14195,182,2,1810.76
7935,14196,130,1,35263.03
7936,14196,158,1,8755.31
7937,14196,111,1,10914.12
7938,14197,164,1,9076.3
7939,14197,132,1,17563.36
7940,14197,107,2,52550.35
7941,14197,183,2,1180.85
7942,14198,217,2,2203.01
7943,14198,150,2,1677.42
7944,14199,202,1,781.76
7945,14199,115,1,3314.34
7946,14199,131,1,16892.6
7947,14199,194,1,6457.01
7948,14200,197,3,4020.29
7949,14200,135,2,18368.24
7950,14201,176,1,9614.76
7951,14201,122,1,11330.86
7952,14201,190,1,4566.54
7953,14201,162,1,10389.18
7954,14202,131,4,15954.13
7955,14203,152,1,2831.05
7956,14204,129,1,36778.33
7957,14204,137,1,11049.54
7958,14204,159,1,6540.89
7959,14204,113,2,5112.57
7960,14204,115,1,3148.62
7961,14205,109,1,3264.8
7962,14206,124,1,10080.04
7963,14207,170,1,2445.8
7964,14207,182,1,1620.15
7965,14207,132,1,14050.69
7966,14207,107,1,52550.35
7967,14207,169,1,2562.22
7968,14208,171,1,3568.28
7969,14208,145,1,50434.54
7970,14209,178,2,938.23
7971,14210,128,1,32451.24
7972,14210,149,2,701.06
7973,14211,166,1,8906.32
7974,14212,165,2,11027.91
7975,14212,122,2,10701.36
7976,14212,162,1,9869.72
7977,14212,183,1,1243.0
7978,14213,185,1,5501.56
7979,14213,178,2,891.32
7980,14214,123,1,12491.16
7981,14215,173,1,7019.62
7982,14216,177,1,1545.08
7983,14216,172,1,1005.88
7984,14216,119,1,3965.73
7985,14216,158,1,9241.71
7986,14216,135,1,18368.24
7987,14217,128,1,29206.12
7988,14218,112,4,8425.99
7989,14218,123,1,12491.16
7990,14218,187,1,3281.59
7991,14218,145,1,47912.81
7992,14218,183,1,1243.0
7993,14219,145,1,47912.81
7994,14220,212,1,1939.41
7995,14220,190,1,4566.54
7996,14221,123,2,12491.16
7997,14222,125,2,37638.62
7998,14223,188,1,4616.54
7999,14224,128,1,32451.24
8000,14224,159,2,7695.17
8001,14224,218,1,7080.0
8002,14225,171,1,3211.45
8003,14226,128,1,32451.24
8004,14227,122,3,11960.35
8005,14228,136,1,7007.38
8006,14228,219,1,3083.6
8007,14229,164,1,8598.6
8008,14230,127,1,35945.7
8009,14231,121,1,9653.79
8010,14232,136,1,7396.68
8011,14233,127,1,34148.41
8012,14234,150,1,1863.8
8013,14234,115,1,3314.34
8014,14235,173,1,6317.66
8015,14236,153,1,831.4
8016,14236,192,2,2510.45
8017,14237,115,3,3314.34
8018,14237,113,1,5680.63
8019,14237,151,1,1545.37
8020,14237,119,1,3965.73
8021,14237,123,4,11242.04
8022,14238,105,2,49176.91
8023,14238,101,1,81575.18
8024,14238,153,1,748.26
8025,14239,122,1,12589.84
8026,14240,189,1,2520.34
8027,14240,104,1,77795.02
8028,14240,152,1,2547.95
8029,14241,163,2,13571.6
8030,14242,123,1,12491.16
8031,14242,167,1,3611.42
8032,14242,172,1,1194.48
8033,14242,136,1,7785.98
8034,14243,154,2,1723.61
8035,14244,216,1,4944.86
8036,14245,109,3,2921.14
8037,14245,158,1,9241.71
8038,14246,124,1,9520.04
8039,14247,125,1,37638.62
8040,14248,118,1,2283.96
8041,14249,126,1,18764.38
8042,14249,161,1,8383.75
8043,14250,112,2,7982.51
8044,14250,118,3,2410.84
8045,14251,166,1,8906.32
8046,14252,121,2,10190.11
8047,14253,151,1,1313.56
8048,14254,105,1,49176.91
8049,14254,185,1,5501.56
8050,14254,104,1,73700.55
8051,14255,126,3,18764.38
8052,14255,101,2,73417.66
8053,14255,158,1,9241.71
8054,14255,185,1,6112.84
8055,14256,176,1,9614.76
8056,14256,149,1,742.3
8057,14256,178,2,891.32
8058,14257,169,1,3014.38
8059,14257,148,1,24498.52
8060,14257,154,3,1723.61
8061,14257,183,3,1180.85
8062,14258,181,1,1781.12
8063,14258,144,1,14435.25
8064,14259,170,1,2323.51
8065,14260,218,1,7496.47
8066,14260,117,1,2850.75
8067,14261,146,1,58651.59
8068,14261,106,1,58766.85
8069,14262,131,1,15954.13
8070,14262,129,1,34939.41
8071,14262,166,1,8015.69
8072,14263,168,1,11952.32
8073,14264,110,1,2845.14
8074,14265,109,2,3092.97
8075,14266,135,1,20409.16
8076,14267,113,2,5112.57
8077,14268,168,1,11952.32
8078,14269,115,1,3148.62
8079,14269,166,1,8906.32
8080,14269,141,1,13376.63
8081,14270,181,1,1692.06
8082,14270,131,1,16892.6
8083,14271,192,2,2259.4
8084,14271,139,2,15537.18
8085,14271,128,2,32451.24
8086,14272,106,1,65296.5
8087,14272,171,1,3568.28
8088,14273,110,1,2845.14
8089,14274,117,1,2850.75
8090,14275,153,1,706.69
8091,14275,212,1,2154.9
8092,14276,109,1,3092.97
8093,14277,210,1,867.17
8094,14277,176,2,9614.76
8095,14277,156,1,1231.36
8096,14278,189,3,2142.29
8097,14278,159,1,7695.17
8098,14279,185,1,5501.56
8099,14280,171,1,3568.28
8100,14280,111,1,10914.12
8101,14281,123,1,12491.16
8102,14281,160,2,4212.93
8103,14281,206,1,3566.37
8104,14282,153,1,831.4
8105,14283,129,1,36778.33
8106,14284,153,1,831.4
8107,14285,118,1,2410.84
8108,14285,167,1,3801.49
8109,14285,106,2,58766.85
8110,14285,161,1,9315.28
8111,14286,106,1,65296.5
8112,14287,137,2,12349.49
8113,14287,177,1,1313.32
8114,14288,132,1,15807.02
8115,14288,185,1,5501.56
8116,14289,136,1,6618.08
8117,14289,161,1,7917.99
8118,14289,174,1,5885.54
8119,14290,120,2,1337.06
8120,14291,133,1,20603.7
8121,14292,193,1,6307.84
8122,14293,115,1,3314.34
8123,14293,185,1,5807.2
8124,14294,168,3,10757.09
8125,14295,153,2,831.4
8126,14296,109,1,3092.97
8127,14297,130,1,33499.88
8128,14297,169,1,3014.38
8129,14298,178,2,938.23
8130,14299,174,1,5885.54
8131,14300,101,1,81575.18
8132,14301,214,1,2379.88
8133,14301,114,1,3579.11
8134,14302,107,2,47295.32
8135,14303,110,1,2845.14
8136,14304,175,1,4621.26
8137,14305,115,1,3314.34
8138,14305,141,1,14950.35
8139,14306,131,3,16892.6
8140,14306,105,1,46718.06
8141,14307,216,1,4944.86
8142,14308,187,1,3463.9
8143,14309,194,3,6457.01
8144,14309,104,1,77795.02
8145,14309,113,1,5396.6
8146,14309,162,1,9869.72
8147,14310,133,2,20603.7
8148,14310,103,2,73934.17
8149,14310,150,1,1491.04
8150,14310,122,1,11960.35
8151,14311,115,1,3314.34
8152,14312,120,1,1337.06
8153,14313,156,1,1169.79
8154,14313,127,1,34148.41
8155,14314,114,1,3976.79
8156,14314,163,1,12214.44
8157,14315,212,4,2154.9
8158,14315,204,1,995.2
8159,14316,121,1,8581.14
8160,14316,104,1,81889.5
8161,14317,125,1,33874.76
8162,14317,195,1,3308.0
8163,14317,184,1,1246.83
8164,14317,141,1,14950.35
8165,14318,178,1,891.32
8166,14319,127,1,35945.7
8167,14320,104,1,77795.02
8168,14321,131,1,17831.08
8169,14321,185,2,6112.84
8170,14322,151,1,1390.83
8171,14322,113,1,5680.63
8172,14323,171,1,3568.28
8173,14323,123,1,12491.16
8174,14323,133,1,21688.11
8175,14324,181,1,1692.06
8176,14324,148,2,28821.79
8177,14324,104,1,77795.02
8178,14324,159,1,7310.41
8179,14325,174,1,4708.43
8180,14325,108,1,31135.7
8181,14326,107,3,52550.35
8182,14327,109,3,3436.63
8183,14327,112,1,8425.99
8184,14327,121,1,10726.43
8185,14327,138,1,15338.04
8186,14327,176,1,9134.02
8187,14328,115,1,3314.34
8188,14328,182,1,1715.45
8189,14329,206,1,3566.37
8190,14330,165,2,9925.12
8191,14330,172,1,1131.62
8192,14331,149,3,783.54
8193,14331,124,1,11200.05
8194,14332,123,1,11866.6
8195,14332,179,1,1347.03
8196,14332,108,1,32865.46
8197,14333,172,1,1194.48
8198,14333,120,1,1337.06
8199,14333,204,2,995.2
8200,14333,175,1,4621.26
8201,14334,105,3,49176.91
8202,14334,126,1,18764.38
8203,14334,155,2,1743.47
8204,14334,175,2,5134.73
8205,14335,120,1,1337.06
8206,14335,147,1,41373.68
8207,14335,154,1,1637.43
8208,14336,177,1,1390.57
8209,14336,105,1,49176.91
8210,14337,118,1,2283.96
8211,14338,205,2,2705.72
8212,14339,119,1,3965.73
8213,14340,109,2,3264.8
8214,14340,169,1,2411.5
8215,14340,154,1,1723.61
8216,14341,132,1,17563.36
8217,14342,173,1,6317.66
8218,14343,166,1,8461.0
8219,14344,106,3,58766.85
8220,14345,209,1,2154.54
8221,14346,121,1,10190.11
8222,14346,122,1,12589.84
8223,14347,124,1,8960.04
8224,14347,107,3,52550.35
8225,14347,173,2,5966.68
8226,14347,120,1,1270.21
8227,14348,109,1,3092.97
8228,14349,112,1,8425.99
8229,14349,120,1,1270.21
8230,14350,112,1,7539.04
8231,14350,117,1,2708.21
8232,14351,125,1,33874.76
8233,14351,107,1,52550.35
8234,14352,166,1,7570.37
8235,14352,102,1,74774.07
8236,14353,116,2,1084.1
8237,14353,172,1,1131.62
8238,14354,118,1,2157.07
8239,14355,185,1,5501.56
8240,14356,102,4,78709.55
8241,14357,186,1,5326.69
8242,14357,180,1,2338.77
8243,14358,120,1,1337.06
8244,14359,124,1,10640.05
8245,14360,176,2,9614.76
8246,14361,168,3,11952.32
8247,14362,113,1,4544.5
8248,14363,149,1,742.3
8249,14363,166,1,8906.32
8250,14364,161,2,8849.52
8251,14365,103,1,86981.38
8252,14366,106,2,58766.85
8253,14367,148,1,28821.79
8254,14368,160,1,4002.28
8255,14368,107,1,52550.35
8256,14368,183,1,1180.85
8257,14369,105,2,49176.91
8258,14369,125,1,37638.62
8259,14369,202,2,822.91
8260,14369,115,1,3314.34
8261,14370,136,1,7785.98
8262,14371,166,1,8461.0
8263,14372,126,2,15949.72
8264,14373,157,1,10190.04
8265,14374,131,1,17831.08
8266,14374,215,1,3133.27
8267,14374,212,1,2047.16
8268,14375,183,3,1243.0
8269,14376,126,1,17826.16
8270,14376,151,2,1390.83
8271,14376,135,1,18368.24
8272,14377,106,3,65296.5
8273,14377,126,2,16887.94
8274,14377,186,2,5326.69
8275,14377,170,1,2323.51
8276,14378,141,2,14950.35
8277,14379,153,1,831.4
8278,14380,172,2,1194.48
8279,14381,109,1,3436.63
8280,14381,210,1,1020.2
8281,14381,197,1,4020.29
8282,14382,114,1,3976.79
8283,14382,113,1,5680.63
8284,14383,160,1,4002.28
8285,14383,105,2,49176.91
8286,14384,172,3,1194.48
8287,14384,178,1,844.41
8288,14385,128,1,29206.12
8289,14386,113,1,5680.63
8290,14386,215,1,2663.28
8291,14387,152,1,2547.95
8292,14387,143,1,4623.79
8293,14388,120,1,1270.21
8294,14389,121,1,9653.79
8295,14390,149,1,783.54
8296,14391,156,1,1231.36
8297,14391,119,1,3965.73
8298,14392,170,1,2078.93
8299,14393,220,1,8932.59
8300,14394,106,1,65296.5
8301,14395,108,1,34595.22
8302,14396,113,1,5396.6
8303,14396,194,1,6134.16
8304,14397,198,2,5507.55
8305,14398,158,1,8755.31
8306,14398,102,1,78709.55
8307,14398,166,1,8906.32
8308,14399,140,1,7850.48
8309,14399,209,2,2154.54
8310,14400,126,1,16887.94
8311,14400,109,1,3436.63
8312,14401,123,1,12491.16
8313,14401,164,1,9076.3
8314,14402,151,1,1390.83
8315,14402,191,2,3891.94
8316,14402,115,1,3314.34
8317,14403,112,1,8869.46
8318,14403,103,4,86981.38
8319,14403,130,1,35263.03
8320,14404,117,1,2850.75
8321,14405,163,1,13571.6
8322,14405,128,1,29206.12
8323,14406,129,1,36778.33
8324,14406,187,1,3646.21
8325,14407,130,4,33499.88
8326,14407,104,1,81889.5
8327,14407,112,1,8425.99
8328,14407,142,2,12209.02
8329,14407,145,1,47912.81
8330,14408,110,1,2845.14
8331,14408,171,1,3568.28
8332,14409,156,1,1108.22
8333,14410,185,1,6112.84
8334,14410,183,2,1243.0
8335,14411,108,1,34595.22
8336,14411,157,3,11322.27
8337,14412,156,2,1231.36
8338,14412,107,2,49922.83
8339,14413,124,2,10640.05
8340,14414,111,1,10368.41
8341,14414,176,1,9614.76
8342,14415,119,1,3370.87
8343,14415,187,1,3646.21
8344,14416,123,1,11242.04
8345,14416,130,1,31736.73
8346,14417,146,1,55564.67
8347,14417,120,2,1337.06
8348,14418,118,1,2283.96
8349,14418,181,1,1781.12
8350,14419,126,1,18764.38
8351,14420,106,1,52237.2
8352,14420,188,4,5431.22
8353,14421,185,1,6112.84
8354,14421,106,1,52237.2
8355,14421,205,4,2705.72
8356,14421,103,1,73934.17
8357,14421,113,1,4828.54
8358,14422,184,1,997.46
8359,14423,188,2,5431.22
8360,14423,157,1,11322.27
8361,14423,181,2,1781.12
8362,14424,127,2,35945.7
8363,14424,112,1,7982.51
8364,14424,202,3,822.91
8365,14424,104,1,77795.02
8366,14424,132,1,17563.36
8367,14425,147,2,41373.68
8368,14426,162,1,9350.26
8369,14427,124,1,11200.05
8370,14428,205,1,2705.72
8371,14428,145,1,50434.54
8372,14428,150,1,1863.8
8373,14429,160,3,3791.64
8374,14430,127,1,35945.7
8375,14430,126,1,17826.16
8376,14431,101,1,81575.18
8377,14432,124,1,11200.05
8378,14432,102,3,78709.55
8379,14433,160,1,4002.28
8380,14434,216,3,4944.86
8381,14435,129,1,36778.33
8382,14435,210,1,1020.2
8383,14436,117,1,2423.14
8384,14436,160,1,4002.28
8385,14437,187,1,3281.59
8386,14437,105,2,49176.91
8387,14438,119,1,3370.87
8388,14439,159,2,7695.17
8389,14440,123,1,12491.16
8390,14441,120,1,1337.06
8391,14442,109,1,3436.63
8392,14443,153,1,831.4
8393,14443,189,2,2268.31
8394,14444,108,2,34595.22
8395,14445,209,1,1939.09
8396,14445,115,1,3314.34
8397,14445,182,1,1906.06
8398,14446,128,1,27583.55
8399,14446,106,1,62031.68
8400,14446,116,2,1204.55
8401,14446,185,1,5195.91
8402,14447,168,1,10757.09
8403,14447,182,1,1715.45
8404,14448,203,2,1043.64
8405,14449,125,4,37638.62
8406,14449,160,3,4212.93
8407,14450,132,1,15807.02
8408,14450,118,1,2537.73
8409,14451,172,1,1068.75
8410,14451,207,1,4375.21
8411,14452,116,1,1144.32
8412,14452,170,1,2201.22
8413,14452,176,3,9134.02
8414,14452,129,4,36778.33
8415,14453,162,2,9350.26
8416,14453,113,2,5396.6
8417,14454,163,1,12893.02
8418,14454,138,1,13037.33
8419,14454,200,1,5699.68
8420,14455,130,1,31736.73
8421,14456,168,1,11952.32
8422,14457,125,1,37638.62
8423,14457,108,1,34595.22
8424,14457,209,1,1939.09
8425,14458,108,2,34595.22
8426,14459,150,1,1863.8
8427,14460,208,2,1947.38
8428,14460,122,1,12589.84
8429,14461,128,2,30828.68
8430,14461,215,1,2976.61
8431,14462,103,1,69585.1
8432,14462,129,1,36778.33
8433,14462,117,3,2708.21
8434,14463,122,1,12589.84
8435,14463,142,1,12209.02
8436,14464,176,1,9134.02
8437,14465,184,1,1184.49
8438,14466,188,2,5431.22
8439,14467,107,2,52550.35
8440,14467,102,1,74774.07
8441,14468,113,1,5680.63
8442,14468,108,3,34595.22
8443,14468,106,1,55502.02
8444,14469,103,2,86981.38
8445,14469,152,1,2831.05
8446,14470,116,1,1204.55
8447,14470,169,2,3014.38
8448,14471,153,1,789.83
8449,14471,157,1,10756.16
8450,14472,101,1,81575.18
8451,14473,154,1,1723.61
8452,14474,152,2,2547.95
8453,14474,148,1,27380.7
8454,14475,124,3,10640.05
8455,14476,211,1,1626.43
8456,14476,110,1,2845.14
8457,14477,209,1,2154.54
8458,14477,164,1,9076.3
8459,14477,172,1,1257.35
8460,14477,110,1,2702.88
8461,14477,152,1,2831.05
8462,14478,104,1,73700.55
8463,14478,168,2,11952.32
8464,14478,110,1,2560.63
8465,14479,183,2,1180.85
8466,14480,131,2,17831.08
8467,14480,165,1,9925.12
8468,14480,162,1,10389.18
8469,14480,139,1,17263.53
8470,14480,151,2,1468.1
8471,14481,103,2,86981.38
8472,14481,168,1,11952.32
8473,14481,121,2,10190.11
8474,14481,102,1,78709.55
8475,14482,110,2,2418.37
8476,14483,181,2,1692.06
8477,14483,187,1,3463.9
8478,14483,179,1,1347.03
8479,14483,208,1,1752.64
8480,14484,119,2,3767.44
8481,14485,183,1,1243.0
8482,14486,186,2,5326.69
8483,14487,199,1,6780.92
8484,14487,167,1,3801.49
8485,14487,188,2,5431.22
8486,14487,168,1,11952.32
8487,14488,121,2,8581.14
8488,14489,156,1,1046.66
8489,14489,215,1,2976.61
8490,14489,127,2,34148.41
8491,14489,140,1,8286.62
8492,14490,113,4,5680.63
8493,14490,170,1,2445.8
8494,14490,186,1,4765.98
8495,14491,193,1,5957.4
8496,14491,160,1,4002.28
8497,14491,163,1,13571.6
8498,14491,101,1,69338.9
8499,14492,111,1,10914.12
8500,14493,112,1,8425.99
8501,14494,141,1,14950.35
8502,14494,164,1,8598.6
8503,14494,112,1,8425.99
8504,14495,165,3,9925.12
8505,14495,193,2,7008.71
8506,14496,103,1,86981.38
8507,14497,138,1,13804.24
8508,14497,159,1,6540.89
8509,14497,124,1,9520.04
8510,14498,144,4,14435.25
8511,14499,163,1,13571.6
8512,14499,120,1,1136.5
8513,14500,121,1,9653.79
8514,14500,182,1,1906.06
8515,14500,114,1,3181.43
8516,14501,118,1,2283.96
8517,14501,125,2,31992.83
8518,14502,159,1,7695.17
8519,14502,130,1,35263.03
8520,14502,163,2,13571.6
8521,14503,125,2,37638.62
8522,14503,173,1,7019.62
8523,14503,115,1,2982.91
8524,14504,104,2,73700.55
8525,14504,134,1,13963.51
8526,14505,112,1,8869.46
8527,14505,163,1,12214.44
8528,14506,117,1,2850.75
8529,14507,204,1,845.92
8530,14507,210,1,1020.2
8531,14507,129,1,31261.58
8532,14508,141,1,15737.21
8533,14508,164,1,9076.3
8534,14509,169,2,2863.66
8535,14509,139,1,15537.18
8536,14510,159,1,7695.17
8537,14510,109,1,3092.97
8538,14510,122,1,12589.84
8539,14511,150,1,1584.23
8540,14512,188,1,5431.22
8541,14512,131,1,18769.56
8542,14512,171,2,3389.87
8543,14512,116,2,1023.87
8544,14513,202,2,658.33
8545,14513,168,2,11354.7
8546,14513,130,3,28210.42
8547,14513,152,1,2689.5
8548,14513,179,2,1417.93
8549,14514,108,1,34595.22
8550,14514,132,2,17563.36
8551,14514,165,1,9925.12
8552,14515,181,1,1603.01
8553,14516,202,1,658.33
8554,14516,122,2,11330.86
8555,14517,142,1,12851.6
8556,14518,217,1,2203.01
8557,14518,115,2,3148.62
8558,14519,182,1,1906.06
8559,14520,108,1,34595.22
8560,14521,101,1,81575.18
8561,14521,113,1,5680.63
8562,14522,152,1,2689.5
8563,14522,173,3,7019.62
8564,14522,180,1,2338.77
8565,14522,161,2,9315.28
8566,14522,166,2,8906.32
8567,14523,130,1,31736.73
8568,14524,157,1,10756.16
8569,14525,188,1,4888.1
8570,14525,132,1,16685.19
8571,14526,124,1,11200.05
8572,14527,158,2,8755.31
8573,14527,159,1,7695.17
8574,14527,125,1,33874.76
8575,14527,103,1,78283.24
8576,14528,154,1,1723.61
8577,14528,101,1,73417.66
8578,14528,155,1,1481.95
8579,14529,108,1,34595.22
8580,14529,154,1,1723.61
8581,14529,152,2,2831.05
8582,14530,115,1,3314.34
8583,14531,125,1,37638.62
8584,14532,101,1,69338.9
8585,14532,103,1,69585.1
8586,14533,131,1,17831.08
8587,14533,171,1,3568.28
8588,14533,139,1,15537.18
8589,14534,214,1,2022.9
8590,14535,161,2,9315.28
8591,14535,186,1,5607.04
8592,14536,202,1,781.76
8593,14536,119,1,3965.73
8594,14537,155,1,1394.78
8595,14537,129,3,33100.5
8596,14538,124,2,11200.05
8597,14539,133,1,18434.89
8598,14539,185,1,6112.84
8599,14539,103,2,82632.31
8600,14539,129,1,34939.41
8601,14540,130,1,33499.88
8602,14540,186,1,5326.69
8603,14541,115,1,3314.34
8604,14542,129,1,36778.33
8605,14543,129,1,36778.33
8606,14543,127,1,32351.13
8607,14543,118,3,2157.07
8608,14543,138,1,13804.24
8609,14544,157,1,10756.16
8610,14545,171,1,3211.45
8611,14545,169,2,3014.38
8612,14546,176,1,8653.28
8613,14547,214,1,2379.88
8614,14547,202,1,822.91
8615,14548,174,2,5002.71
8616,14549,176,1,9614.76
8617,14550,182,4,1810.76
8618,14550,129,1,36778.33
8619,14551,154,1,1637.43
8620,14552,182,1,1715.45
8621,14552,121,1,9117.47
8622,14553,104,3,73700.55
8623,14553,185,1,4890.27
8624,14554,143,1,5439.75
8625,14555,177,1,1545.08
8626,14555,175,1,5134.73
8627,14555,124,1,9520.04
8628,14555,201,1,903.08
8629,14556,105,2,49176.91
8630,14556,102,1,78709.55
8631,14557,119,2,3965.73
8632,14557,103,1,78283.24
8633,14558,124,3,10640.05
8634,14558,171,1,3033.04
8635,14559,124,4,11200.05
8636,14559,218,1,7080.0
8637,14559,102,1,78709.55
8638,14560,166,1,8461.0
8639,14560,101,1,77496.42
8640,14561,122,1,10701.36
8641,14562,105,2,46718.06
8642,14562,163,1,10857.28
8643,14563,178,1,938.23
8644,14563,159,1,7310.41
8645,14564,102,2,66903.12
8646,14565,166,1,8906.32
8647,14565,112,1,8425.99
8648,14566,120,2,1337.06
8649,14566,104,1,81889.5
8650,14567,146,1,61738.52
8651,14568,110,1,2560.63
8652,14569,163,2,13571.6
8653,14570,164,2,9554.0
8654,14570,167,1,3611.42
8655,14571,123,2,11866.6
8656,14572,118,1,2537.73
8657,14573,216,2,4670.15
8658,14573,142,3,12209.02
8659,14573,106,1,62031.68
8660,14574,160,1,3791.64
8661,14575,166,1,7570.37
8662,14575,158,1,8755.31
8663,14576,196,1,2500.08
8664,14577,195,4,3308.0
8665,14577,158,1,9241.71
8666,14577,111,1,10914.12
8667,14577,206,1,2853.1
8668,14578,194,2,5488.46
8669,14579,134,1,11868.98
8670,14580,106,1,52237.2
8671,14580,119,1,3569.16
8672,14581,186,1,4765.98
8673,14582,163,1,13571.6
8674,14583,105,1,46718.06
8675,14584,134,1,13265.33
8676,14585,142,1,12851.6
8677,14586,110,3,2560.63
8678,14586,190,1,4566.54
8679,14587,126,1,18764.38
8680,14587,119,1,3370.87
8681,14588,109,1,3436.63
8682,14589,122,1,11330.86
8683,14590,194,1,5811.31
8684,14590,165,1,10476.51
8685,14591,104,1,81889.5
8686,14592,123,2,12491.16
8687,14593,174,2,5296.99
8688,14593,114,4,3976.79
8689,14594,166,1,8906.32
8690,14595,169,1,2863.66
8691,14596,159,1,7695.17
8692,14597,115,1,3148.62
8693,14598,160,1,3580.99
8694,14598,182,1,1524.85
8695,14598,215,1,2819.94
8696,14598,143,2,4895.78
8697,14599,132,2,17563.36
8698,14599,180,1,2221.83
8699,14600,117,1,2423.14
8700,14601,144,2,15195.0
8701,14602,206,1,3566.37
8702,14603,176,1,8653.28
8703,14603,182,1,1906.06
8704,14603,119,1,3767.44
8705,14604,101,2,81575.18
8706,14605,167,1,3421.34
8707,14606,101,1,65260.14
8708,14607,163,1,13571.6
8709,14608,187,1,3646.21
8710,14609,114,1,3181.43
8711,14609,116,1,963.64
8712,14610,102,2,74774.07
8713,14611,138,1,14571.14
8714,14612,106,1,65296.5
8715,14612,193,1,5957.4
8716,14613,147,3,37236.31
8717,14614,117,1,2423.14
8718,14614,161,1,9315.28
8719,14615,126,1,16887.94
8720,14616,162,1,9869.72
8721,14616,107,1,42040.28
8722,14616,123,1,12491.16
8723,14616,210,1,1020.2
8724,14617,107,1,49922.83
8725,14617,140,2,6978.21
8726,14618,174,1,5296.99
8727,14618,141,1,15737.21
8728,14619,160,2,3580.99
8729,14619,121,1,9653.79
8730,14620,212,1,1831.66
8731,14621,168,2,11952.32
8732,14621,179,1,1347.03
8733,14621,131,2,15954.13
8734,14621,196,2,2777.87
8735,14622,154,1,1723.61
8736,14623,152,1,2689.5
8737,14623,148,1,24498.52
8738,14624,171,1,3211.45
8739,14625,101,1,69338.9
8740,14625,215,1,3133.27
8741,14625,102,3,70838.6
8742,14626,184,1,1246.83
8743,14627,170,2,2445.8
8744,14627,156,2,1231.36
8745,14627,189,1,2016.27
8746,14628,122,1,12589.84
8747,14628,159,2,6925.65
8748,14629,147,1,41373.68
8749,14629,115,4,2817.19
8750,14629,187,1,3646.21
8751,14630,130,1,31736.73
8752,14631,146,1,49390.82
8753,14631,160,2,4212.93
8754,14631,179,3,1417.93
8755,14632,166,1,8461.0
8756,14632,156,3,1231.36
8757,14632,122,2,11960.35
8758,14632,109,1,2921.14
8759,14632,186,1,5607.04
8760,14633,183,1,1118.7
8761,14633,105,2,44259.22
8762,14634,137,2,12999.46
8763,14635,168,1,11952.32
8764,14635,183,1,1118.7
8765,14636,117,1,2423.14
8766,14636,101,2,77496.42
8767,14637,129,1,36778.33
8768,14637,140,1,8722.76
8769,14637,101,1,81575.18
8770,14637,205,3,3006.35
8771,14638,113,1,5680.63
8772,14638,175,2,4621.26
8773,14639,101,2,77496.42
8774,14639,131,1,16892.6
8775,14639,220,1,8039.33
8776,14639,179,2,1417.93
8777,14640,122,2,11330.86
8778,14641,178,2,938.23
8779,14641,130,1,35263.03
8780,14642,119,1,3569.16
8781,14643,112,1,7095.57
8782,14643,218,3,7912.94
8783,14644,165,2,11027.91
8784,14645,178,1,938.23
8785,14646,206,1,3566.37
8786,14646,125,2,30110.9
8787,14646,105,1,44259.22
8788,14646,157,1,11322.27
8789,14647,104,1,73700.55
8790,14648,140,1,7850.48
8791,14649,105,1,49176.91
8792,14650,105,2,41800.37
8793,14651,133,1,17350.49
8794,14652,161,1,8849.52
8795,14653,111,1,10914.12
8796,14654,164,1,9076.3
8797,14655,109,2,3436.63
8798,14656,186,1,4765.98
8799,14656,111,1,9822.71
8800,14656,189,1,2268.31
8801,14656,156,1,1231.36
8802,14657,203,1,991.46
8803,14658,106,1,65296.5
8804,14659,186,1,5607.04
8805,14659,139,2,15537.18
8806,14660,132,2,15807.02
8807,14661,116,1,1144.32
8808,14661,214,1,2141.89
8809,14661,119,2,3370.87
8810,14662,142,1,10923.86
8811,14662,219,2,3245.89
8812,14663,130,2,31736.73
8813,14664,111,3,10914.12
8814,14664,108,1,29405.94
8815,14665,148,1,27380.7
8816,14665,133,1,19519.3
8817,14665,170,4,1956.64
8818,14666,141,1,15737.21
8819,14667,171,1,3568.28
8820,14668,115,1,3148.62
8821,14668,106,1,65296.5
8822,14669,115,1,3314.34
8823,14670,101,1,81575.18
8824,14670,103,1,86981.38
8825,14670,109,3,2921.14
8826,14671,117,1,2708.21
8827,14671,122,1,11960.35
8828,14671,161,1,9315.28
8829,14672,170,2,1956.64
8830,14672,165,1,11027.91
8831,14672,125,2,35756.69
8832,14673,167,1,3611.42
8833,14673,174,1,5885.54
8834,14673,161,1,9315.28
8835,14674,125,1,33874.76
8836,14675,178,1,844.41
8837,14675,103,2,86981.38
8838,14675,192,1,2510.45
8839,14676,120,1,1270.21
8840,14676,115,1,3314.34
8841,14676,140,1,8722.76
8842,14676,113,1,5112.57
8843,14677,109,1,3264.8
8844,14678,197,1,4020.29
8845,14678,128,2,29206.12
8846,14678,107,1,47295.32
8847,14679,187,1,3646.21
8848,14679,119,1,3370.87
8849,14679,109,1,3264.8
8850,14680,118,3,2283.96
8851,14680,162,2,9350.26
8852,14680,170,1,2201.22
8853,14681,126,1,16887.94
8854,14681,121,2,9653.79
8855,14681,140,1,7414.35
8856,14681,208,1,1947.38
8857,14682,101,1,81575.18
8858,14683,128,1,32451.24
8859,14683,166,1,8906.32
8860,14684,115,1,3314.34
8861,14685,104,2,81889.5
8862,14686,126,2,17826.16
8863,14687,165,1,11027.91
8864,14688,214,1,2379.88
8865,14689,182,1,1906.06
8866,14690,129,4,36778.33
8867,14691,114,1,3777.95
8868,14691,166,1,8461.0
8869,14692,125,1,33874.76
8870,14692,143,1,4623.79
8871,14693,108,1,34595.22
8872,14694,114,2,3777.95
8873,14695,176,2,9134.02
8874,14695,109,1,3092.97
8875,14696,153,2,706.69
8876,14696,188,1,4888.1
8877,14697,181,1,1692.06
8878,14698,178,1,797.5
8879,14698,207,1,3718.93
8880,14698,125,2,31992.83
8881,14699,179,3,1417.93
8882,14699,108,1,32865.46
8883,14700,168,2,10757.09
8884,14700,123,1,12491.16
8885,14701,185,1,6112.84
8886,14701,190,1,4566.54
8887,14702,144,1,15195.0
8888,14703,127,1,32351.13
8889,14704,156,1,1169.79
8890,14705,114,1,3777.95
8891,14705,156,1,1169.79
8892,14706,119,1,3965.73
8893,14706,104,1,77795.02
8894,14707,182,1,1906.06
8895,14707,165,1,11027.91
8896,14708,179,1,1205.24
8897,14708,139,1,14674.0
8898,14709,128,1,32451.24
8899,14709,104,1,77795.02
8900,14709,205,1,3006.35
8901,14710,104,1,81889.5
8902,14711,117,3,2708.21
8903,14712,148,1,24498.52
8904,14713,130,2,35263.03
8905,14713,203,3,887.09
8906,14714,107,1,52550.35
8907,14714,208,1,1947.38
8908,14714,144,1,15195.0
8909,14714,162,3,9350.26
8910,14715,171,1,3389.87
8911,14715,154,1,1723.61
8912,14716,126,1,18764.38
8913,14717,123,3,10617.49
8914,14717,164,2,9554.0
8915,14718,157,2,11322.27
8916,14718,174,1,5885.54
8917,14719,139,1,16400.35
8918,14720,153,2,665.12
8919,14720,212,2,2047.16
8920,14721,170,1,2201.22
8921,14722,186,1,5326.69
8922,14722,116,1,963.64
8923,14723,122,1,11960.35
8924,14723,124,1,9520.04
8925,14723,168,2,11952.32
8926,14724,194,2,6457.01
8927,14724,146,1,61738.52
8928,14724,111,1,10914.12
8929,14725,103,2,86981.38
8930,14725,156,2,1231.36
8931,14726,131,1,18769.56
8932,14726,146,1,52477.74
8933,14727,216,2,5219.58
8934,14727,183,1,1056.55
8935,14728,139,2,16400.35
8936,14729,125,4,30110.9
8937,14730,188,1,5431.22
8938,14730,103,1,86981.38
8939,14731,139,1,17263.53
8940,14732,115,2,3148.62
8941,14732,105,1,49176.91
8942,14732,117,1,2850.75
8943,14733,153,2,831.4
8944,14734,104,2,81889.5
8945,14734,122,1,12589.84
8946,14734,115,1,3314.34
8947,14735,180,2,2338.77
8948,14736,124,1,11200.05
8949,14736,174,2,5885.54
8950,14737,170,1,2445.8
8951,14738,182,1,1906.06
8952,14739,124,1,11200.05
8953,14740,158,1,8755.31
8954,14740,124,1,9520.04
8955,14741,168,1,11952.32
8956,14741,217,1,2092.86
8957,14741,152,1,2831.05
8958,14741,103,1,86981.38
8959,14742,173,1,6317.66
8960,14743,172,1,1131.62
8961,14743,127,1,32351.13
8962,14743,168,2,11354.7
8963,14744,115,1,3314.34
8964,14744,152,1,2831.05
8965,14745,165,1,11027.91
8966,14746,149,2,824.78
8967,14747,183,1,1056.55
8968,14747,101,1,77496.42
8969,14748,111,1,9822.71
8970,14748,103,1,78283.24
8971,14749,124,1,10640.05
8972,14749,161,1,8849.52
8973,14750,171,1,3389.87
8974,14751,219,2,3245.89
8975,14751,148,1,27380.7
8976,14751,124,4,8960.04
8977,14752,132,2,15807.02
8978,14752,145,2,50434.54
8979,14752,122,1,11960.35
8980,14753,125,1,30110.9
8981,14754,155,1,1743.47
8982,14754,114,1,3579.11
8983,14755,107,1,47295.32
8984,14756,172,2,1257.35
8985,14756,140,1,8722.76
8986,14756,107,1,52550.35
8987,14757,112,1,8869.46
8988,14757,183,1,1118.7
8989,14757,184,1,1122.15
8990,14758,217,1,2203.01
8991,14758,180,1,2338.77
8992,14759,194,1,6457.01
8993,14759,213,1,2418.34
8994,14760,182,2,1620.15
8995,14761,148,1,25939.61
8996,14761,174,1,5296.99
8997,14762,120,1,1203.35
8998,14762,169,1,2411.5
8999,14762,115,1,3148.62
9000,14763,147,2,35167.63
9001,14763,186,2,4765.98
9002,14763,129,1,36778.33
9003,14764,112,1,7095.57
9004,14765,184,1,1246.83
9005,14765,202,1,781.76
9006,14766,176,1,9614.76
9007,14767,147,2,33098.94
9008,14768,108,1,32865.46
9009,14768,157,1,11322.27
9010,14768,130,1,28210.42
9011,14769,119,3,3569.16
9012,14769,196,1,2777.87
9013,14770,131,3,16892.6
9014,14771,156,1,1108.22
9015,14772,166,1,8906.32
9016,14773,122,1,10071.87
9017,14773,169,2,3014.38
9018,14774,109,1,3436.63
9019,14774,160,3,4212.93
9020,14775,105,1,49176.91
9021,14775,162,1,10389.18
9022,14776,192,1,2008.36
9023,14776,185,1,6112.84
9024,14776,108,2,34595.22
9025,14776,116,2,963.64
9026,14777,110,1,2702.88
9027,14777,145,1,50434.54
9028,14777,151,1,1236.3
9029,14777,113,2,5112.57
9030,14778,156,1,1108.22
9031,14779,183,1,1056.55
9032,14779,117,2,2708.21
9033,14780,135,1,18368.24
9034,14781,105,1,49176.91
9035,14781,166,1,8906.32
9036,14782,131,3,15954.13
9037,14782,151,2,1545.37
9038,14782,150,1,1770.61
9039,14783,115,1,3314.34
9040,14784,156,1,1231.36
9041,14784,174,1,4708.43
9042,14785,141,1,15737.21
9043,14786,158,1,9728.12
9044,14787,116,1,1023.87
9045,14787,123,1,12491.16
9046,14788,155,2,1569.12
9047,14789,113,1,5680.63
9048,14789,194,1,6134.16
9049,14790,209,1,2046.81
9050,14791,114,3,3579.11
9051,14792,157,1,11322.27
9052,14792,182,1,1810.76
9053,14793,170,1,2445.8
9054,14793,123,1,11242.04
9055,14793,109,1,3092.97
9056,14793,132,1,17563.36
9057,14794,157,3,10190.04
9058,14795,105,1,49176.91
9059,14796,117,2,2850.75
9060,14796,120,1,1270.21
9061,14796,123,1,9992.93
9062,14797,107,1,52550.35
9063,14798,113,2,5680.63
9064,14799,206,4,3209.73
9065,14799,203,1,887.09
9066,14799,140,1,8722.76
9067,14800,156,1,1231.36
9068,14800,187,2,3463.9
9069,14800,181,1,1781.12
9070,14801,151,1,1545.37
9071,14802,109,2,3092.97
9072,14802,117,1,2423.14
9073,14803,151,1,1390.83
9074,14804,117,1,2565.68
9075,14805,168,2,11354.7
9076,14805,128,1,27583.55
9077,14806,210,2,1020.2
9078,14806,149,2,824.78
9079,14806,162,1,10389.18
9080,14807,104,1,77795.02
9081,14807,101,2,81575.18
9082,14808,106,1,65296.5
9083,14809,131,2,18769.56
9084,14810,113,1,5396.6
9085,14810,115,1,2817.19
9086,14811,151,2,1390.83
9087,14811,119,1,3569.16
9088,14811,180,2,2221.83
9089,14812,175,2,4621.26
9090,14812,137,2,11049.54
9091,14813,103,3,86981.38
9092,14813,102,1,74774.07
9093,14814,151,2,1545.37
9094,14815,162,1,8830.8
9095,14815,140,1,8722.76
9096,14816,196,2,2638.98
9097,14816,137,1,12999.46
9098,14817,102,1,78709.55
9099,14818,216,1,5219.58
9100,14818,135,1,20409.16
9101,14818,130,1,33499.88
9102,14819,168,2,11952.32
9103,14819,203,2,991.46
9104,14820,187,1,3646.21
9105,14820,117,1,2565.68
9106,14820,116,1,1144.32
9107,14821,105,1,46718.06
9108,14821,167,2,3421.34
9109,14822,175,1,4621.26
9110,14823,115,2,3314.34
9111,14824,145,1,50434.54
9112,14824,151,1,1468.1
9113,14825,126,2,18764.38
9114,14825,175,1,4621.26
9115,14825,119,1,3965.73
9116,14826,112,2,7539.04
9117,14827,149,1,824.78
9118,14828,170,1,2201.22
9119,14829,173,1,7019.62
9120,14830,116,1,1204.55
9121,14830,115,1,3314.34
9122,14831,111,3,9822.71
9123,14832,168,1,11952.32
9124,14833,194,2,5811.31
9125,14834,161,2,8383.75
9126,14834,137,1,12349.49
9127,14835,105,2,39341.53
9128,14835,128,2,32451.24
9129,14836,113,1,5112.57
9130,14837,184,2,1122.15
9131,14837,107,1,52550.35
9132,14837,109,1,3264.8
9133,14838,127,1,35945.7
9134,14839,119,1,3965.73
9135,14839,146,1,61738.52
9136,14839,130,3,31736.73
9137,14839,116,1,1023.87
9138,14839,151,1,1545.37
9139,14840,169,1,3014.38
9140,14841,142,1,11566.44
9141,14842,163,1,13571.6
9142,14842,170,1,2323.51
9143,14843,113,1,5680.63
9144,14843,135,1,20409.16
9145,14843,127,1,34148.41
9146,14844,150,1,1863.8
9147,14845,164,1,9076.3
9148,14845,174,1,5296.99
9149,14846,171,1,3211.45
9150,14847,193,1,5606.97
9151,14847,152,1,2831.05
9152,14847,188,1,5431.22
9153,14847,111,1,10914.12
9154,14847,103,1,86981.38
9155,14848,145,1,45391.09
9156,14848,102,3,66903.12
9157,14849,115,1,3314.34
9158,14850,111,2,10914.12
9159,14850,195,1,3142.6
9160,14851,184,1,1246.83
9161,14851,114,1,3777.95
9162,14852,108,1,34595.22
9163,14853,219,1,3245.89
9164,14853,117,1,2850.75
9165,14854,187,1,3646.21
9166,14854,184,1,1246.83
9167,14855,135,1,17347.79
9168,14855,102,1,70838.6
9169,14856,163,1,12214.44
9170,14857,106,1,62031.68
9171,14857,113,1,5112.57
9172,14857,131,1,17831.08
9173,14858,112,1,7982.51
9174,14859,169,1,3014.38
9175,14859,133,1,21688.11
9176,14859,119,1,3767.44
9177,14860,149,1,742.3
9178,14861,101,2,81575.18
9179,14862,113,1,4828.54
9180,14862,151,1,1390.83
9181,14862,108,1,29405.94
9182,14863,107,1,52550.35
9183,14863,102,2,78709.55
9184,14864,128,1,32451.24
9185,14865,108,1,34595.22
9186,14866,131,1,17831.08
9187,14866,136,1,7007.38
9188,14866,199,1,6441.87
9189,14867,141,2,15737.21
9190,14868,149,3,742.3
9191,14869,210,1,816.16
9192,14870,220,1,8039.33
9193,14871,163,1,13571.6
9194,14871,175,1,4877.99
9195,14872,113,1,5112.57
9196,14872,117,2,2850.75
9197,14873,199,1,6441.87
9198,14873,101,1,81575.18
9199,14873,137,1,12999.46
9200,14873,151,2,1545.37
9201,14874,127,1,35945.7
9202,14874,128,4,30828.68
9203,14874,185,1,6112.84
9204,14875,153,1,665.12
9205,14875,108,1,32865.46
9206,14875,187,1,3646.21
9207,14876,121,1,10726.43
9208,14877,103,2,78283.24
9209,14877,135,3,18368.24
9210,14877,156,2,1169.79
9211,14877,160,1,4002.28
9212,14878,121,1,10726.43
9213,14879,117,2,2850.75
9214,14879,139,1,17263.53
9215,14880,204,1,796.16
9216,14880,187,1,3646.21
9217,14880,119,1,3172.58
9218,14881,201,1,956.2
9219,14882,114,1,3976.79
9220,14883,213,1,2297.42
9221,14883,104,2,73700.55
9222,14884,171,1,3389.87
9223,14884,114,2,3976.79
9224,14885,128,2,30828.68
9225,14885,138,1,13804.24
9226,14886,169,1,2863.66
9227,14886,190,1,4806.88
9228,14887,165,1,9925.12
9229,14887,170,2,2201.22
9230,14887,178,1,891.32
9231,14888,183,1,1180.85
9232,14889,153,1,706.69
9233,14890,113,2,5112.57
9234,14890,152,4,2831.05
9235,14890,153,1,789.83
9236,14891,119,2,3965.73
9237,14891,116,2,1204.55
9238,14891,178,1,938.23
9239,14892,165,1,10476.51
9240,14892,127,4,32351.13
9241,14892,111,1,9822.71
9242,14893,209,1,2154.54
9243,14894,106,1,65296.5
9244,14894,123,1,10617.49
9245,14895,203,1,939.28
9246,14895,110,1,2845.14
9247,14896,143,1,5167.76
9248,14896,123,1,12491.16
9249,14896,175,1,4364.52
9250,14897,139,1,17263.53
9251,14898,130,2,35263.03
9252,14898,171,1,3033.04
9253,14899,129,1,29422.66
9254,14899,131,1,18769.56
9255,14899,110,1,2845.14
9256,14899,132,1,14050.69
9257,14900,193,1,5957.4
9258,14900,103,1,78283.24
9259,14901,127,1,32351.13
9260,14902,117,1,2708.21
9261,14902,165,1,11027.91
9262,14902,123,1,12491.16
9263,14902,168,1,11354.7
9264,14903,126,2,15011.5
9265,14904,104,1,73700.55
9266,14905,119,2,3965.73
9267,14905,126,2,18764.38
9268,14906,131,1,17831.08
9269,14906,144,1,15195.0
9270,14907,192,3,2510.45
9271,14907,141,2,14950.35
9272,14907,103,1,86981.38
9273,14907,112,1,8869.46
9274,14907,184,1,1246.83
9275,14908,149,4,824.78
9276,14908,140,1,8722.76
9277,14908,166,2,8906.32
9278,14909,114,1,3976.79
9279,14909,134,1,12567.16
9280,14909,109,3,3436.63
9281,14910,187,1,3463.9
9282,14910,109,1,3436.63
9283,14911,151,1,1545.37
9284,14912,127,1,28756.56
9285,14912,105,1,49176.91
9286,14913,118,1,2030.18
9287,14914,128,1,32451.24
9288,14914,126,2,17826.16
9289,14915,119,1,3569.16
9290,14916,176,1,9614.76
9291,14917,112,1,7539.04
9292,14917,119,1,3965.73
9293,14917,178,1,844.41
9294,14917,113,1,5396.6
9295,14918,210,1,1020.2
9296,14918,137,1,12999.46
9297,14918,107,3,52550.35
9298,14918,166,1,8015.69
9299,14918,118,1,2410.84
9300,14919,151,1,1468.1
9301,14919,160,2,4002.28
9302,14919,102,4,70838.6
9303,14919,162,2,9869.72
9304,14920,104,1,81889.5
9305,14921,122,1,12589.84
9306,14921,166,2,7570.37
9307,14921,152,1,2406.39
9308,14921,149,1,824.78
9309,14922,183,1,1243.0
9310,14922,121,4,9653.79
9311,14923,216,1,5219.58
9312,14924,123,1,12491.16
9313,14925,129,4,34939.41
9314,14925,122,2,12589.84
9315,14925,158,1,9728.12
9316,14925,163,1,13571.6
9317,14926,127,4,34148.41
9318,14926,207,1,4375.21
9319,14927,216,1,5494.29
9320,14928,169,1,2562.22
9321,14929,195,4,2977.2
9322,14930,110,2,2845.14
9323,14930,201,1,1062.45
9324,14931,109,1,3436.63
9325,14931,159,3,6925.65
9326,14932,196,1,2777.87
9327,14932,184,1,1059.81
9328,14933,144,1,15195.0
9329,14933,208,2,1947.38
9330,14934,198,1,5507.55
9331,14935,121,1,10726.43
9332,14935,141,2,15737.21
9333,14936,114,1,3380.27
9334,14937,106,1,62031.68
9335,14938,105,1,44259.22
9336,14939,182,1,1906.06
9337,14939,126,1,18764.38
9338,14939,170,1,2445.8
9339,14940,182,1,1810.76
9340,14940,130,2,35263.03
9341,14940,117,1,2280.6
9342,14940,105,1,49176.91
9343,14941,109,2,3092.97
9344,14942,125,2,37638.62
9345,14943,192,2,2259.4
9346,14944,120,1,1337.06
9347,14944,201,1,1062.45
9348,14945,113,1,5680.63
9349,14946,107,1,52550.35
9350,14947,128,1,32451.24
9351,14948,203,1,939.28
9352,14949,119,1,3965.73
9353,14949,147,1,37236.31
9354,14950,101,1,81575.18
9355,14951,125,1,31992.83
9356,14952,139,1,15537.18
9357,14952,101,1,81575.18
9358,14953,120,1,1203.35
9359,14953,126,3,18764.38
9360,14953,213,2,2418.34
9361,14954,121,1,9653.79
9362,14954,215,1,3133.27
9363,14954,159,1,7695.17
9364,14955,182,1,1715.45
9365,14955,135,1,18368.24
9366,14956,108,1,34595.22
9367,14957,156,1,1169.79
9368,14958,157,1,11322.27
9369,14958,152,1,2689.5
9370,14958,126,1,18764.38
9371,14958,101,1,77496.42
9372,14959,102,1,78709.55
9373,14959,130,1,35263.03
9374,14960,198,2,5507.55
9375,14960,164,2,9554.0
9376,14961,152,2,2831.05
9377,14962,213,1,2418.34
9378,14963,135,2,20409.16
9379,14964,114,1,3976.79
9380,14964,149,3,824.78
9381,14965,192,1,2510.45
9382,14965,112,1,7982.51
9383,14966,216,2,4670.15
9384,14967,112,1,7982.51
9385,14968,178,1,891.32
9386,14969,142,1,12209.02
9387,14969,114,1,3976.79
9388,14970,179,1,1417.93
9389,14970,119,2,3172.58
9390,14970,147,1,35167.63
9391,14971,148,1,28821.79
9392,14971,132,1,16685.19
9393,14972,165,1,11027.91
9394,14972,113,1,4828.54
9395,14973,107,1,49922.83
9396,14973,167,4,3611.42
9397,14974,194,1,5811.31
9398,14974,107,2,47295.32
9399,14974,101,1,73417.66
9400,14975,121,1,9653.79
9401,14975,112,1,8869.46
9402,14976,167,3,3231.27
9403,14977,187,2,3463.9
9404,14977,102,2,78709.55
9405,14978,152,1,2831.05
9406,14978,116,1,1144.32
9407,14978,123,2,9992.93
9408,14979,108,1,34595.22
9409,14980,136,2,6228.78
9410,14980,155,1,1394.78
9411,14980,110,1,2845.14
9412,14981,166,1,8015.69
9413,14981,113,1,5112.57
9414,14981,125,1,35756.69
9415,14981,137,1,12349.49
9416,14982,132,1,17563.36
9417,14983,102,1,78709.55
9418,14984,215,1,3133.27
9419,14985,111,1,10914.12
9420,14985,147,2,41373.68
9421,14986,112,1,8869.46
9422,14987,158,2,9241.71
9423,14988,179,1,1205.24
9424,14988,220,1,8039.33
9425,14989,187,1,3463.9
9426,14989,130,2,28210.42
9427,14990,132,1,17563.36
9428,14991,144,1,15195.0
9429,14991,127,1,35945.7
9430,14991,162,1,10389.18
9431,14991,147,2,41373.68
9432,14992,155,1,1569.12
9433,14992,103,2,86981.38
9434,14992,153,2,831.4
9435,14993,113,1,5680.63
9436,14994,179,2,1417.93
9437,14994,176,1,8172.55
9438,14995,177,1,1390.57
9439,14996,198,2,5797.42
9440,14996,137,1,12999.46
9441,14997,132,1,17563.36
9442,14997,211,3,1626.43
9443,14998,106,1,65296.5
9444,14998,119,1,3569.16
9445,14999,117,1,2565.68
9446,14999,122,1,10071.87
9447,14999,149,1,824.78
9448,15000,114,1,3380.27
9449,15001,117,1,2708.21
9450,15002,169,2,2863.66
9451,15003,182,1,1906.06
9452,15003,127,1,35945.7
9453,15004,107,2,49922.83
9454,15005,173,1,7019.62
9455,15006,112,2,8869.46
9456,15006,174,1,5591.26
9457,15006,211,2,1545.11
9458,15006,169,3,3014.38
9459,15006,161,2,7917.99
9460,15007,210,1,816.16
9461,15008,105,1,49176.91
9462,15008,140,1,8286.62
9463,15008,141,1,13376.63
9464,15009,160,1,3791.64
9465,15010,124,1,11200.05
9466,15010,121,1,9653.79
9467,15010,156,3,1169.79
9468,15010,122,1,12589.84
9469,15011,193,1,6658.27
9470,15011,108,1,34595.22
9471,15011,210,1,867.17
9472,15011,122,2,12589.84
9473,15012,127,2,34148.41
9474,15012,131,1,18769.56
9475,15013,165,1,9925.12
9476,15013,137,1,10399.57
9477,15014,196,1,2638.98
9478,15015,125,3,37638.62
9479,15016,178,3,891.32
9480,15016,114,2,3579.11
9481,15017,123,1,11866.6
9482,15017,174,1,5885.54
9483,15018,194,1,5811.31
9484,15019,170,3,2445.8
9485,15019,109,1,3264.8
9486,15019,155,1,1394.78
9487,15020,107,3,47295.32
9488,15021,119,3,3965.73
9489,15022,115,2,3148.62
9490,15022,219,2,2759.01
9491,15023,176,2,8653.28
9492,15023,183,2,1243.0
9493,15023,127,1,34148.41
9494,15023,126,2,18764.38
9495,15024,122,1,11330.86
9496,15024,164,3,9554.0
9497,15024,155,2,1743.47
9498,15025,129,1,36778.33
9499,15025,130,4,33499.88
9500,15025,174,1,5591.26
9501,15026,113,1,5680.63
9502,15026,104,1,81889.5
9503,15026,126,2,16887.94
9504,15027,120,2,1203.35
9505,15028,122,1,11960.35
9506,15028,212,1,2154.9
9507,15028,167,2,3421.34
9508,15029,194,1,6134.16
9509,15030,158,1,9241.71
9510,15030,129,1,34939.41
9511,15030,118,1,2410.84
9512,15031,120,1,1337.06
9513,15031,111,1,10914.12
9514,15032,125,1,37638.62
9515,15033,101,1,73417.66
9516,15034,158,1,9728.12
9517,15035,131,1,18769.56
9518,15035,113,2,5680.63
9519,15036,178,1,938.23
9520,15037,118,1,2157.07
9521,15038,128,1,29206.12
9522,15038,130,1,35263.03
9523,15038,140,1,7414.35
9524,15039,189,1,2520.34
9525,15040,121,1,9653.79
9526,15041,130,2,29973.58
9527,15041,125,2,35756.69
9528,15042,105,1,44259.22
9529,15043,156,1,1046.66
9530,15043,182,1,1906.06
9531,15044,201,2,1009.33
9532,15044,174,1,5885.54
9533,15044,178,1,891.32
9534,15045,127,1,28756.56
9535,15045,207,2,4156.45
9536,15046,120,1,1203.35
9537,15047,181,1,1781.12
9538,15048,121,1,9653.79
9539,15048,105,1,46718.06
9540,15048,112,1,7982.51
9541,15049,182,2,1715.45
9542,15049,130,1,33499.88
9543,15050,181,1,1781.12
9544,15050,102,1,78709.55
9545,15050,115,1,3314.34
9546,15051,117,2,2850.75
9547,15051,150,1,1584.23
9548,15051,147,2,39305.0
9549,15052,102,1,78709.55
9550,15053,118,1,2283.96
9551,15054,107,2,52550.35
9552,15054,214,1,2379.88
9553,15055,116,1,1084.1
9554,15055,105,1,46718.06
9555,15056,129,1,36778.33
9556,15057,107,1,52550.35
9557,15057,118,1,2537.73
9558,15058,188,2,5431.22
9559,15059,208,2,1752.64
9560,15059,140,3,8722.76
9561,15060,107,1,49922.83
9562,15061,117,1,2850.75
9563,15062,167,1,3231.27
9564,15062,129,1,33100.5
9565,15063,149,2,824.78
9566,15063,156,1,1231.36
9567,15063,124,3,9520.04
9568,15064,128,1,29206.12
9569,15064,112,1,8425.99
9570,15065,121,1,9653.79
9571,15065,184,2,1184.49
9572,15065,130,1,31736.73
9573,15066,213,2,2297.42
9574,15066,123,1,11866.6
9575,15066,152,1,2831.05
9576,15067,154,1,1465.07
9577,15068,121,3,10190.11
9578,15069,184,2,1184.49
9579,15070,107,1,44667.8
9580,15070,127,1,35945.7
9581,15070,179,1,1276.14
9582,15071,101,3,69338.9
9583,15072,132,1,14928.86
9584,15073,180,1,2338.77
9585,15073,194,1,5488.46
9586,15074,188,1,4888.1
9587,15074,125,1,35756.69
9588,15075,183,3,1243.0
9589,15076,157,1,11322.27
9590,15076,173,1,7019.62
9591,15077,140,2,7850.48
9592,15077,214,1,2379.88
9593,15077,130,1,31736.73
9594,15077,146,2,61738.52
9595,15078,130,1,33499.88
9596,15079,173,2,7019.62
9597,15079,108,1,32865.46
9598,15079,120,1,1337.06
9599,15079,123,2,10617.49
9600,15079,121,1,10190.11
9601,15080,170,2,2445.8
9602,15080,165,1,9925.12
9603,15081,118,2,2283.96
9604,15081,151,1,1468.1
9605,15081,112,1,8869.46
9606,15082,110,2,2845.14
9607,15082,131,1,18769.56
9608,15082,150,2,1863.8
9609,15083,153,1,831.4
9610,15083,104,2,77795.02
9611,15084,104,2,69606.08
9612,15084,101,4,81575.18
9613,15084,206,1,3566.37
9614,15084,169,2,3014.38
9615,15085,184,1,1246.83
9616,15085,163,1,12893.02
9617,15086,101,2,65260.14
9618,15087,120,2,1069.65
9619,15087,181,1,1603.01
9620,15087,163,2,13571.6
9621,15087,177,1,1545.08
9622,15088,187,2,3646.21
9623,15088,154,1,1465.07
9624,15088,138,1,14571.14
9625,15088,116,1,1204.55
9626,15089,104,1,77795.02
9627,15089,122,1,11960.35
9628,15090,109,2,3264.8
9629,15090,112,1,8869.46
9630,15091,116,1,1204.55
9631,15092,110,1,2845.14
9632,15092,111,2,10914.12
9633,15093,208,1,1947.38
9634,15093,144,1,15195.0
9635,15093,168,3,11952.32
9636,15093,201,2,1062.45
9637,15093,117,1,2708.21
9638,15094,189,1,2520.34
9639,15095,130,1,33499.88
9640,15095,114,1,3976.79
9641,15095,125,1,33874.76
9642,15095,154,1,1723.61
9643,15096,200,2,5129.71
9644,15097,154,1,1551.25
9645,15098,135,1,18368.24
9646,15098,101,1,73417.66
9647,15099,167,1,3801.49
9648,15100,159,1,7695.17
9649,15100,153,4,831.4
9650,15101,189,1,2520.34
9651,15102,210,1,918.18
9652,15103,103,1,69585.1
9653,15103,126,2,15949.72
9654,15104,122,1,11960.35
9655,15105,180,1,2104.89
9656,15105,186,1,5326.69
9657,15106,187,1,3646.21
9658,15106,144,3,13675.5
9659,15107,167,1,3801.49
9660,15108,130,2,31736.73
9661,15108,102,1,78709.55
9662,15109,109,1,2921.14
9663,15110,108,3,32865.46
9664,15110,117,1,2708.21
9665,15111,212,1,1939.41
9666,15112,130,2,31736.73
9667,15113,145,1,40347.63
9668,15114,125,1,33874.76
9669,15114,122,1,12589.84
9670,15115,110,1,2702.88
9671,15115,118,1,2537.73
9672,15115,123,1,12491.16
9673,15116,109,1,3436.63
9674,15117,115,1,2982.91
9675,15117,162,1,10389.18
9676,15117,104,1,73700.55
9677,15118,117,3,2708.21
9678,15119,102,1,78709.55
9679,15119,123,1,11242.04
9680,15119,131,1,16892.6
9681,15120,132,1,15807.02
9682,15121,181,1,1692.06
9683,15122,112,2,7982.51
9684,15122,141,1,15737.21
9685,15122,126,1,17826.16
9686,15122,211,1,1626.43
9687,15123,181,2,1781.12
9688,15123,109,1,3092.97
9689,15124,203,3,1043.64
9690,15124,131,1,15015.65
9691,15125,101,1,69338.9
9692,15126,143,2,5167.76
9693,15126,177,2,1467.83
9694,15127,103,2,86981.38
9695,15127,110,1,2560.63
9696,15128,106,1,55502.02
9697,15128,173,1,7019.62
9698,15129,101,1,81575.18
9699,15130,187,1,3099.28
9700,15130,135,1,18368.24
9701,15130,112,1,8425.99
9702,15130,110,1,2845.14
9703,15131,185,1,6112.84
9704,15132,126,1,15011.5
9705,15132,138,1,14571.14
9706,15133,104,1,65511.6
9707,15134,117,1,2708.21
9708,15134,134,1,12567.16
9709,15135,101,2,69338.9
9710,15136,119,2,3767.44
9711,15137,126,2,16887.94
9712,15137,101,2,81575.18
9713,15137,102,2,70838.6
9714,15137,148,2,28821.79
9715,15138,145,1,45391.09
9716,15138,152,1,2831.05
9717,15139,128,2,29206.12
9718,15140,159,1,7695.17
9719,15140,118,1,2283.96
9720,15141,121,2,9653.79
9721,15141,200,1,5699.68
9722,15141,154,2,1723.61
9723,15141,115,2,3314.34
9724,15141,101,1,77496.42
9725,15142,120,2,1337.06
9726,15142,117,1,2565.68
9727,15143,112,1,8869.46
9728,15143,160,1,4002.28
9729,15143,153,2,706.69
9730,15144,132,1,16685.19
9731,15144,208,2,1947.38
9732,15145,175,2,5134.73
9733,15146,129,3,31261.58
9734,15146,166,1,7570.37
9735,15146,109,2,3264.8
9736,15147,214,1,2379.88
9737,15147,115,1,2651.47
9738,15147,105,2,41800.37
9739,15147,122,3,12589.84
9740,15148,113,1,5680.63
9741,15148,145,1,47912.81
9742,15149,109,2,3436.63
9743,15149,136,1,7785.98
9744,15149,164,1,9554.0
9745,15149,135,1,18368.24
9746,15150,130,3,33499.88
9747,15151,124,2,10080.04
9748,15151,139,1,15537.18
9749,15152,101,2,81575.18
9750,15153,142,2,11566.44
9751,15153,132,1,16685.19
9752,15153,174,3,5002.71
9753,15154,178,2,891.32
9754,15155,162,1,9350.26
9755,15155,111,1,10914.12
9756,15156,120,2,1270.21
9757,15157,116,3,1084.1
9758,15157,177,1,1390.57
9759,15158,108,1,34595.22
9760,15159,151,1,1313.56
9761,15160,220,1,8485.96
9762,15161,150,3,1677.42
9763,15162,130,1,35263.03
9764,15163,126,1,15949.72
9765,15163,134,1,13963.51
9766,15163,120,2,1337.06
9767,15164,148,4,25939.61
9768,15165,165,1,11027.91
9769,15165,118,3,2537.73
9770,15165,119,1,3569.16
9771,15165,180,2,2338.77
9772,15166,101,1,69338.9
9773,15166,142,1,11566.44
9774,15167,161,1,8383.75
9775,15167,127,4,35945.7
9776,15168,151,2,1390.83
9777,15168,185,2,6112.84
9778,15168,115,1,3314.34
9779,15168,173,1,7019.62
9780,15169,165,1,11027.91
9781,15170,120,2,1337.06
9782,15170,114,1,3976.79
9783,15171,114,1,3579.11
9784,15171,112,1,8869.46
9785,15172,128,1,32451.24
9786,15173,113,1,4828.54
9787,15173,131,2,18769.56
9788,15173,217,1,2203.01
9789,15173,103,3,86981.38
9790,15173,165,4,9925.12
9791,15174,176,1,9134.02
9792,15175,129,1,34939.41
9793,15176,165,2,9925.12
9794,15176,213,1,2418.34
9795,15177,132,1,15807.02
9796,15178,126,1,15949.72
9797,15178,156,1,1108.22
9798,15178,188,3,5159.66
9799,15178,127,1,32351.13
9800,15179,108,2,34595.22
9801,15179,145,1,47912.81
9802,15179,133,1,17350.49
9803,15180,106,1,62031.68
9804,15180,120,1,1337.06
9805,15180,101,1,77496.42
9806,15180,128,1,32451.24
9807,15181,177,2,1545.08
9808,15182,106,1,58766.85
9809,15183,153,3,748.26
9810,15184,125,1,33874.76
9811,15185,105,1,49176.91
9812,15186,184,2,1246.83
9813,15186,218,1,8329.41
9814,15187,149,2,742.3
9815,15188,137,2,12349.49
9816,15188,132,1,17563.36
9817,15188,202,2,822.91
9818,15189,157,1,11322.27
9819,15189,171,1,3389.87
9820,15190,215,2,2976.61
9821,15191,111,4,10368.41
9822,15191,210,1,918.18
9823,15192,129,1,36778.33
9824,15192,143,1,5439.75
9825,15193,128,1,29206.12
9826,15193,145,1,47912.81
9827,15193,111,1,10914.12
9828,15194,106,1,58766.85
9829,15195,119,1,3965.73
9830,15195,118,1,2537.73
9831,15196,209,2,1939.09
9832,15196,105,2,49176.91
9833,15197,208,1,1947.38
9834,15197,192,2,2510.45
9835,15197,176,1,9614.76
9836,15198,148,2,27380.7
9837,15198,209,1,2154.54
9838,15199,185,1,6112.84
9839,15200,161,1,9315.28
9840,15201,113,2,5112.57
9841,15201,138,2,15338.04
9842,15201,177,3,1545.08
9843,15202,106,3,65296.5
9844,15203,112,1,8425.99
9845,15204,152,2,2689.5
9846,15205,118,2,2410.84
9847,15205,106,2,62031.68
9848,15205,168,1,11354.7
9849,15206,132,1,17563.36
9850,15207,108,1,32865.46
9851,15207,115,2,3148.62
9852,15207,219,1,3245.89
9853,15208,186,1,5607.04
9854,15208,119,1,3965.73
9855,15209,214,1,2141.89
9856,15209,163,1,13571.6
9857,15209,212,1,2047.16
9858,15210,186,1,5046.34
9859,15210,157,1,11322.27
9860,15210,168,3,11354.7
9861,15211,140,1,8722.76
9862,15211,201,1,1062.45
9863,15211,110,1,2560.63
9864,15212,147,2,41373.68
9865,15212,198,1,5797.42
9866,15213,123,2,12491.16
9867,15214,127,1,30553.84
9868,15215,153,2,789.83
9869,15215,136,4,7785.98
9870,15215,163,1,13571.6
9871,15215,161,2,9315.28
9872,15215,140,1,7850.48
9873,15216,144,2,14435.25
9874,15216,129,2,33100.5
9875,15217,155,1,1743.47
9876,15218,184,1,1184.49
9877,15219,206,1,3209.73
9878,15220,121,1,10190.11
9879,15220,190,1,4085.85
9880,15221,126,2,18764.38
9881,15222,127,1,32351.13
9882,15222,114,1,3976.79
9883,15223,215,1,3133.27
9884,15224,187,1,3646.21
9885,15224,166,1,8906.32
9886,15224,110,2,2560.63
9887,15224,116,1,1204.55
9888,15224,112,2,8425.99
9889,15225,201,1,956.2
9890,15225,101,1,81575.18
9891,15226,114,1,3976.79
9892,15226,142,1,10923.86
9893,15226,171,2,3568.28
9894,15226,126,1,18764.38
9895,15227,160,1,3580.99
9896,15228,186,1,5046.34
9897,15229,120,1,1270.21
9898,15229,158,1,9728.12
9899,15229,154,1,1723.61
9900,15230,159,1,6925.65
9901,15230,130,1,31736.73
9902,15230,105,1,44259.22
9903,15230,157,1,11322.27
9904,15231,128,1,32451.24
9905,15232,166,1,7125.06
9906,15233,122,1,12589.84
9907,15234,205,1,2705.72
9908,15234,135,2,19388.7
9909,15235,215,1,3133.27
9910,15236,186,1,4485.63
9911,15236,122,1,11330.86
9912,15236,121,1,9653.79
9913,15236,168,2,11354.7
9914,15236,123,2,11242.04
9915,15237,167,1,3801.49
9916,15237,188,1,5431.22
9917,15237,107,4,52550.35
9918,15237,109,1,3092.97
9919,15238,121,1,10726.43
9920,15239,184,2,1122.15
9921,15239,187,3,3646.21
9922,15239,185,1,6112.84
9923,15239,111,1,9822.71
9924,15240,131,1,18769.56
9925,15241,211,2,1463.79
9926,15242,101,1,81575.18
9927,15242,111,1,9822.71
9928,15242,138,1,12270.43
9929,15243,159,2,6540.89
9930,15244,113,1,5112.57
9931,15245,153,1,831.4
9932,15245,102,2,70838.6
9933,15246,157,1,10756.16
9934,15247,167,1,3801.49
9935,15248,106,1,52237.2
9936,15249,132,1,17563.36
9937,15249,156,1,1169.79
9938,15250,197,1,3417.25
9939,15250,101,1,65260.14
9940,15251,128,1,32451.24
9941,15252,101,1,73417.66
9942,15253,107,3,52550.35
9943,15254,178,2,891.32
9944,15254,117,1,2423.14
9945,15255,155,1,1743.47
9946,15255,136,1,7785.98
9947,15256,104,1,81889.5
9948,15257,113,1,5112.57
9949,15257,140,1,7414.35
9950,15258,102,1,74774.07
9951,15258,126,1,16887.94
9952,15259,193,1,6658.27
9953,15260,176,2,9614.76
9954,15260,142,1,12851.6
9955,15260,184,1,1246.83
9956,15260,147,1,41373.68
9957,15260,130,1,28210.42
9958,15261,124,1,10080.04
9959,15262,184,1,1184.49
9960,15262,121,1,9653.79
9961,15262,140,1,8722.76
9962,15263,132,1,17563.36
9963,15263,129,1,36778.33
9964,15264,114,2,3777.95
9965,15264,172,1,1257.35
9966,15265,106,1,58766.85
9967,15266,101,1,65260.14
9968,15266,108,1,31135.7
9969,15266,184,1,1246.83
9970,15266,164,1,9554.0
9971,15267,103,1,86981.38
9972,15267,126,1,16887.94
9973,15268,179,2,1417.93
9974,15269,168,1,10159.47
9975,15270,156,1,1169.79
9976,15270,176,1,9614.76
9977,15271,148,2,28821.79
9978,15272,110,1,2845.14
9979,15272,113,1,5680.63
9980,15272,195,1,3308.0
9981,15273,127,2,35945.7
9982,15273,156,1,1231.36
9983,15274,180,1,2338.77
9984,15275,121,2,9653.79
9985,15276,111,1,9822.71
9986,15277,108,1,34595.22
9987,15278,171,1,3033.04
9988,15279,127,1,35945.7
9989,15279,154,3,1637.43
9990,15280,121,1,10726.43
9991,15281,117,1,2565.68
9992,15282,140,1,8722.76
9993,15283,182,1,1524.85
9994,15283,106,2,65296.5
9995,15284,205,1,3006.35
9996,15285,134,1,12567.16
9997,15286,153,1,831.4
9998,15287,210,1,969.19
9999,15287,185,1,5807.2
10000,15288,213,2,2418.34
10001,15288,123,2,11242.04
10002,15289,180,1,1987.95
10003,15289,161,1,7452.22
10004,15290,132,1,17563.36
10005,15291,103,1,86981.38
10006,15291,203,2,939.28
10007,15292,110,1,2276.11
10008,15292,174,1,5296.99
10009,15293,152,1,2831.05
10010,15293,168,1,11952.32
10011,15294,150,2,1770.61
10012,15294,154,1,1723.61
10013,15295,103,1,82632.31
10014,15296,106,3,52237.2
10015,15297,108,1,34595.22
10016,15297,180,1,2338.77
10017,15298,180,2,2338.77
10018,15298,118,1,2537.73
10019,15298,128,1,27583.55
10020,15298,127,3,35945.7
10021,15299,139,2,17263.53
10022,15300,112,1,7982.51
10023,15301,130,2,31736.73
10024,15302,128,2,30828.68
10025,15303,121,1,10726.43
10026,15303,104,1,69606.08
10027,15304,156,1,1108.22
10028,15304,164,2,9554.0
10029,15305,217,1,1982.71
10030,15306,154,4,1551.25
10031,15306,132,2,17563.36
10032,15307,170,1,2445.8
10033,15307,171,1,3389.87
10034,15307,106,1,62031.68
10035,15308,175,1,4877.99
10036,15309,161,1,8383.75
10037,15309,218,1,7496.47
10038,15310,169,3,3014.38
10039,15310,108,1,29405.94
10040,15310,217,1,2092.86
10041,15311,159,1,7310.41
10042,15311,150,2,1584.23
10043,15312,128,1,30828.68
10044,15312,176,1,9134.02
10045,15312,126,2,15949.72
10046,15313,131,1,17831.08
10047,15314,139,1,16400.35
10048,15314,181,2,1781.12
10049,15314,161,1,8383.75
10050,15314,108,1,29405.94
10051,15315,101,1,81575.18
10052,15315,165,1,11027.91
10053,15316,150,2,1863.8
10054,15317,190,2,4806.88
10055,15317,155,1,1743.47
10056,15318,164,1,9554.0
10057,15318,208,2,1947.38
10058,15319,125,1,37638.62
10059,15319,111,1,10914.12
10060,15319,216,1,5494.29
10061,15320,176,2,9614.76
10062,15320,217,1,2203.01
10063,15320,105,4,39341.53
10064,15321,106,1,65296.5
10065,15321,182,1,1715.45
10066,15321,157,2,10756.16
10067,15322,163,1,12214.44
10068,15322,175,1,5134.73
10069,15323,151,1,1313.56
10070,15324,218,1,6663.53
10071,15324,117,1,2850.75
10072,15325,125,4,33874.76
10073,15325,119,1,3965.73
10074,15326,120,1,1270.21
10075,15327,204,1,995.2
10076,15328,105,1,39341.53
10077,15328,168,1,11952.32
10078,15329,105,2,44259.22
10079,15330,121,1,9653.79
10080,15330,178,1,938.23
10081,15330,107,1,44667.8
10082,15330,191,2,4864.92
10083,15331,113,2,5680.63
10084,15332,153,1,831.4
10085,15332,151,1,1545.37
10086,15332,182,1,1906.06
10087,15333,112,1,7539.04
10088,15333,185,1,5501.56
10089,15334,103,1,86981.38
10090,15334,220,1,7592.7
10091,15334,120,1,1270.21
10092,15335,176,1,9614.76
10093,15335,117,1,2423.14
10094,15336,108,1,34595.22
10095,15337,113,1,5680.63
10096,15338,140,3,8286.62
10097,15338,169,1,3014.38
10098,15339,204,1,845.92
10099,15339,173,2,7019.62
10100,15340,120,1,1337.06
10101,15340,134,2,12567.16
10102,15341,116,1,1084.1
10103,15342,178,3,891.32
10104,15343,118,1,2537.73
10105,15344,104,2,81889.5
10106,15344,119,2,3767.44
10107,15344,139,1,14674.0
10108,15345,141,2,13376.63
10109,15346,123,1,11242.04
10110,15347,132,1,14050.69
10111,15347,102,2,70838.6
10112,15347,107,1,42040.28
10113,15348,123,1,9992.93
10114,15348,171,1,3211.45
10115,15348,129,1,31261.58
10116,15349,168,1,11952.32
10117,15350,129,3,36778.33
10118,15351,114,1,3976.79
10119,15352,147,2,35167.63
10120,15352,179,1,1205.24
10121,15352,174,1,5885.54
10122,15352,160,1,4212.93
10123,15353,179,1,1134.34
10124,15353,103,1,86981.38
10125,15354,193,1,6658.27
10126,15354,103,1,78283.24
10127,15354,124,1,10640.05
10128,15354,194,1,6457.01
10129,15355,114,2,3380.27
10130,15356,151,1,1545.37
10131,15356,116,2,1204.55
10132,15357,177,1,1467.83
10133,15357,220,3,8932.59
10134,15357,131,1,18769.56
10135,15357,151,4,1545.37
10136,15358,119,1,3569.16
10137,15358,184,2,1184.49
10138,15358,133,1,21688.11
10139,15359,107,1,49922.83
10140,15359,115,1,3314.34
10141,15359,120,1,1203.35
10142,15359,111,2,10914.12
10143,15360,113,3,5680.63
10144,15360,180,2,2338.77
10145,15361,153,1,748.26
10146,15362,205,1,3006.35
10147,15362,129,1,34939.41
10148,15363,111,2,8731.3
10149,15363,215,1,3133.27
10150,15363,163,2,11535.86
10151,15364,102,1,78709.55
10152,15365,101,1,73417.66
10153,15365,178,3,938.23
10154,15365,184,1,1059.81
10155,15365,179,1,1347.03
10156,15366,174,1,5885.54
10157,15366,127,1,30553.84
10158,15366,129,1,34939.41
10159,15366,110,2,2560.63
10160,15367,128,1,29206.12
10161,15367,196,3,2777.87
10162,15368,175,1,5134.73
10163,15368,155,2,1569.12
10164,15368,125,1,37638.62
10165,15368,191,2,4864.92
10166,15369,106,1,62031.68
10167,15370,103,1,86981.38
10168,15370,185,3,6112.84
10169,15370,187,1,3463.9
10170,15371,136,3,7396.68
10171,15371,131,1,16892.6
10172,15371,187,2,3646.21
10173,15372,111,2,10914.12
10174,15372,157,1,11322.27
10175,15373,169,1,2863.66
10176,15373,121,1,10190.11
10177,15373,117,1,2708.21
10178,15374,185,1,6112.84
10179,15374,110,1,2702.88
10180,15374,151,2,1545.37
10181,15375,102,2,66903.12
10182,15376,155,1,1656.3
10183,15376,104,1,73700.55
10184,15377,169,1,2411.5
10185,15378,104,3,81889.5
10186,15379,125,1,33874.76
10187,15379,158,1,8755.31
10188,15380,139,4,15537.18
10189,15380,128,1,29206.12
10190,15381,185,1,6112.84
10191,15382,171,1,3568.28
10192,15383,106,2,55502.02
10193,15383,114,2,3777.95
10194,15384,181,1,1781.12
10195,15385,167,1,3231.27
10196,15386,180,1,2338.77
10197,15387,176,1,8172.55
10198,15387,130,1,28210.42
10199,15388,164,1,9554.0
10200,15388,101,1,81575.18
10201,15388,130,1,35263.03
10202,15389,172,1,1068.75
10203,15390,176,1,9134.02
10204,15391,175,1,5134.73
10205,15391,103,1,82632.31
10206,15392,167,1,3801.49
10207,15392,119,1,3569.16
10208,15393,156,3,1046.66
10209,15393,118,1,2030.18
10210,15394,134,3,13265.33
10211,15395,106,1,62031.68
10212,15395,114,1,3976.79
10213,15396,162,2,9869.72
10214,15396,170,1,2201.22
10215,15397,157,1,10756.16
10216,15398,109,1,3436.63
10217,15399,204,1,945.44
10218,15399,158,1,8755.31
10219,15399,191,1,4378.43
10220,15399,172,1,1257.35
10221,15400,186,1,5607.04
10222,15400,183,1,1243.0
10223,15400,174,1,5885.54
10224,15401,114,1,3976.79
10225,15401,113,1,5680.63
10226,15402,209,1,2154.54
10227,15403,126,1,15011.5
10228,15404,165,1,11027.91
10229,15404,113,1,5396.6
10230,15405,168,3,11952.32
10231,15406,112,1,8425.99
10232,15407,156,1,1231.36
10233,15408,190,1,4566.54
10234,15408,102,1,78709.55
10235,15409,143,3,4895.78
10236,15409,128,3,32451.24
10237,15409,168,1,11354.7
10238,15410,162,1,9869.72
10239,15411,132,2,15807.02
10240,15411,116,1,1084.1
10241,15412,125,1,33874.76
10242,15413,165,1,9925.12
10243,15414,156,2,1108.22
10244,15415,141,1,15737.21
10245,15415,147,2,35167.63
10246,15416,169,4,2712.94
10247,15416,163,1,13571.6
10248,15417,117,2,2850.75
10249,15418,210,2,1020.2
10250,15418,182,1,1906.06
10251,15419,128,2,32451.24
10252,15419,108,1,31135.7
10253,15420,219,1,3245.89
10254,15420,129,1,31261.58
10255,15421,212,1,2154.9
10256,15421,142,1,12851.6
10257,15421,153,1,706.69
10258,15421,150,2,1770.61
10259,15422,156,1,1231.36
10260,15423,184,1,1246.83
10261,15423,173,1,5966.68
10262,15424,102,1,70838.6
10263,15424,175,1,5134.73
10264,15424,112,1,8869.46
10265,15425,180,1,2338.77
10266,15425,119,1,3965.73
10267,15425,177,1,1545.08
10268,15426,121,1,10726.43
10269,15426,102,1,66903.12
10270,15427,220,1,8932.59
10271,15428,171,1,3211.45
10272,15428,128,3,25960.99
10273,15429,170,2,1956.64
10274,15429,180,2,2104.89
10275,15430,152,2,2831.05
10276,15431,122,3,11330.86
10277,15432,101,1,77496.42
10278,15433,211,1,1463.79
10279,15434,123,3,12491.16
10280,15434,147,2,39305.0
10281,15434,150,2,1677.42
10282,15435,117,1,2708.21
10283,15436,101,3,73417.66
10284,15436,133,2,21688.11
10285,15436,187,1,3646.21
10286,15437,131,1,18769.56
10287,15437,125,1,31992.83
10288,15438,101,3,81575.18
10289,15438,112,1,7982.51
10290,15438,188,1,5431.22
10291,15438,103,2,69585.1
10292,15439,180,1,2338.77
10293,15439,203,1,1043.64
10294,15440,110,1,2845.14
10295,15440,107,1,52550.35
10296,15441,175,3,5134.73
10297,15441,184,2,1184.49
10298,15441,185,1,5501.56
10299,15442,104,1,81889.5
10300,15443,121,1,10726.43
10301,15443,173,2,5615.7
10302,15443,104,1,65511.6
10303,15444,101,2,77496.42
10304,15444,133,1,21688.11
10305,15445,102,1,70838.6
10306,15446,156,2,1231.36
10307,15446,123,1,12491.16
10308,15446,102,1,78709.55
10309,15447,159,1,7695.17
10310,15447,155,1,1743.47
10311,15447,196,2,2361.19
10312,15448,160,1,4212.93
10313,15448,189,1,2268.31
10314,15449,119,1,3965.73
10315,15449,127,1,35945.7
10316,15450,104,1,77795.02
10317,15450,206,1,3566.37
10318,15451,108,1,32865.46
10319,15451,156,2,1046.66
10320,15452,182,1,1620.15
10321,15452,178,1,938.23
10322,15453,112,1,8869.46
10323,15453,132,1,17563.36
10324,15453,131,1,16892.6
10325,15453,156,2,1231.36
10326,15454,130,1,31736.73
10327,15455,130,1,28210.42
10328,15456,108,4,34595.22
10329,15457,175,1,5134.73
10330,15457,121,2,9653.79
10331,15458,130,1,29973.58
10332,15458,118,2,2537.73
10333,15459,175,1,4877.99
10334,15460,117,1,2850.75
10335,15461,119,1,3965.73
10336,15462,123,1,10617.49
10337,15463,103,1,78283.24
10338,15464,120,2,1337.06
10339,15465,181,2,1781.12
10340,15465,163,1,13571.6
10341,15465,152,1,2689.5
10342,15465,115,1,3314.34
10343,15466,171,1,3211.45
10344,15466,131,2,17831.08
10345,15467,124,2,11200.05
10346,15467,117,1,2708.21
10347,15467,165,1,9925.12
10348,15467,112,2,7095.57
10349,15468,136,2,7785.98
10350,15469,109,3,3436.63
10351,15470,130,2,33499.88
10352,15470,116,1,1204.55
10353,15471,171,1,3389.87
10354,15472,183,2,1118.7
10355,15473,135,1,20409.16
10356,15474,194,4,6134.16
10357,15475,130,2,31736.73
10358,15475,102,1,70838.6
10359,15476,126,2,18764.38
10360,15476,129,1,36778.33
10361,15476,213,1,2055.59
10362,15476,161,1,7452.22
10363,15477,103,1,86981.38
10364,15478,112,2,8869.46
10365,15478,126,1,17826.16
10366,15479,193,3,7008.71
10367,15479,161,1,8383.75
10368,15480,161,1,9315.28
10369,15480,137,1,11699.51
10370,15480,102,1,78709.55
10371,15481,128,1,29206.12
10372,15481,110,1,2560.63
10373,15481,164,1,9554.0
10374,15481,179,1,1276.14
10375,15482,184,1,1246.83
10376,15482,113,1,5396.6
10377,15483,105,2,49176.91
10378,15484,158,1,9728.12
10379,15485,104,2,69606.08
10380,15486,114,1,3976.79
10381,15487,105,1,49176.91
10382,15488,101,1,69338.9
10383,15488,140,1,8722.76
10384,15489,104,1,81889.5
10385,15490,121,1,9653.79
10386,15490,173,3,5615.7
10387,15491,174,1,5885.54
10388,15492,110,1,2418.37
10389,15492,132,1,15807.02
10390,15492,152,3,2547.95
10391,15493,105,1,49176.91
10392,15493,134,1,13963.51
10393,15493,148,1,27380.7
10394,15494,208,1,1947.38
10395,15494,165,1,10476.51
10396,15495,166,1,8906.32
10397,15496,181,3,1603.01
10398,15496,123,2,12491.16
10399,15496,114,1,3976.79
10400,15497,115,1,2651.47
10401,15498,165,2,11027.91
10402,15499,117,2,2565.68
10403,15500,180,1,2338.77
10404,15501,176,1,9134.02
10405,15501,118,1,2283.96
10406,15502,138,2,15338.04
10407,15502,186,1,5607.04
10408,15503,168,1,10757.09
10409,15503,132,1,17563.36
10410,15503,180,2,2338.77
10411,15504,169,2,2863.66
10412,15504,161,2,8849.52
10413,15505,137,1,11699.51
10414,15505,194,1,6457.01
10415,15506,109,2,3436.63
10416,15506,164,1,9554.0
10417,15506,129,1,33100.5
10418,15506,182,1,1715.45
10419,15507,103,1,86981.38
10420,15508,108,4,32865.46
10421,15508,220,1,7592.7
10422,15509,112,1,8425.99
10423,15509,177,1,1545.08
10424,15509,116,1,1023.87
10425,15510,140,1,8722.76
10426,15510,161,1,7452.22
10427,15510,168,2,11354.7
10428,15511,188,1,5431.22
10429,15512,172,1,1194.48
10430,15513,165,1,11027.91
10431,15513,143,1,5439.75
10432,15514,138,1,13804.24
10433,15515,107,1,52550.35
10434,15515,126,1,18764.38
10435,15516,187,2,3281.59
10436,15516,169,1,2712.94
10437,15517,104,1,81889.5
10438,15518,113,2,4544.5
10439,15518,213,2,1934.67
10440,15519,135,1,19388.7
10441,15520,135,1,18368.24
10442,15520,120,1,1136.5
10443,15520,137,3,12999.46
10444,15521,212,2,2154.9
10445,15521,156,2,1231.36
10446,15521,180,1,1987.95
10447,15521,102,1,70838.6
10448,15521,131,1,15954.13
10449,15522,105,1,44259.22
10450,15522,174,1,5591.26
10451,15523,157,2,11322.27
10452,15523,162,1,10389.18
10453,15524,110,1,2418.37
10454,15524,157,1,11322.27
10455,15525,112,2,8425.99
10456,15525,114,1,3976.79
10457,15526,171,1,3568.28
10458,15526,124,3,11200.05
10459,15527,149,2,824.78
10460,15528,182,3,1810.76
10461,15528,115,1,2651.47
10462,15529,170,2,2323.51
10463,15530,140,1,8286.62
10464,15531,141,1,15737.21
10465,15531,157,2,11322.27
10466,15532,202,1,740.62
10467,15533,118,1,2410.84
10468,15534,149,1,783.54
10469,15534,107,1,52550.35
10470,15534,125,3,35756.69
10471,15534,117,1,2850.75
10472,15535,187,2,3099.28
10473,15535,163,1,11535.86
10474,15535,129,2,36778.33
10475,15536,148,1,28821.79
10476,15537,134,2,13963.51
10477,15537,132,1,17563.36
10478,15537,109,1,2921.14
10479,15537,136,1,7785.98
10480,15538,150,1,1863.8
10481,15538,122,1,12589.84
10482,15539,126,1,18764.38
10483,15540,162,1,10389.18
10484,15541,168,1,11354.7
10485,15542,179,2,1276.14
10486,15543,157,1,11322.27
10487,15544,216,1,5219.58
10488,15544,121,1,10726.43
10489,15544,178,2,844.41
10490,15545,172,1,1257.35
10491,15546,182,2,1524.85
10492,15547,143,1,5167.76
10493,15548,110,1,2845.14
10494,15548,101,1,69338.9
10495,15549,130,3,33499.88
10496,15550,120,1,1337.06
10497,15551,148,1,25939.61
10498,15551,166,2,7570.37
10499,15551,135,1,20409.16
10500,15551,208,1,1947.38
10501,15552,121,4,9653.79
10502,15552,123,1,11242.04
10503,15552,107,2,47295.32
10504,15553,168,1,10757.09
10505,15554,208,1,1752.64
10506,15554,156,1,1231.36
10507,15555,151,1,1390.83
10508,15555,115,1,3148.62
10509,15556,193,2,6658.27
10510,15557,123,1,12491.16
10511,15557,104,1,77795.02
10512,15558,141,1,14163.49
10513,15559,157,1,11322.27
10514,15560,175,1,5134.73
10515,15560,128,1,29206.12
10516,15561,111,1,9822.71
10517,15561,161,3,8849.52
10518,15562,106,2,62031.68
10519,15562,116,1,1204.55
10520,15562,121,2,10726.43
10521,15563,117,1,2850.75
10522,15564,129,2,31261.58
10523,15564,139,1,17263.53
10524,15565,144,1,13675.5
10525,15566,171,1,3211.45
10526,15566,124,1,11200.05
10527,15567,146,2,61738.52
10528,15568,183,1,994.4
10529,15568,134,1,13963.51
10530,15569,120,2,1203.35
10531,15569,180,1,2221.83
10532,15569,123,1,12491.16
10533,15570,183,2,1056.55
10534,15570,168,2,10159.47
10535,15571,169,2,3014.38
10536,15572,101,1,81575.18
10537,15572,129,1,33100.5
10538,15572,102,2,70838.6
10539,15573,128,2,29206.12
10540,15574,115,3,2982.91
10541,15574,122,1,11960.35
10542,15575,130,1,28210.42
10543,15575,132,2,14928.86
10544,15576,102,1,70838.6
10545,15576,130,3,33499.88
10546,15577,123,1,12491.16
10547,15578,128,1,27583.55
10548,15578,218,1,7496.47
10549,15578,108,1,29405.94
10550,15578,113,1,5396.6
10551,15579,115,1,3314.34
10552,15580,171,3,3033.04
10553,15580,124,1,11200.05
10554,15580,218,1,8329.41
10555,15581,146,1,61738.52
10556,15581,157,1,11322.27
10557,15582,125,2,37638.62
10558,15582,102,1,66903.12
10559,15583,128,1,32451.24
10560,15584,132,1,16685.19
10561,15585,188,1,5431.22
10562,15586,124,1,11200.05
10563,15586,115,1,3148.62
10564,15586,117,4,2708.21
10565,15587,205,1,3006.35
10566,15588,159,2,7695.17
10567,15588,104,1,81889.5
10568,15588,162,1,9350.26
10569,15589,163,1,13571.6
10570,15590,154,2,1723.61
10571,15590,129,1,33100.5
10572,15591,217,1,2092.86
10573,15591,116,2,1204.55
10574,15592,111,1,10914.12
10575,15592,128,1,27583.55
10576,15592,206,1,2853.1
10577,15593,112,1,8425.99
10578,15594,167,1,3611.42
10579,15595,137,1,12999.46
10580,15596,176,1,9614.76
10581,15596,130,1,31736.73
10582,15596,145,1,50434.54
10583,15596,103,1,78283.24
10584,15597,144,1,13675.5
10585,15598,181,2,1603.01
10586,15598,127,2,32351.13
10587,15599,125,1,37638.62
10588,15599,173,2,7019.62
10589,15600,159,2,6540.89
10590,15601,106,1,65296.5
10591,15601,165,2,11027.91
10592,15602,107,2,52550.35
10593,15603,185,1,6112.84
10594,15604,127,1,32351.13
10595,15605,166,4,7570.37
10596,15606,203,1,1043.64
10597,15606,218,2,7496.47
10598,15607,202,1,822.91
10599,15608,122,1,11960.35
10600,15609,128,2,32451.24
10601,15610,167,1,3801.49
10602,15610,166,2,8015.69
10603,15610,128,1,30828.68
10604,15610,211,1,1545.11
10605,15611,219,4,3083.6
10606,15611,217,1,2092.86
10607,15612,121,1,9117.47
10608,15612,157,1,10190.04
10609,15613,109,1,3436.63
10610,15614,105,3,49176.91
10611,15615,192,1,2510.45
10612,15615,131,1,17831.08
10613,15615,104,1,73700.55
10614,15616,181,1,1692.06
10615,15616,104,2,73700.55
10616,15617,149,1,783.54
10617,15617,157,1,11322.27
10618,15618,181,1,1781.12
10619,15618,106,3,65296.5
10620,15618,216,2,5494.29
10621,15619,181,3,1692.06
10622,15619,139,1,15537.18
10623,15619,166,1,7125.06
10624,15620,127,1,35945.7
10625,15621,128,2,30828.68
10626,15622,162,1,9869.72
10627,15623,105,1,49176.91
10628,15624,116,1,1084.1
10629,15625,108,1,32865.46
10630,15625,104,1,81889.5
10631,15626,105,1,41800.37
10632,15627,175,1,5134.73
10633,15627,113,1,5396.6
10634,15628,111,2,10368.41
10635,15628,132,1,17563.36
10636,15629,109,3,3436.63
10637,15629,150,1,1770.61
10638,15630,113,1,5680.63
10639,15631,170,1,2445.8
10640,15631,123,1,11242.04
10641,15631,189,1,2520.34
10642,15632,101,2,81575.18
10643,15633,102,1,74774.07
10644,15633,156,1,1231.36
10645,15634,159,1,7310.41
10646,15635,204,1,995.2
10647,15636,122,2,12589.84
10648,15637,128,4,32451.24
10649,15637,178,2,938.23
10650,15637,186,1,5326.69
10651,15638,148,3,25939.61
10652,15639,153,1,789.83
10653,15640,167,1,3231.27
10654,15640,190,1,4806.88
10655,15641,132,1,17563.36
10656,15642,109,2,3264.8
10657,15642,195,1,3142.6
10658,15643,188,1,5159.66
10659,15643,105,1,49176.91
10660,15644,123,2,11866.6
10661,15644,220,1,8932.59
10662,15645,131,1,17831.08
10663,15645,140,1,8722.76
10664,15645,186,1,5326.69
10665,15646,122,1,11960.35
10666,15646,187,1,3646.21
10667,15647,141,2,15737.21
10668,15648,153,1,831.4
10669,15649,143,2,5167.76
10670,15649,114,1,3579.11
10671,15649,162,1,9869.72
10672,15649,178,1,938.23
10673,15650,200,3,5129.71
10674,15651,110,1,2560.63
10675,15652,177,1,1467.83
10676,15653,188,1,5431.22
10677,15653,167,2,3801.49
10678,15653,114,1,3777.95
10679,15653,203,1,834.91
10680,15654,120,1,1337.06
10681,15654,104,1,81889.5
10682,15654,211,1,1545.11
10683,15655,122,1,10701.36
10684,15656,131,1,16892.6
10685,15656,160,1,4212.93
10686,15657,108,1,34595.22
10687,15657,131,1,15954.13
10688,15658,112,1,8869.46
10689,15658,187,1,3646.21
10690,15659,178,1,891.32
10691,15660,119,3,3965.73
10692,15661,135,3,20409.16
10693,15661,102,1,70838.6
10694,15662,178,1,797.5
10695,15662,170,2,2445.8
10696,15663,133,1,21688.11
10697,15663,119,2,3767.44
10698,15664,171,1,3033.04
10699,15664,124,2,10080.04
10700,15664,113,2,5396.6
10701,15665,119,1,3965.73
10702,15666,125,1,37638.62
10703,15666,108,4,34595.22
10704,15666,175,1,4364.52
10705,15667,187,1,3646.21
10706,15668,186,2,5607.04
10707,15668,177,1,1467.83
10708,15669,204,1,995.2
10709,15669,131,1,18769.56
10710,15670,112,1,7539.04
10711,15670,183,1,1180.85
10712,15671,217,1,2092.86
10713,15671,177,1,1390.57
10714,15672,109,1,3436.63
10715,15672,157,1,10190.04
10716,15672,139,1,16400.35
10717,15672,183,2,1243.0
10718,15672,101,1,65260.14
10719,15673,110,4,2845.14
10720,15673,121,2,10726.43
10721,15674,187,1,3646.21
10722,15675,156,1,1231.36
10723,15675,102,1,78709.55
10724,15676,119,1,3767.44
10725,15676,151,1,1468.1
10726,15676,120,3,1337.06
10727,15676,108,1,34595.22
10728,15677,109,1,3436.63
10729,15678,102,1,78709.55
10730,15678,135,1,20409.16
10731,15679,180,1,2104.89
10732,15680,124,1,10640.05
10733,15681,101,1,81575.18
10734,15682,134,1,13963.51
10735,15682,164,1,9554.0
10736,15682,180,1,2221.83
10737,15683,105,1,49176.91
10738,15684,158,1,9728.12
10739,15685,128,1,29206.12
10740,15685,140,3,7850.48
10741,15685,110,1,2845.14
10742,15686,170,1,2201.22
10743,15687,174,1,5885.54
10744,15687,147,2,37236.31
10745,15688,102,1,78709.55
10746,15688,156,2,1231.36
10747,15688,217,1,2203.01
10748,15689,108,1,32865.46
10749,15690,166,1,8461.0
10750,15690,182,1,1810.76
10751,15690,128,1,32451.24
10752,15691,101,2,77496.42
10753,15692,112,3,8869.46
10754,15692,146,1,61738.52
10755,15693,153,1,748.26
10756,15694,111,1,10368.41
10757,15694,206,1,3031.41
10758,15695,125,1,31992.83
10759,15695,108,1,29405.94
10760,15695,174,1,5002.71
10761,15695,118,1,2537.73
10762,15696,146,1,61738.52
10763,15696,177,1,1545.08
10764,15696,178,1,891.32
10765,15697,174,3,5885.54
10766,15697,122,1,12589.84
10767,15697,180,1,2338.77
10768,15698,170,3,2323.51
10769,15698,141,1,14950.35
10770,15699,107,2,52550.35
10771,15699,115,2,3148.62
10772,15699,168,1,11952.32
10773,15699,120,1,1203.35
10774,15700,175,1,5134.73
10775,15700,125,1,37638.62
10776,15701,142,1,12209.02
10777,15701,128,4,30828.68
10778,15701,189,2,2520.34
10779,15702,181,3,1781.12
10780,15703,129,2,36778.33
10781,15703,220,2,8485.96
10782,15704,130,1,29973.58
10783,15705,186,3,5607.04
10784,15706,145,2,45391.09
10785,15706,207,3,4375.21
10786,15707,182,1,1620.15
10787,15708,130,1,35263.03
10788,15708,123,1,11242.04
10789,15709,130,1,28210.42
10790,15709,122,1,12589.84
10791,15710,139,1,17263.53
10792,15710,121,2,10726.43
10793,15710,218,1,7496.47
10794,15711,126,1,18764.38
10795,15711,110,1,2418.37
10796,15711,148,1,28821.79
10797,15711,204,1,995.2
10798,15711,161,1,9315.28
10799,15712,180,1,1871.02
10800,15713,125,1,37638.62
10801,15713,117,3,2850.75
10802,15714,115,1,2982.91
10803,15715,151,1,1468.1
10804,15716,147,1,41373.68
10805,15717,149,1,742.3
10806,15717,156,1,1046.66
10807,15718,169,4,3014.38
10808,15718,194,1,5165.61
10809,15718,197,1,3819.28
10810,15718,118,3,2537.73
10811,15719,154,2,1551.25
10812,15720,112,1,8869.46
10813,15720,125,1,37638.62
10814,15720,167,2,3231.27
10815,15721,122,1,10071.87
10816,15722,156,3,1231.36
10817,15722,104,2,81889.5
10818,15722,113,1,5112.57
10819,15722,129,1,33100.5
10820,15723,121,1,10190.11
10821,15723,125,3,31992.83
10822,15723,179,2,1417.93
10823,15724,194,1,5811.31
10824,15724,161,2,9315.28
10825,15724,120,1,1203.35
10826,15725,138,1,15338.04
10827,15725,128,1,30828.68
10828,15726,174,2,5296.99
10829,15727,110,2,2702.88
10830,15727,118,1,2537.73
10831,15727,117,2,2565.68
10832,15728,211,1,1545.11
10833,15728,183,1,1118.7
10834,15729,130,1,29973.58
10835,15730,142,2,10923.86
10836,15730,154,2,1551.25
10837,15730,183,1,1243.0
10838,15731,163,1,13571.6
10839,15732,208,1,1947.38
10840,15733,116,3,963.64
10841,15734,159,1,7695.17
10842,15734,177,1,1313.32
10843,15735,124,1,10080.04
10844,15735,193,1,7008.71
10845,15736,199,1,6441.87
10846,15737,129,1,36778.33
10847,15738,105,1,49176.91
10848,15739,108,1,34595.22
10849,15739,118,2,2410.84
10850,15740,113,1,5396.6
10851,15740,103,1,73934.17
10852,15740,151,1,1468.1
10853,15740,122,1,11330.86
10854,15741,141,1,12589.77
10855,15742,111,2,10368.41
10856,15742,137,1,12999.46
10857,15743,102,2,74774.07
10858,15744,157,1,11322.27
10859,15745,178,2,938.23
10860,15745,156,1,1169.79
10861,15746,175,1,4621.26
10862,15747,179,1,1417.93
10863,15747,181,2,1781.12
10864,15748,113,1,5112.57
10865,15748,146,1,61738.52
10866,15749,151,3,1545.37
10867,15750,128,2,25960.99
10868,15751,176,1,9614.76
10869,15752,198,2,5797.42
10870,15753,107,1,47295.32
10871,15753,122,2,12589.84
10872,15753,159,1,7695.17
10873,15753,220,2,8485.96
10874,15754,128,1,29206.12
10875,15755,106,2,58766.85
10876,15755,133,2,21688.11
10877,15755,111,1,9822.71
10878,15756,185,1,6112.84
10879,15756,114,1,3976.79
10880,15757,164,1,9554.0
10881,15758,148,2,28821.79
10882,15758,132,2,14928.86
10883,15758,211,1,1626.43
10884,15758,110,1,2845.14
10885,15758,144,1,15195.0
10886,15759,148,2,28821.79
10887,15759,118,2,2410.84
10888,15759,204,1,995.2
10889,15760,117,1,2708.21
10890,15761,101,2,73417.66
10891,15762,211,3,1626.43
10892,15763,179,1,1417.93
10893,15763,112,1,7095.57
10894,15764,104,1,81889.5
10895,15764,176,1,9614.76
10896,15764,112,2,8869.46
10897,15765,107,1,49922.83
10898,15765,152,1,2831.05
10899,15765,185,1,5501.56
10900,15766,123,1,10617.49
10901,15767,171,3,3568.28
10902,15768,101,1,81575.18
10903,15768,180,1,2104.89
10904,15769,161,3,7917.99
10905,15770,204,2,845.92
10906,15770,186,2,5326.69
10907,15771,101,2,77496.42
10908,15771,102,2,66903.12
10909,15772,106,1,65296.5
10910,15773,141,1,15737.21
10911,15773,167,1,3421.34
10912,15774,143,2,4351.8
10913,15774,122,1,11330.86
10914,15775,171,1,3389.87
10915,15776,183,1,1056.55
10916,15777,120,1,1136.5
10917,15778,115,1,3314.34
10918,15778,184,1,1122.15
10919,15779,169,2,2863.66
10920,15779,188,1,4888.1
10921,15780,121,3,10190.11
10922,15780,154,1,1723.61
10923,15780,174,2,5885.54
10924,15780,158,3,9728.12
10925,15781,133,1,21688.11
10926,15782,143,3,4351.8
10927,15783,163,2,12214.44
10928,15784,143,2,5439.75
10929,15785,114,2,3380.27
10930,15786,173,1,6317.66
10931,15787,132,1,17563.36
10932,15787,187,1,3099.28
10933,15788,170,1,2445.8
10934,15789,191,2,4621.67
10935,15789,109,1,3436.63
10936,15789,105,1,49176.91
10937,15790,111,1,9822.71
10938,15790,168,3,10159.47
10939,15791,122,1,11330.86
10940,15791,124,1,8960.04
10941,15792,154,1,1637.43
10942,15793,104,4,77795.02
10943,15793,219,1,3245.89
10944,15794,154,1,1723.61
10945,15795,186,1,5046.34
10946,15795,105,3,44259.22
10947,15796,174,2,5885.54
10948,15796,220,1,8039.33
10949,15797,128,1,32451.24
10950,15797,122,1,11330.86
10951,15798,158,2,9241.71
10952,15799,103,4,78283.24
10953,15799,163,1,12893.02
10954,15800,165,1,9373.72
10955,15801,127,1,34148.41
10956,15802,121,1,10726.43
10957,15802,166,1,7570.37
10958,15803,168,1,10757.09
10959,15804,106,1,65296.5
10960,15804,215,1,2663.28
10961,15805,149,1,824.78
10962,15806,136,1,6618.08
10963,15806,150,1,1677.42
10964,15807,106,2,58766.85
10965,15807,102,2,78709.55
10966,15807,123,4,12491.16
10967,15808,124,1,11200.05
10968,15808,115,1,3314.34
10969,15808,123,1,12491.16
10970,15809,208,1,1947.38
10971,15810,176,1,9614.76
10972,15811,118,1,2537.73
10973,15811,132,1,15807.02
10974,15811,105,1,49176.91
10975,15812,122,1,10701.36
10976,15813,156,2,1231.36
10977,15814,151,1,1545.37
10978,15814,123,1,11242.04
10979,15815,176,2,9614.76
10980,15815,120,1,1270.21
10981,15816,128,1,32451.24
10982,15816,138,1,13804.24
10983,15816,130,1,33499.88
10984,15816,131,1,18769.56
10985,15817,167,1,3421.34
10986,15817,131,4,18769.56
10987,15818,144,2,15195.0
10988,15818,130,1,29973.58
10989,15818,188,1,5431.22
10990,15819,115,1,3314.34
10991,15819,154,1,1551.25
10992,15819,129,1,33100.5
10993,15819,130,1,35263.03
10994,15820,113,1,4828.54
10995,15820,124,1,10080.04
10996,15820,166,2,7125.06
10997,15820,110,1,2845.14
10998,15821,113,1,5396.6
10999,15821,150,1,1584.23
11000,15822,146,1,61738.52
11001,15823,153,3,748.26
11002,15824,168,1,10757.09
11003,15825,123,1,11866.6
11004,15825,101,1,81575.18
11005,15825,121,1,9117.47
11006,15826,125,1,37638.62
11007,15827,219,1,3245.89
11008,15828,184,1,1122.15
11009,15829,199,1,6102.83
11010,15829,102,1,70838.6
11011,15830,150,3,1863.8
11012,15830,201,1,1009.33
11013,15831,104,1,65511.6
11014,15832,179,1,1347.03
11015,15833,124,2,8960.04
11016,15834,158,1,9728.12
11017,15835,174,1,5885.54
11018,15836,106,1,55502.02
11019,15836,118,1,2537.73
11020,15836,184,1,1184.49
11021,15836,128,2,32451.24
11022,15836,151,1,1545.37
11023,15837,101,1,77496.42
11024,15837,136,1,7396.68
11025,15837,162,1,10389.18
11026,15837,178,1,797.5
11027,15837,171,1,3568.28
11028,15838,102,1,70838.6
11029,15839,178,1,797.5
11030,15839,193,2,6658.27
11031,15840,205,1,2705.72
11032,15840,189,1,2268.31
11033,15840,114,1,3976.79
11034,15840,190,2,4566.54
11035,15841,172,1,1131.62
11036,15841,108,1,34595.22
11037,15842,149,1,824.78
11038,15842,193,4,7008.71
11039,15842,121,1,9653.79
11040,15842,157,2,9057.82
11041,15843,107,1,49922.83
11042,15844,111,1,9822.71
11043,15845,200,1,4844.73
11044,15846,134,1,13265.33
11045,15846,128,1,32451.24
11046,15846,119,4,3569.16
11047,15846,178,1,938.23
11048,15847,187,1,2916.97
11049,15848,117,1,2850.75
11050,15849,108,2,34595.22
11051,15849,216,1,5219.58
11052,15849,186,4,5607.04
11053,15850,211,1,1626.43
11054,15851,192,3,2510.45
11055,15851,120,2,1337.06
11056,15852,179,1,1417.93
11057,15853,154,1,1723.61
11058,15854,103,2,78283.24
11059,15854,158,1,9241.71
11060,15855,194,1,6457.01
11061,15856,160,1,4212.93
11062,15857,162,1,9869.72
11063,15858,105,1,44259.22
11064,15859,172,1,1194.48
11065,15860,187,3,3099.28
11066,15860,148,2,28821.79
11067,15860,147,1,41373.68
11068,15860,119,1,3569.16
11069,15861,108,1,31135.7
11070,15861,111,1,10368.41
11071,15861,115,1,3314.34
11072,15861,210,2,969.19
11073,15862,157,1,10756.16
11074,15863,173,1,7019.62
11075,15864,160,1,3580.99
11076,15864,127,1,32351.13
11077,15865,121,1,9653.79
11078,15865,105,2,46718.06
11079,15865,117,2,2850.75
11080,15865,132,1,17563.36
11081,15866,192,1,2510.45
11082,15866,188,1,5431.22
11083,15867,109,1,3436.63
11084,15868,165,1,9373.72
11085,15869,130,1,35263.03
11086,15870,116,1,1084.1
11087,15870,174,1,5296.99
11088,15871,163,1,13571.6
11089,15871,141,1,15737.21
11090,15872,118,2,2537.73
11091,15872,104,1,77795.02
11092,15872,129,1,33100.5
11093,15873,166,1,8906.32
11094,15873,101,2,77496.42
11095,15873,214,1,2379.88
11096,15874,166,1,8906.32
11097,15875,197,2,4020.29
11098,15875,186,3,5046.34
11099,15876,106,2,65296.5
11100,15876,103,2,86981.38
11101,15876,129,1,33100.5
11102,15877,130,2,35263.03
11103,15877,183,2,1243.0
11104,15878,113,1,5680.63
11105,15878,118,1,2410.84
11106,15879,111,1,10914.12
11107,15879,112,1,8869.46
11108,15880,114,1,3579.11
11109,15880,105,1,49176.91
11110,15880,127,1,35945.7
11111,15880,113,1,5680.63
11112,15881,170,1,2445.8
11113,15881,189,2,2520.34
11114,15881,110,1,2845.14
11115,15882,173,1,6668.64
11116,15883,170,1,2445.8
11117,15883,202,1,740.62
11118,15883,101,1,77496.42
11119,15884,188,1,5431.22
11120,15885,105,1,39341.53
11121,15885,175,1,5134.73
11122,15885,168,1,11952.32
11123,15885,190,3,4326.19
11124,15886,108,1,34595.22
11125,15886,141,1,14163.49
11126,15887,134,1,13963.51
11127,15888,182,1,1906.06
11128,15888,143,2,5439.75
11129,15888,113,1,4828.54
11130,15889,176,1,9614.76
11131,15890,177,2,1545.08
11132,15891,173,4,6317.66
11133,15892,195,1,3308.0
11134,15892,119,3,3370.87
11135,15893,136,1,7007.38
11136,15894,194,1,5811.31
11137,15895,118,1,2410.84
11138,15896,159,1,7695.17
11139,15897,167,1,3421.34
11140,15897,106,2,65296.5
11141,15898,177,1,1545.08
11142,15898,127,1,34148.41
11143,15899,125,1,37638.62
11144,15900,182,1,1906.06
11145,15900,117,1,2423.14
11146,15901,107,1,44667.8
11147,15901,157,1,10190.04
11148,15902,147,2,41373.68
11149,15903,146,1,55564.67
11150,15904,123,1,10617.49
11151,15904,166,1,8015.69
11152,15905,167,1,3801.49
11153,15906,130,1,35263.03
11154,15907,117,1,2850.75
11155,15907,176,2,7691.81
11156,15907,130,1,35263.03
11157,15907,123,1,11866.6
11158,15907,114,1,3181.43
11159,15908,211,1,1545.11
11160,15908,125,2,31992.83
11161,15908,121,1,10726.43
11162,15909,165,1,10476.51
11163,15910,186,2,5607.04
11164,15911,144,1,15195.0
11165,15912,104,1,81889.5
11166,15912,132,1,17563.36
11167,15913,137,3,11699.51
11168,15914,126,1,18764.38
11169,15915,110,1,2560.63
11170,15916,214,4,2260.89
11171,15916,109,1,2921.14
11172,15917,123,1,9992.93
11173,15917,115,1,2651.47
11174,15918,116,1,1204.55
11175,15919,165,1,9925.12
11176,15920,119,1,3965.73
11177,15920,172,1,1131.62
11178,15920,184,1,1246.83
11179,15921,127,1,35945.7
11180,15922,117,1,2708.21
11181,15923,123,2,11866.6
11182,15923,116,1,1084.1
11183,15923,119,1,3965.73
11184,15924,112,1,8425.99
11185,15925,138,1,15338.04
11186,15925,128,1,29206.12
11187,15926,128,2,32451.24
11188,15926,104,2,81889.5
11189,15926,188,1,5159.66
11190,15926,200,2,5129.71
11191,15927,185,1,6112.84
11192,15927,132,1,14928.86
11193,15927,175,3,5134.73
11194,15928,122,1,12589.84
11195,15928,123,1,11866.6
11196,15929,153,1,748.26
11197,15930,167,1,3041.19
11198,15930,108,1,34595.22
11199,15931,103,1,86981.38
11200,15931,142,1,12851.6
11201,15931,114,2,3181.43
11202,15932,126,1,18764.38
11203,15932,174,1,5296.99
11204,15933,210,1,918.18
11205,15933,178,1,938.23
11206,15934,185,1,6112.84
11207,15934,184,1,1246.83
11208,15935,169,1,3014.38
11209,15935,168,2,11952.32
11210,15935,173,2,6317.66
11211,15935,155,2,1743.47
11212,15935,151,1,1545.37
11213,15936,186,2,5607.04
11214,15936,103,3,82632.31
11215,15936,122,3,12589.84
11216,15937,124,2,11200.05
11217,15938,132,1,17563.36
11218,15938,204,1,945.44
11219,15939,105,2,49176.91
11220,15940,127,1,32351.13
11221,15940,133,1,19519.3
11222,15941,140,2,8722.76
11223,15942,107,2,52550.35
11224,15943,117,1,2565.68
11225,15943,132,2,16685.19
11226,15943,131,2,16892.6
11227,15943,105,1,49176.91
11228,15944,109,1,3264.8
11229,15945,170,1,2323.51
11230,15945,119,1,3569.16
11231,15946,160,4,4002.28
11232,15947,115,1,2982.91
11233,15948,112,1,8869.46
11234,15949,128,1,32451.24
11235,15949,123,2,12491.16
11236,15950,127,1,32351.13
11237,15951,118,1,2537.73
11238,15952,149,2,824.78
11239,15953,175,1,5134.73
11240,15954,153,1,831.4
11241,15955,137,1,12999.46
11242,15955,149,1,824.78
11243,15956,163,2,12214.44
11244,15956,173,1,7019.62
11245,15956,199,3,6441.87
11246,15957,114,2,3976.79
11247,15958,129,2,36778.33
11248,15959,181,1,1781.12
11249,15959,184,1,1184.49
11250,15959,151,1,1468.1
11251,15960,108,2,32865.46
11252,15961,127,1,35945.7
11253,15961,128,1,32451.24
11254,15962,134,1,12567.16
11255,15963,123,2,12491.16
11256,15963,130,1,35263.03
11257,15963,214,1,2379.88
11258,15964,174,1,5885.54
11259,15964,182,2,1906.06
11260,15965,110,1,2702.88
11261,15965,194,2,6457.01
11262,15965,132,1,16685.19
11263,15966,109,1,3436.63
11264,15966,103,1,78283.24
11265,15966,104,1,77795.02
11266,15967,170,1,2078.93
11267,15968,112,1,7095.57
11268,15968,157,1,10190.04
11269,15969,107,1,52550.35
11270,15969,131,1,16892.6
11271,15970,114,2,3976.79
11272,15971,127,1,28756.56
11273,15972,206,1,3209.73
11274,15973,131,2,18769.56
11275,15974,140,1,8722.76
11276,15975,153,1,748.26
11277,15975,123,1,12491.16
11278,15975,219,1,2921.3
11279,15976,102,1,66903.12
11280,15976,119,1,3965.73
11281,15977,159,1,7310.41
11282,15977,109,1,3264.8
11283,15978,212,1,2154.9
11284,15978,129,1,36778.33
11285,15979,112,1,8425.99
11286,15980,131,2,18769.56
11287,15980,132,1,17563.36
11288,15980,111,2,9822.71
11289,15981,110,1,2845.14
11290,15981,162,1,10389.18
11291,15982,115,1,3148.62
11292,15982,118,1,2283.96
11293,15983,105,1,41800.37
11294,15984,106,1,62031.68
11295,15984,120,1,1270.21
11296,15984,140,3,8722.76
11297,15985,129,3,31261.58
11298,15985,159,1,7310.41
11299,15986,176,1,9134.02
11300,15987,159,1,7310.41
11301,15987,113,1,5680.63
11302,15988,190,1,4806.88
11303,15988,109,4,3092.97
11304,15989,109,1,2921.14
11305,15989,128,1,25960.99
11306,15990,126,2,17826.16
11307,15991,192,1,2384.93
11308,15991,137,2,12349.49
11309,15991,116,2,1023.87
11310,15992,171,1,2854.62
11311,15992,151,1,1390.83
11312,15993,146,2,61738.52
11313,15993,161,1,9315.28
11314,15994,114,1,3380.27
11315,15995,150,1,1863.8
11316,15995,110,1,2702.88
11317,15995,129,1,36778.33
11318,15995,153,2,748.26
11319,15996,122,1,12589.84
11320,15997,126,1,18764.38
11321,15997,127,2,32351.13
11322,15998,165,2,11027.91
11323,15998,150,1,1863.8
11324,15998,118,2,2410.84
11325,15998,161,2,9315.28
11326,15999,105,1,49176.91
11327,15999,119,1,3569.16
11328,15999,111,2,10368.41
11329,16000,106,1,58766.85
